{"account-id":"373500","client-ref":"0266995059-1532654078","bureau-id":"EX","pulled-timestamp":"2018-07-27T01:14:38","report-id":"40828815","report":{"Addresses":{"Address":[{"ReportDate":"20180331","Relation":"Former Address","City":"","ZipCode":"0000","CityArea":"CAPE TOWN"},{"ReportDate":"20180331","Relation":"","City":"","ZipCode":"0000","CityArea":""},{"ReportDate":"20171031","Relation":"Primary Address","City":"","ZipCode":"0000","CityArea":""},{"ReportDate":"20171031","Relation":"Primary Address","City":"","ZipCode":"7530","CityArea":"BELLVILLE"},{"ReportDate":"20171031","Relation":"Primary Address","City":"","ZipCode":"7530","CityArea":"BELLVILLE"},{"ReportDate":"20170930","Relation":"Primary Address","City":"1","ZipCode":"0000","CityArea":"TOSCANA VILLAS"},{"ReportDate":"20170930","Relation":"Primary Address","City":"","ZipCode":"7550","CityArea":""},{"ReportDate":"20170930","Relation":"Primary Address","City":"1","ZipCode":"0000","CityArea":"TOSCANA VILLAS"},{"ReportDate":"20150915","Relation":"Primary Address","City":"","ZipCode":"7140","CityArea":""},{"ReportDate":"20150915","Relation":"Primary Address","City":"","ZipCode":"7140","CityArea":""},{"ReportDate":"20101130","Relation":"Primary Address","City":"","ZipCode":"7800","CityArea":""}]},"SubscriberInfo":{"LastUpdateDate":"","ParentSubscriber":"","BusinessType":"0","Phone":"","SAFPSMemberRegNbr":"","LegalName":""},"Detect":{"DisputeIndicator":"N","IDverification":{"SurnameVerified":"No","InitialsVerified":"One initial matched","IDverified":"No"},"DebtRestructure":{"code":""}},"Session":{"Environment":"PRODUCTION","User_ID":"CLEAROFFPK","RequestType":"XML2","Version":"1.0.0","GroupName":"014228","Group_ID":"014228","Subscriber_ID":"014228","FullName":"CLEAROFFPK"},"ScoreBlock":{"Delphi":[{"ScoreName":"Delphi New Business G4.1 Banki ","Scorecard_Identifier":"403","RequestID":"17","Score":"674","ReasonCode":"D302D306D308D309D310"}]},"Accounts":{"CPA":{"Other":[{"EndUseCode":"O","Repayment_Frequency_Code":"03","Installment":"0","Ownership_Type_Code":"00","History_of_most_recent_12_months":"???00","No_of_Participants_Joint_Loan":"  0","PaymentStatus":"00","CreditLimit":"0","RepaymentPeriod":"0000","Ownership_Type_Description":"Other","Subscriber":"THE UNLIMITED","StatusDate":"20180410","LastPayment":"999999999","OverdueAmount":"0","CurrentBalance":"0","Subscriber_Code":"999999","Account_Sold_Third_Party_Indicator":" 0","Payment_Type_Description":"Other","OpenBalance":"0","Repayment_Frequency_Desc":"Monthly","AccountType":{"value":"Short term insurance","code":"S "},"Third_Party_Name":"","Worst_history_in_the_last_12_months":"0","BalanceDate":"20180430","Worst_Payment_History":"0","PaymentCycle":{"Payment":[{"StatusDate":"20180701","Months":"??","Status":{"value":"No data","code":"??"}},{"StatusDate":"20180601","Months":"??","Status":{"value":"No data","code":"??"}},{"StatusDate":"20180501","Months":"??","Status":{"value":"No data","code":"??"}},{"StatusDate":"20180401","Months":"00","Status":{"value":"Cancelled by client","code":"G "}},{"StatusDate":"20180301","Months":"00","Status":{"value":"Open or current","code":"  "}}]},"AccountNo":"25b370b20ceda7be61947a0300c6912f3e158a1d786ef23dd87156321c90fc80","Industry_Code":"","Deferred_Payment_Date":"00000000","OpenDate":"20180323","LastPaymentDate":"00000000","Payment_Type_Code":"00","Status":{"value":"Cancelled by client","code":"G"}},{"EndUseCode":"O","Repayment_Frequency_Code":"03","Installment":"442","Ownership_Type_Code":"00","History_of_most_recent_12_months":"?000000000","No_of_Participants_Joint_Loan":"  0","PaymentStatus":"00","CreditLimit":"0","RepaymentPeriod":"0000","Ownership_Type_Description":"Other","Subscriber":"TELKOM NGN","StatusDate":"00000000","LastPayment":"442","OverdueAmount":"0","CurrentBalance":"442","Subscriber_Code":"200435","Account_Sold_Third_Party_Indicator":" 0","Payment_Type_Description":"Other","OpenBalance":"0","Repayment_Frequency_Desc":"Monthly","AccountType":{"value":"Service related without limit","code":"F "},"Third_Party_Name":"","Worst_history_in_the_last_12_months":"0","BalanceDate":"20180630","Worst_Payment_History":"0","PaymentCycle":{"Payment":[{"StatusDate":"20180701","Months":"??","Status":{"value":"No data","code":"??"}},{"StatusDate":"20180601","Months":"00","Status":{"value":"Open or current","code":"  "}},{"StatusDate":"20180501","Months":"00","Status":{"value":"Open or current","code":"  "}},{"StatusDate":"20180401","Months":"00","Status":{"value":"Open or current","code":"  "}},{"StatusDate":"20180301","Months":"00","Status":{"value":"Open or current","code":"  "}},{"StatusDate":"20180201","Months":"00","Status":{"value":"Open or current","code":"  "}},{"StatusDate":"20180101","Months":"00","Status":{"value":"Open or current","code":"  "}},{"StatusDate":"20171201","Months":"00","Status":{"value":"Open or current","code":"  "}},{"StatusDate":"20171101","Months":"00","Status":{"value":"Open or current","code":"  "}},{"StatusDate":"20171001","Months":"00","Status":{"value":"Open or current","code":"  "}}]},"AccountNo":"dbf9880c47157c1dcce9177c15e12e5881f6cfe131d198dc5b74ae92d750ae6c","Industry_Code":"","Deferred_Payment_Date":"00000000","OpenDate":"20170922","LastPaymentDate":"20180630","Payment_Type_Code":"00","Status":{"value":"Open or current","code":" "}},{"EndUseCode":"O","Repayment_Frequency_Code":"03","Installment":"1093","Ownership_Type_Code":"00","History_of_most_recent_12_months":"?0??0000000","No_of_Participants_Joint_Loan":"  1","PaymentStatus":"00","CreditLimit":"0","RepaymentPeriod":"0000","Ownership_Type_Description":"Other","Subscriber":"BROLINK - AIFA","StatusDate":"00000000","LastPayment":"1093","OverdueAmount":"0","CurrentBalance":"1093","Subscriber_Code":"103842","Account_Sold_Third_Party_Indicator":" 0","Payment_Type_Description":"Other","OpenBalance":"0","Repayment_Frequency_Desc":"Monthly","AccountType":{"value":"Short term insurance","code":"S "},"Third_Party_Name":"","Worst_history_in_the_last_12_months":"0","BalanceDate":"20180630","Worst_Payment_History":"0","PaymentCycle":{"Payment":[{"StatusDate":"20180701","Months":"??","Status":{"value":"No data","code":"??"}},{"StatusDate":"20180601","Months":"00","Status":{"value":"Open or current","code":"  "}},{"StatusDate":"20180501","Months":"??","Status":{"value":"Open or current","code":"  "}},{"StatusDate":"20180401","Months":"??","Status":{"value":"Open or current","code":"  "}},{"StatusDate":"20180301","Months":"00","Status":{"value":"Open or current","code":"  "}},{"StatusDate":"20180201","Months":"00","Status":{"value":"Open or current","code":"  "}},{"StatusDate":"20180101","Months":"00","Status":{"value":"Open or current","code":"  "}},{"StatusDate":"20171201","Months":"00","Status":{"value":"Open or current","code":"  "}},{"StatusDate":"20171101","Months":"00","Status":{"value":"Open or current","code":"  "}},{"StatusDate":"20171001","Months":"00","Status":{"value":"Open or current","code":"  "}},{"StatusDate":"20170901","Months":"00","Status":{"value":"Open or current","code":"  "}}]},"AccountNo":"adb733524c4d3b7503c1a5ba09e2eeb567d943ac778a0e1268c02f2424b5644a","Industry_Code":"","Deferred_Payment_Date":"00000000","OpenDate":"20170915","LastPaymentDate":"20180601","Payment_Type_Code":"00","Status":{"value":"Open or current","code":" "}},{"EndUseCode":"O","Repayment_Frequency_Code":"03","Installment":"300","Ownership_Type_Code":"00","History_of_most_recent_12_months":"000?000?00?0","No_of_Participants_Joint_Loan":"  0","PaymentStatus":"00","CreditLimit":"0","RepaymentPeriod":"0000","Ownership_Type_Description":"Other","Subscriber":"VODACOM SP","StatusDate":"00000000","LastPayment":"300","OverdueAmount":"0","CurrentBalance":"300","Subscriber_Code":"999999","Account_Sold_Third_Party_Indicator":" 0","Payment_Type_Description":"Other","OpenBalance":"0","Repayment_Frequency_Desc":"Monthly","AccountType":{"value":"Service related without limit","code":"F "},"Third_Party_Name":"","Worst_history_in_the_last_12_months":"0","BalanceDate":"20180715","Worst_Payment_History":"0","PaymentCycle":{"Payment":[{"StatusDate":"20180701","Months":"00","Status":{"value":"Open or current","code":"  "}},{"StatusDate":"20180601","Months":"00","Status":{"value":"Open or current","code":"  "}},{"StatusDate":"20180501","Months":"00","Status":{"value":"Open or current","code":"  "}},{"StatusDate":"20180401","Months":"??","Status":{"value":"Open or current","code":"  "}},{"StatusDate":"20180301","Months":"00","Status":{"value":"Open or current","code":"  "}},{"StatusDate":"20180201","Months":"00","Status":{"value":"Open or current","code":"  "}},{"StatusDate":"20180101","Months":"00","Status":{"value":"Open or current","code":"  "}},{"StatusDate":"20171201","Months":"??","Status":{"value":"Open or current","code":"  "}},{"StatusDate":"20171101","Months":"00","Status":{"value":"Open or current","code":"  "}},{"StatusDate":"20171001","Months":"00","Status":{"value":"Open or current","code":"  "}},{"StatusDate":"20170901","Months":"??","Status":{"value":"Open or current","code":"  "}},{"StatusDate":"20170801","Months":"00","Status":{"value":"Open or current","code":"  "}},{"StatusDate":"20170701","Months":"00","Status":{"value":"Open or current","code":"  "}},{"StatusDate":"20170601","Months":"00","Status":{"value":"Open or current","code":"  "}},{"StatusDate":"20170501","Months":"00","Status":{"value":"Open or current","code":"  "}},{"StatusDate":"20170401","Months":"00","Status":{"value":"Open or current","code":"  "}},{"StatusDate":"20170301","Months":"00","Status":{"value":"Open or current","code":"  "}},{"StatusDate":"20170201","Months":"00","Status":{"value":"Open or current","code":"  "}},{"StatusDate":"20170101","Months":"00","Status":{"value":"Open or current","code":"  "}},{"StatusDate":"20161201","Months":"00","Status":{"value":"Open or current","code":"  "}},{"StatusDate":"20161101","Months":"00","Status":{"value":"Open or current","code":"  "}},{"StatusDate":"20161001","Months":"00","Status":{"value":"Open or current","code":"  "}},{"StatusDate":"20160901","Months":"00","Status":{"value":"Open or current","code":"  "}},{"StatusDate":"20160801","Months":"00","Status":{"value":"Open or current","code":"  "}},{"StatusDate":"20160701","Months":"00","Status":{"value":"Open or current","code":"  "}},{"StatusDate":"20160601","Months":"??","Status":{"value":"Open or current","code":"  "}},{"StatusDate":"20160501","Months":"00","Status":{"value":"Open or current","code":"  "}},{"StatusDate":"20160401","Months":"00","Status":{"value":"Open or current","code":"  "}},{"StatusDate":"20160301","Months":"00","Status":{"value":"Open or current","code":"  "}},{"StatusDate":"20160201","Months":"00","Status":{"value":"Open or current","code":"  "}},{"StatusDate":"20160101","Months":"00","Status":{"value":"Open or current","code":"  "}},{"StatusDate":"20151201","Months":"00","Status":{"value":"Open or current","code":"  "}},{"StatusDate":"20151101","Months":"00","Status":{"value":"Open or current","code":"  "}},{"StatusDate":"20151001","Months":"00","Status":{"value":"Open or current","code":"  "}},{"StatusDate":"20150901","Months":"00","Status":{"value":"Open or current","code":"  "}}]},"AccountNo":"87923aae5f430f8561041cd3ac68e1c53c59d6d19b1d82cc1d594ce93b6ce711","Industry_Code":"","Deferred_Payment_Date":"00000000","OpenDate":"20150908","LastPaymentDate":"20180702","Payment_Type_Code":"00","Status":{"value":"Open or current","code":" "}},{"EndUseCode":"O","Repayment_Frequency_Code":"03","Installment":"0","Ownership_Type_Code":"00","History_of_most_recent_12_months":"????????????","No_of_Participants_Joint_Loan":"  0","PaymentStatus":"00","CreditLimit":"200","RepaymentPeriod":"0000","Ownership_Type_Description":"Other","Subscriber":"ABSA CREDIT CARD","StatusDate":"20140301","LastPayment":"0","OverdueAmount":"0","CurrentBalance":"0","Subscriber_Code":"10285","Account_Sold_Third_Party_Indicator":" 0","Payment_Type_Description":"Other","OpenBalance":"200","Repayment_Frequency_Desc":"Monthly","AccountType":{"value":"Credit card","code":"C "},"Third_Party_Name":"","Worst_history_in_the_last_12_months":"","BalanceDate":"20170331","Worst_Payment_History":"0","PaymentCycle":{"Payment":[{"StatusDate":"20180701","Months":"??","Status":{"value":"No data","code":"??"}},{"StatusDate":"20180601","Months":"??","Status":{"value":"No data","code":"??"}},{"StatusDate":"20180501","Months":"??","Status":{"value":"No data","code":"??"}},{"StatusDate":"20180401","Months":"??","Status":{"value":"No data","code":"??"}},{"StatusDate":"20180301","Months":"??","Status":{"value":"No data","code":"??"}},{"StatusDate":"20180201","Months":"??","Status":{"value":"No data","code":"??"}},{"StatusDate":"20180101","Months":"??","Status":{"value":"No data","code":"??"}},{"StatusDate":"20171201","Months":"??","Status":{"value":"No data","code":"??"}},{"StatusDate":"20171101","Months":"??","Status":{"value":"No data","code":"??"}},{"StatusDate":"20171001","Months":"??","Status":{"value":"No data","code":"??"}},{"StatusDate":"20170901","Months":"??","Status":{"value":"No data","code":"??"}},{"StatusDate":"20170801","Months":"??","Status":{"value":"No data","code":"??"}},{"StatusDate":"20170701","Months":"??","Status":{"value":"No data","code":"??"}},{"StatusDate":"20170601","Months":"??","Status":{"value":"No data","code":"??"}},{"StatusDate":"20170501","Months":"??","Status":{"value":"No data","code":"??"}},{"StatusDate":"20170401","Months":"??","Status":{"value":"No data","code":"??"}},{"StatusDate":"20170301","Months":"00","Status":{"value":"Paid up","code":"P "}},{"StatusDate":"20170201","Months":"00","Status":{"value":"Paid up","code":"P "}},{"StatusDate":"20170101","Months":"00","Status":{"value":"Paid up","code":"P "}},{"StatusDate":"20161201","Months":"00","Status":{"value":"Paid up","code":"P "}},{"StatusDate":"20161101","Months":"00","Status":{"value":"Paid up","code":"P "}},{"StatusDate":"20161001","Months":"00","Status":{"value":"Paid up","code":"P "}},{"StatusDate":"20160901","Months":"00","Status":{"value":"Paid up","code":"P "}},{"StatusDate":"20160801","Months":"00","Status":{"value":"Paid up","code":"P "}},{"StatusDate":"20160701","Months":"00","Status":{"value":"Paid up","code":"P "}},{"StatusDate":"20160601","Months":"00","Status":{"value":"Paid up","code":"P "}},{"StatusDate":"20160501","Months":"00","Status":{"value":"Paid up","code":"P "}},{"StatusDate":"20160401","Months":"00","Status":{"value":"Paid up","code":"P "}},{"StatusDate":"20160301","Months":"00","Status":{"value":"Paid up","code":"P "}},{"StatusDate":"20160201","Months":"00","Status":{"value":"Paid up","code":"P "}},{"StatusDate":"20160101","Months":"00","Status":{"value":"Paid up","code":"P "}},{"StatusDate":"20151201","Months":"00","Status":{"value":"Paid up","code":"P "}},{"StatusDate":"20151101","Months":"00","Status":{"value":"Paid up","code":"P "}},{"StatusDate":"20151001","Months":"00","Status":{"value":"Paid up","code":"P "}},{"StatusDate":"20150901","Months":"00","Status":{"value":"Paid up","code":"P "}},{"StatusDate":"20150801","Months":"00","Status":{"value":"Paid up","code":"P "}}]},"AccountNo":"c46d15658ac351dfe29f36503deaba7c5dea06ea8e1820847b14ef2809b286c7","Industry_Code":"","Deferred_Payment_Date":"00000000","OpenDate":"20101101","LastPaymentDate":"20170328","Payment_Type_Code":"00","Status":{"value":"Paid up","code":"P"}},{"EndUseCode":"O","Repayment_Frequency_Code":"03","Installment":"0","Ownership_Type_Code":"00","History_of_most_recent_12_months":"????????????","No_of_Participants_Joint_Loan":"  1","PaymentStatus":"00","CreditLimit":"0","RepaymentPeriod":"0000","Ownership_Type_Description":"Other","Subscriber":"I BURST","StatusDate":"20161212","LastPayment":"0","OverdueAmount":"0","CurrentBalance":"0","Subscriber_Code":"800000","Account_Sold_Third_Party_Indicator":" 0","Payment_Type_Description":"Other","OpenBalance":"0","Repayment_Frequency_Desc":"Monthly","AccountType":{"value":"Service related without limit","code":"F "},"Third_Party_Name":"","Worst_history_in_the_last_12_months":"","BalanceDate":"20161231","Worst_Payment_History":"0","PaymentCycle":{"Payment":[{"StatusDate":"20180701","Months":"??","Status":{"value":"No data","code":"??"}},{"StatusDate":"20180601","Months":"??","Status":{"value":"No data","code":"??"}},{"StatusDate":"20180501","Months":"??","Status":{"value":"No data","code":"??"}},{"StatusDate":"20180401","Months":"??","Status":{"value":"No data","code":"??"}},{"StatusDate":"20180301","Months":"??","Status":{"value":"No data","code":"??"}},{"StatusDate":"20180201","Months":"??","Status":{"value":"No data","code":"??"}},{"StatusDate":"20180101","Months":"??","Status":{"value":"No data","code":"??"}},{"StatusDate":"20171201","Months":"??","Status":{"value":"No data","code":"??"}},{"StatusDate":"20171101","Months":"??","Status":{"value":"No data","code":"??"}},{"StatusDate":"20171001","Months":"??","Status":{"value":"No data","code":"??"}},{"StatusDate":"20170901","Months":"??","Status":{"value":"No data","code":"??"}},{"StatusDate":"20170801","Months":"??","Status":{"value":"No data","code":"??"}},{"StatusDate":"20170701","Months":"??","Status":{"value":"No data","code":"??"}},{"StatusDate":"20170601","Months":"??","Status":{"value":"No data","code":"??"}},{"StatusDate":"20170501","Months":"??","Status":{"value":"No data","code":"??"}},{"StatusDate":"20170401","Months":"??","Status":{"value":"No data","code":"??"}},{"StatusDate":"20170301","Months":"??","Status":{"value":"No data","code":"??"}},{"StatusDate":"20170201","Months":"??","Status":{"value":"No data","code":"??"}},{"StatusDate":"20170101","Months":"??","Status":{"value":"No data","code":"??"}},{"StatusDate":"20161201","Months":"00","Status":{"value":"Paid up","code":"P "}},{"StatusDate":"20161101","Months":"00","Status":{"value":"Open or current","code":"  "}},{"StatusDate":"20161001","Months":"00","Status":{"value":"Open or current","code":"  "}},{"StatusDate":"20160901","Months":"00","Status":{"value":"Open or current","code":"  "}},{"StatusDate":"20160801","Months":"00","Status":{"value":"Open or current","code":"  "}},{"StatusDate":"20160701","Months":"00","Status":{"value":"Open or current","code":"  "}},{"StatusDate":"20160601","Months":"00","Status":{"value":"Open or current","code":"  "}},{"StatusDate":"20160501","Months":"00","Status":{"value":"Open or current","code":"  "}},{"StatusDate":"20160401","Months":"00","Status":{"value":"Open or current","code":"  "}},{"StatusDate":"20160301","Months":"00","Status":{"value":"Open or current","code":"  "}},{"StatusDate":"20160201","Months":"00","Status":{"value":"Open or current","code":"  "}},{"StatusDate":"20160101","Months":"00","Status":{"value":"Open or current","code":"  "}},{"StatusDate":"20151201","Months":"00","Status":{"value":"Open or current","code":"  "}},{"StatusDate":"20151101","Months":"00","Status":{"value":"Open or current","code":"  "}},{"StatusDate":"20151001","Months":"00","Status":{"value":"Open or current","code":"  "}},{"StatusDate":"20150901","Months":"00","Status":{"value":"Open or current","code":"  "}},{"StatusDate":"20150801","Months":"00","Status":{"value":"Open or current","code":"  "}}]},"AccountNo":"d3b2ac1e91edbc31b31e5ca6539f4ed3fc7b06fdbfe6776c9c8c9ee488ffb718","Industry_Code":"","Deferred_Payment_Date":"00000000","OpenDate":"20070703","LastPaymentDate":"20160825","Payment_Type_Code":"00","Status":{"value":"Paid up","code":"P"}}]}},"Enquiry":{"CPA":{"Other":[{"EnquiryDate":"20180306","SubscriberName":"ABSA CCA AND NLR","Subscriber_Operator":"009925","SubscriberTel":""},{"EnquiryDate":"20180306","SubscriberName":"SBSA HL","Subscriber_Operator":"SBSAHL","SubscriberTel":""},{"EnquiryDate":"20180306","SubscriberName":" NEDHL   NedbankH","Subscriber_Operator":"NEDAPP","SubscriberTel":""},{"EnquiryDate":"20180305","SubscriberName":"ABSA CCA AND NLR","Subscriber_Operator":"009925","SubscriberTel":""},{"EnquiryDate":"20180305","SubscriberName":"ABSA CCA AND NLR","Subscriber_Operator":"009925","SubscriberTel":""},{"EnquiryDate":"20180226","SubscriberName":"ABSA CCA AND NLR","Subscriber_Operator":"009925","SubscriberTel":""},{"EnquiryDate":"20170922","SubscriberName":"TELKOM","Subscriber_Operator":"TELKOMPR","SubscriberTel":""},{"EnquiryDate":"20170920","SubscriberName":"TELKOM   PROD","Subscriber_Operator":"TELKOMCMIS","SubscriberTel":""}]}},"ReturnData":{"ExecTime":"1.09","Title":"MR","Address":{"ReportDate":"20180331","Relation":"Former Address","City":"","ZipCode":"0000","CityArea":"CAPE TOWN"},"Date":"2018-07-27","Match":"1","Birthday":"198606","SessionID":"HGBGMOW4GVM5","Time":"03:19"},"InputData":{"Consumer":"","RSA_ID":"Yes","Birthday":"198606"},"Summary":{"Enquiries":{"CPA":{"Other":{"Number_of_Other_Enquiries_in_the_Last_4_years":"8","Number_of_Other_Enquiries_in_the_Last_2_years":"8","Months_Since_Oldest_Other_Enquiry":"10","Number_of_Other_Enquiries_in_the_Last_7_days":"0","Months_Since_Recent_Other_Enquiry":"4","Number_of_Other_Enquiries_in_the_Last_year":"8","Number_of_Other_Enquiries_in_the_Last_90_days":"0","Days_Since_Recent_Other_Enquiry":"143","Total_Number_of_Other_Enquiries_Ever":"8","Number_of_Other_Enquiries_in_the_Last_3_years":"8","Number_of_Other_Enquiries_in_the_Last_5_years":"8","Number_of_Other_Enquiries_in_the_Last_180_days":"6","Number_of_Other_Enquiries_in_the_Last_30_days":"0"},"Communication":{"Number_of_Comms_Enquiries_in_the_Last_180_days":"0","Months_Since_Recent_Comms_Enquiry":"10","Number_of_Comms_Enquiries_in_the_Last_year":"2","Days_Since_Recent_Comms_Enquiry":"308","Number_of_Comms_Enquiries_in_the_Last_30_days":"0","Number_of_Comms_Enquiries_in_the_Last_2_years":"2","Total_Number_of_Comms_Enquiries_Ever":"2","Months_Since_Oldest_Comms_Enquiry":"10","Number_of_Comms_Enquiries_in_the_Last_4_years":"2","Number_of_Comms_Enquiries_in_the_Last_3_years":"2","Number_of_Comms_Enquiries_in_the_Last_90_days":"0","Number_of_Comms_Enquiries_in_the_Last_7_days":"0","Number_of_Comms_Enquiries_in_the_Last_5_years":"2"},"Retail":{"Number_of_Retail_Enquiries_in_the_Last_2_years":"0","Number_of_Retail_Enquiries_in_the_Last_4_years":"0","Number_of_Retail_Enquiries_in_the_Last_90_days":"0","Days_Since_Recent_Retail_Enquiry":"","Total_Number_of_Retail_Enquiries_Ever":"0","Months_Since_Recent_Retail_Enquiry":"","Months_Since_Oldest_Retail_Enquiry":"","Number_of_Retail_Enquiries_in_the_Last_year":"0","Number_of_Retail_Enquiries_in_the_Last_30_days":"0","Number_of_Retail_Enquiries_in_the_Last_3_years":"0","Number_of_Retail_Enquiries_in_the_Last_5_years":"0","Number_of_Retail_Enquiries_in_the_Last_7_days":"0","Number_of_Retail_Enquiries_in_the_Last_180_days":"0"},"Own":{"Number_of_Own_Enquiries_in_the_Last_180_days":"0","Number_of_Own_Enquiries_in_the_Last_3_years":"0","Months_Since_Oldest_Own_Enquiry":"","Number_of_Own_Enquiries_in_the_Last_7_days":"0","Number_of_Own_Enquiries_in_the_Last_90_days":"0","Number_of_Own_Enquiries_in_the_Last_4_years":"0","Total_Number_of_Own_Enquiries_Ever":"0","Number_of_Own_Enquiries_in_the_Last_5_years":"0","Number_of_Own_Enquiries_in_the_Last_30_days":"0","Number_of_Own_Enquiries_in_the_Last_2_years":"0","Number_of_Own_Enquiries_in_the_Last_28_days":"0","Number_of_Own_Enquiries_in_the_Last_year":"0","Days_Since_Recent_Own_Enquiry":"","Months_Since_Recent_Own_Enquiry":""},"Bank":{"Total_Number_of_Bank_Enquiries_Ever":"6","Number_of_Bank_Enquiries_in_the_Last_3_years":"6","Number_of_Bank_Enquiries_in_the_Last_2_years":"6","Number_of_Bank_Enquiries_in_the_Last_5_years":"6","Number_of_Bank_Enquiries_in_the_Last_7_days":"0","Number_of_Bank_Enquiries_in_the_Last_year":"6","Number_of_Bank_Enquiries_in_the_Last_180_days":"6","Months_Since_Recent_Bank_Enquiry":"4","Months_Since_Oldest_Bank_Enquiry":"5","Days_Since_Recent_Bank_Enquiry":"143","Number_of_Bank_Enquiries_in_the_Last_30_days":"0","Number_of_Bank_Enquiries_in_the_Last_4_years":"6","Number_of_Bank_Enquiries_in_the_Last_90_days":"0"},"AllValue":{"Months_Since_Oldest_All_Enquiry":"10","Number_of_All_Enquiries_in_the_Last_3_years":"8","Number_of_All_Enquiries_in_the_Last_5_years":"8","Number_of_All_Enquiries_in_the_Last_90_days":"0","Number_of_All_Enquiries_in_the_Last_2_years":"8","Total_Number_of_All_Enquiries_Ever":"8","Number_of_All_Enquiries_in_the_Last_180_days":"6","Days_Since_Recent_All_Enquiry":"143","Months_Since_Recent_All_Enquiry":"4","Number_of_All_Enquiries_in_the_Last_7_days":"0","Number_of_All_Enquiries_in_the_Last_30_days":"0","Number_of_All_Enquiries_in_the_Last_4_years":"8","Number_of_All_Enquiries_in_the_Last_year":"8"}},"NLR":{"Own":{"Number_of_Own_Enquiries_in_the_Last_180_days":"0","Number_of_Own_Enquiries_Ever":"0","Number_of_Own_Enquiries_in_the_Last_3_years":"0","Months_Since_Oldest_Own_Enquiry":"","Number_of_Own_Enquiries_in_the_Last_7_days":"0","Number_of_Own_Enquiries_in_the_Last_90_days":"0","Number_of_Own_Enquiries_in_the_Last_4_years":"0","Number_of_Own_Enquiries_in_the_Last_5_years":"0","Number_of_Own_Enquiries_in_the_Last_30_days":"0","Number_of_Own_Enquiries_in_the_Last_2_years":"0","Number_of_Own_Enquiries_in_the_Last_year":"0","Days_Since_Recent_Own_Enquiry":"","Months_Since_Recent_Own_Enquiry":""},"Other":{"Number_of_Other_Enquiries_in_the_Last_4_years":"0","Number_of_Other_Enquiries_in_the_Last_2_years":"0","Months_Since_Oldest_Other_Enquiry":"","Number_of_Other_Enquiries_in_the_Last_7_days":"0","Number_of_Other_Enquiries_Ever":"0","Months_Since_Recent_Other_Enquiry":"","Number_of_Other_Enquiries_in_the_Last_year":"0","Number_of_Other_Enquiries_in_the_Last_90_days":"0","Days_Since_Recent_Other_Enquiry":"","Number_of_Other_Enquiries_in_the_Last_3_years":"0","Number_of_Other_Enquiries_in_the_Last_5_years":"0","Number_of_Other_Enquiries_in_the_Last_180_days":"0","Number_of_Other_Enquiries_in_the_Last_30_days":"0"},"AllValue":{"Months_Since_Oldest_All_Enquiry":"","Number_of_All_Enquiries_in_the_Last_3_years":"0","Number_of_All_Enquiries_in_the_Last_5_years":"0","Number_of_All_Enquiries_in_the_Last_90_days":"0","Number_of_All_Enquiries_Ever":"0","NLR_Enquiry_Reference_Number":"0","Number_of_All_Enquiries_in_the_Last_2_years":"0","Number_of_All_Enquiries_in_the_Last_180_days":"0","Days_Since_Recent_All_Enquiry":"","Months_Since_Recent_All_Enquiry":"","Number_of_All_Enquiries_in_the_Last_7_days":"0","Number_of_All_Enquiries_in_the_Last_30_days":"0","Number_of_All_Enquiries_in_the_Last_4_years":"0","Number_of_All_Enquiries_in_the_Last_year":"0"}}},"NLR_CumulativeArrears":"000000000000","Notices":{"Number_of_Notices_in_the_Last_90_days":"0","Number_of_Notices_in_the_Last_2_years":"0","Number_of_Notices_in_the_Last_3_years":"0","Number_of_Notices_in_the_Last_year":"0","Number_of_Notices_in_the_Last_30_days":"0","Number_of_Notices_in_the_Last_19_to_36_Months":"0","Number_of_Notices_in_the_Last_7_to_18_Months":"0","Number_of_Notices_in_the_Last_180_days":"0","Total_Number_of_Notices_Ever":"0","Number_of_Notices_in_the_Previous_6_Months":"0","Number_of_Notices_Older_than_37_Months":"0","Number_of_Notices_in_the_Last_4_years":"0","Number_of_Notices_in_the_Last_5_years":"0"},"CPA_Past_36_Months":{"Positive_loans":"4","Highest_months_in_arrears":"0"},"All_Negatives":{"All_Value_of_Most_Recent_Negative":"0","All_Number_of_Negatives_in_the_Last_90_days":"0","All_Highest_Negative_Value":"0","All_Number_of_Negatives_in_the_Last_2_years":"0","All_Number_of_Negatives_in_the_Last_30_days":"0","All_Months_Since_Most_Recent_Negative":"","All_Number_of_Negatives_in_the_Last_3_years":"0","All_Number_of_Negatives_in_the_Last_180_days":"0","All_Number_of_Negatives_in_the_Last_4_years":"0","All_Number_of_Negatives_in_the_Last_year":"0","All_Number_of_Negatives_in_the_Last_5_years":"0","All_Total_Number_of_Negatives_Ever":"0","All_Months_Since_Highest_Negative":"0"},"Trace":{"Number_of_Traces_in_the_Last_year":"0","Number_of_Traces_in_the_Last_2_years":"0","Number_of_Traces_in_the_Last_30_days":"0","Number_of_Traces_in_the_Last_4_years":"0","Number_of_Traces_in_the_Last_3_years":"0","Number_of_Traces_in_the_Last_5_years":"0","Number_of_Traces_in_the_Last_180_days":"0","Number_of_Traces_in_the_Last_60_days":"0","Total_Number_of_Traces_Ever":"0","Number_of_Traces_in_the_Last_90_days":"0"},"Judgements":{"Number_of_Judgments_in_the_Previous_6_Months":"0","Value_of_Most_Recent_Judgment":"0","Number_of_Judgments_in_the_Last_90_days":"0","Highest_Judgment_Value":"0","Total_Value_of_Other_Judgments":"0","Total_Number_of_Other_Judgments":"0","Number_of_Judgments_in_the_Last_3_years":"0","Number_of_Judgments_in_the_Last_19_to_36_Months":"0","Total_Number_of_Medical_Judgments":"0","Number_of_Judgments_in_the_Last_30_days":"0","Months_Since_Highest_Judgment":"","Number_of_Judgments_in_the_Last_2_years":"0","Number_of_Judgments_in_the_Last_7_to_18_Months":"0","Months_Since_Most_Recent_Judgment":"","Number_of_Judgments_in_the_Last_4_years":"0","Number_of_Judgments_in_the_Last_year":"0","Number_of_Judgments_in_the_Last_5_years":"0","Total_Judgment_Value":"0","Total_Value_of_Medical_Judgments":"0","Number_of_Judgments_in_the_Last_180_days":"0","Number_of_Judgments_Older_than_37_Months":"0","Total_Number_of_Judgments_Ever":"0"},"Negatives":{"Number_of_Negatives_in_the_Last_180_days":"0","Number_of_Negatives_in_the_Last_3_years":"0","Value_of_Most_Recent_Negative":"0","Number_of_Negatives_in_the_Last_2_years":"0","Total_Number_of_Negatives_Ever":"0","Months_Since_Most_Recent_Negative":"","Number_of_Negatives_in_the_Last_90_days":"0","Number_of_Negatives_in_the_Last_5_years":"0","Number_of_Negatives_in_the_Last_30_days":"0","Number_of_Negatives_in_the_Last_4_years":"0","Months_Since_Highest_Negative":"0","Highest_Negative_Value":"0","Number_of_Negatives_in_the_Last_year":"0"},"TotalCreditLimitOpenCreditCardAccounts":"000000000000","Collections":{"Number_of_Collections_in_the_Last_30_days":"0","Number_of_Payments_in_the_Last_3_Months":"0","Number_of_Collections_in_the_Last_90_days":"0","Total_Collection_Capital_Value":"0","Highest_Collection_Value":"0","Total_amount_Collected_on_Collections_opened_in_the_Last_6_Months":"0","Total_Collections_Amount_Collected_Ever":"0","Total_amount_Collected_on_Collections_opened_in_the_Last_12_Months":"0","Number_of_Payments_in_the_Last_12_Months":"0","Months_Since_Most_Recent_Collection":"","Number_of_Collections_in_the_Last_2_years":"0","Number_of_Collections_in_the_Last_5_years":"0","Number_of_Payments_in_the_Last_6_Months":"0","Number_of_Collections_in_the_Last_4_years":"0","Months_Since_Highest_Collection":"","Number_of_Collections_in_the_Last_3_years":"0","Total_Number_of_Collections_Ever":"0","Number_of_Collections_in_the_Last_year":"0","Value_of_Most_Recent_Collection":"0","Number_of_Collections_in_the_Last_180_days":"0","Total_amount_Collected_on_Collections_opened_in_the_Last_3_Months":"0"},"NLR_Past_36_Months":{"Positive_loans":"0","Highest_months_in_arrears":""},"CPA_Past_12_Months":{"Positive_loans":"3"},"Payment_Profiles":{"CPA":{"Other":{"Worst_status_in_the_last_4to6_months_for_all_active_non_delinquent_CPA_accounts_":"0","Number_of_Currently_Open_Other_PPs":"4","Percent_1_Arrears_of_Last_12_Other_Available_Histories":"0","Total_number_of__active_non_delinquent_CPA_accounts_opened_L6m":"0","Percent_3_Arrears_of_Last_3_Other_Available_Histories":"0","Number_of_Other_PPs_in_the_Last_4_Years":"4","Worst_Arrears_Level_of_Most_Recent_Other_Opened_PP":"0","Number_of_Times_0_Arrears_of_Last_6_Other_Available_Histories":"29","Worst_Current_Status_on_active_Other_CPA_accounts":"0","Percent_1_Arrears_of_Last_24_Other_Available_Histories":"0","Total_Balance_of_Revolving_Other_PPs":"0","Number_of_Other_PPs_in_the_Last_30_Days":"0","Total_Credit_Limit_of_Other_Open_Account_PPs":"0","Total_Installment_of_Other_Open_Account_PPs":"0","Number_of_Times_1_Arrears_of_Last_24_Other_Available_Histories":"0","Total_Credit_Limit_of_Fixed_Installment_Other_PPS":"0","Number_of_Other_PPs_in_the_Last_5_Years":"4","Total_Installment_of_Fixed_Installment_Other_PPs":"0","Number_of_Closed_Revolving_Other_PPs":"0","Capital_Amount_of_Other_PPs_Opened_in_the_Last_2_Years":"0","Capital_Amount_of_Other_PPs_Opened_in_the_Last_90_Days":"0","Number_of_Other_PPs_in_the_Last_Year":"3","Number_of_Times_0_Arrears_of_Last_12_Other_Available_Histories":"52","Number_of_Other_PPs_in_the_Last_3_Years":"4","Percent_1_Arrears_of_Last_6_Other_Available_Histories":"0","Capital_Amount_of_Other_PPs_Opened_in_the_Last_Year":"0","Monthly_Installment_Value_of_Currently_Open_Other_PPs":"1835","Worst_Arrears_on_Other_PPs_in_the_Last_180_Days":"0","Total_Balance_of_Other_Open_Account_PPs":"0","Percent_0_Arrears_of_Last_12_Other_Available_Histories":"100","Number_of_Times_3_Arrears_of_Last_12_Other_Available_Histories":"0","Number_of_Times_2_Arrears_of_Last_3_Other_Available_Histories":"0","Worst_status_last_3_months_for_active__non_delinquent_CPA_accounts_opened_for_more_than_12months_":"0","Percent_1_Arrears_of_Last_3_Other_Available_Histories":"0","Number_of_Times_1_Arrears_of_Last_12_Other_Available_Histories":"0","Number_of_Disputed_Other_PPs":"0","Number_of_Other_PPs_in_the_Last_180_Days":"1","Number_of_Times_1_Arrears_of_Last_3_Other_Available_Histories":"0","Outstanding_CPA_Balance_Other":"0","Percent_3_Arrears_of_Last_12_Other_Available_Histories":"0","Number_of_Times_2_Arrears_of_Last_24_Other_Available_Histories":"0","Percent_3_Arrears_of_Last_24_Other_Available_Histories":"0","Days_since_most_recent_Other_Delinquent_CPA__account_":"","Number_of_other_accounts_opened_4to12_months_ago":"3","Percent_2_Arrears_of_Last_6_Other_Available_Histories":"0","Number_of_Times_0_Arrears_of_Last_24_Other_Available_Histories":"88","Worst_current_status_on_active_non_delinquent_non_revolving_accounts":"0","Outstanding_Balance_on_delinquent_revolving_CPA_accounts":"0","Worst_Arrears_on_Other_PPs_ever":"0","Worst_status_in_the_last_6_months_on_Other_accounts_opened_for_at_least_12_months":"0","Number_of_Other_Fixed_Installment_PPs_Ever":"0","Total_value_of_Other_Delinquent_accounts":"0","Percent_0_Arrears_of_Last_3_Other_Available_Histories":"100","Number_of_Habitually_Slow_Other_PPs":"0","Percent_2_Arrears_of_Last_24_Other_Available_Histories":"0","Number_of_Times_3_Arrears_of_Last_24_Other_Available_Histories":"0","Number_of_Other_PPs_Ever":"6","Capital_Amount_of_Other_PPs_Opened_in_Last_180_Days":"0","Number_of_Open_Revolving_Other_PPs":"0","Current_Balance_of_All_Other_PPs":"1835","Number_of_Other_PPs_in_the_Last_90_Days":"0","Worst_current_status_on_active_non_delinquent_revolving_accounts":"","Total_number_of_other_Delinquent_Accounts":"0","Months_Since_Most_Recent_opened_Other_PP":"4","Number_of_Times_2_Arrears_of_Last_12_Other_Available_Histories":"0","Worst_status_in_the_last_6_months_on_Other_accounts_opened_4to12_months_ago":"0","Number_of_Closed_Fixed_Installment_Other_PPs":"0","Number_of_Times_3_Arrears_of_Last_3_Other_Available_Histories":"0","Worst_status_in_the_last_3_months_on_Other_accounts_opened_4to12_months_ago":"0","Percent_0_Arrears_of_Last_24_Other_Available_Histories":"100","Worst_Arrears_on_Other_PPs_in_the_Last_Year":"0","Total_outstanding_balance_on_Other_active_accounts":"1835","Worst_status_in_the_last_3_months_on_Other_accounts_opened_for_at_least_12_months":"0","Total_Balance_of_Fixed_Installment_Other_PPs":"0","Number_of_Other_PPs_in_the_Last_2_Years":"3","Percent_2_Arrears_of_Last_3_Other_Available_Histories":"0","Outstanding_Balance_on_non_delinquent_revolving_CPA_opened_L6m":"0","Total_Installment_of_Revolving_Other_PPs":"0","Number_of_Open_Fixed_Installment_Other_PPs":"0","Number_of_other_accounts_opened_for_at_least_12_months":"3","Worst_Arrears_on_Open_Other_PPs":"0","Number_of_Times_2_Arrears_of_Last_6_Other_Available_Histories":"0","Number_of_Closed_Other_PPs":"2","Number_of_Times_0_Arrears_of_Last_3_Other_Available_Histories":"15","Number_of_Absconded_Other_PPs":"0","Months_Since_Oldest_Opened_Other_PPs":"134","Number_of_Written_Off_Other_PPs":"0","Worst_Arrears_on_Closed_Other_PPs":"0","Number_of_Times_1_Arrears_of_Last_6_Other_Available_Histories":"0","Percent_3_Arrears_of_Last_6_Other_Available_Histories":"0","Capital_Amount_of_Other_PPs_Opened_in_the_Last_30_Days":"0","Worst_Arrears_on_Other_PPs_in_the_Last_90_Days":"0","Monthly_CPA_Installment_Other":"0","Number_of_Other_Revolving_PPs_Ever":"0","Percent_2_Arrears_of_Last_12_Other_Available_Histories":"0","Total_Credit_Limit_of_Revolving_Other_PPs":"0","Worst_status_in_the_last_3_months_for_active_non_delinquent_CPA_accounts_opened_in_the_last_12_months":"0","Total_number_of_other_Active_accounts":"3","Percent_0_Arrears_of_Last_6_Other_Available_Histories":"100","Number_of_Times_3_Arrears_of_Last_6_Other_Available_Histories":"0"},"Communication":{"Percent_3_Arrears_of_Last_24_Communication_Available_Histories":"0","Total_number_of__active_non_delinquent_CPA_accounts_opened_L6m":"0","Number_of_Communication_PPs_in_the_Last_2_Years":"1","Number_of_Disputed_Communication_PPs":"0","Number_of_Communication_PPs_in_the_Last_180_Days":"0","Outstanding_CPA_Balance_Communciation":"0","Number_of_Communication_PPs_in_the_Last_5_Years":"1","Total_number_of_Communication_Delinquent_Accounts":"0","Number_of_Communication_PPs_in_the_Last_3_Years":"1","Capital_Amount_of_Communication_PPs_Opened_Last_2_Years":"0","Days_since_most_recent_communication_Delinquent_CPA__account_":"","Capital_Amount_of_Communication_PPs_Opened_Last_90_Days":"0","Percent_0_Arrears_of_Last_6_Communication_Available_Histories":"100","Current_Balance_of_Communication_PPs":"442","Percent_1_Arrears_of_Last_6_Communication_Available_Histories":"0","Worst_Arrears_on_Open_Communication_PPs":"0","Total_Credit_Limit_of_Fixed_Installment_Communication_PPS":"0","Number_of_Times_0_Arrears_of_Last_3_Communication_Available_Histories":"3","Number_of_Open_Fixed_Installment_Communication_PPs":"0","Total_outstanding_balance_on_Communication_active_accounts":"442","Total_Credit_Limit_of_Revolving_Communication_PPs":"0","Percent_2_Arrears_of_Last_3_Communication_Available_Histories":"0","Total_value_of_Communication_Delinquent_accounts":"0","Number_of_Habitually_Slow_Communication_PPs":"0","Worst_Arrears_on_Communication_PPs_in_the_Last_180_Days":"0","Number_of_Currently_Open_Communication_PPs":"1","Total_Balance_of_Communication_Open_Account_PPs":"0","Number_of_Open_Revolving_Communication_PPs":"0","Number_of_Communication_PPs_in_the_Last_Year":"1","Percent_3_Arrears_of_Last_12_Communication_Available_Histories":"0","Number_of_Times_1_Arrears_of_Last_12_Communication_Available_Histories":"0","Worst_status_last_3_months_for_active__non_delinquent_CPA_accounts_opened_for_more_than_12months_":"","Capital_Amount_of_Communication_PPs_Opened_Last_180_Days":"0","Number_of_Communication_Revolving_PPs_Ever":"0","Worst_Arrears_on_Any_Communication_PPs":"0","Number_of_Times_0_Arrears_of_Last_6_Communication_Available_Histories":"6","Percent_1_Arrears_of_Last_3_Communication_Available_Histories":"0","Number_of_Communication_accounts_opened_for_at_least_12_months":"0","Worst_Arrears_on_Communication_PPs_in_the_Last_90_Days":"0","Number_of_Times_1_Arrears_of_Last_6_Communication_Available_Histories":"0","Number_of_Times_3_Arrears_of_Last_3_Communication_Available_Histories":"0","Total_Installment_of_Revolving_Communication_PPs":"0","Worst_Arrears_Level_of_Most_Recent_Communication_Opened_PP":"0","Capital_Amount_of_Communication_PPs_Opened_Last_Year":"0","Capital_Amount_of_Communication_PPs_Opened_Last_30_Days":"0","Number_of_Communication_PPs_in_the_Last_4_Years":"1","Total_Installment_of_Communication_Open_Account_PPs":"0","Worst_status_in_the_last_3_months_on_Communication_accounts_opened_4to12_months_ago":"0","Worst_status_in_the_last_6_months_on_Communication_accounts_opened_for_at_least_12_months":"","Worst_status_in_the_last_3_months_on_Communication_accounts_opened_for_at_least_12_months":"","Worst_current_status_on_active_non_delinquent_non_revolving_accounts":"0","Number_of_Communication_PPs_in_the_Last_90_Days":"0","Number_of_Times_1_Arrears_of_Last_3_Communication_Available_Histories":"0","Outstanding_Balance_on_delinquent_revolving_CPA_accounts":"0","Percent_1_Arrears_of_Last_24_Communication_Available_Histories":"0","Percent_3_Arrears_of_Last_6_Communication_Available_Histories":"0","Number_of_Times_2_Arrears_of_Last_6_Communication_Available_Histories":"0","Months_Since_Oldest_Opened_Communication_PPs":"10","Number_of_Times_3_Arrears_of_Last_24_Communication_Available_Histories":"0","Number_of_Closed_Revolving_Communication_PPs":"0","Worst_Arrears_on_Communication_PPs_in_the_Last_Year":"0","Worst_Current_Status_on_active_Communication_CPA_accounts":"0","Number_of_Times_2_Arrears_of_Last_12_Communication_Available_Histories":"0","Worst_current_status_on_active_non_delinquent_revolving_accounts":"","Monthly_CPA_Installment_Communication":"0","Worst_status_in_the_last_6_months_on_Communication_accounts_opened_4to12_months_ago":"0","Percent_2_Arrears_of_Last_24_Communication_Available_Histories":"0","Number_of_Times_0_Arrears_of_Last_24_Communication_Available_Histories":"9","Total_Balance_of_Revolving_Communication_PPs":"0","Number_of_Times_1_Arrears_of_Last_24_Communication_Available_Histories":"0","Number_of_Times_2_Arrears_of_Last_24_Communication_Available_Histories":"0","Number_of_Times_3_Arrears_of_Last_6_Communication_Available_Histories":"0","Number_of_Times_2_Arrears_of_Last_3_Communication_Available_Histories":"0","Percent_3_Arrears_of_Last_3_Communication_Available_Histories":"0","Total_Balance_of_Fixed_Installment_Comms_PP":"0","Outstanding_Balance_on_non_delinquent_revolving_CPA_opened_L6m":"0","Percent_2_Arrears_of_Last_6_Communication_Available_Histories":"0","Percent_0_Arrears_of_Last_24_Communication_Available_Histories":"100","Worst_status_in_the_last_4to6_months_for_Communication_active_non_delinquent_CPA_accounts_":"0","Percent_2_Arrears_of_Last_12_Communication_Available_Histories":"0","Number_of_Written_Off_Communication_PPs":"0","Worst_Arrears_on_Closed_Communication_PPs":"","Percent_1_Arrears_of_Last_12_Communication_Available_Histories":"0","Number_of_Times_0_Arrears_of_Last_12_Communication_Available_Histories":"9","Number_of_Closed_Communication_PPs":"0","Months_Since_Most_Recent_Opened_Communication_PPs":"10","Total_Installment_of_Fixed_Installment_Communication_PPs":"0","Percent_0_Arrears_of_Last_3_Communication_Available_Histories":"100","Number_of_Communication_accounts_opened_4to12_months_ago":"1","Number_of_Absconded_Communication_PPs":"0","Worst_status_in_the_last_3_months_for_active_non_delinquent_CPA_accounts_opened_in_the_last_12_months":"0","Total_Credit_Limit_of_Communication_Open_Account_PPs":"0","Number_of_Communication_PPs_Ever":"1","Number_of_Communication_Fixed_Installment_PPs_Ever":"0","Monthly_Installment_Value_of_Currently_Open_Communication_PPs":"442","Number_of_Communication_PPs_in_the_Last_30_Days":"0","Total_number_of_Communication_Active_accounts_":"1","Number_of_Closed_Fixed_Installment_Communication_PPs":"0","Percent_0_Arrears_of_Last_12_Communication_Available_Histories":"100","Number_of_Times_3_Arrears_of_Last_12_Communication_Available_Histories":"0"},"Retail":{"Percent_3_Arrears_of_Last_12_Retail_Available_Histories":"0","Number_of_Times_0_Arrears_of_Last_12_Retail_Available_Histories":"31","Number_of_Currently_Open_Retail_PPs":"2","Total_number_of__active_non_delinquent_CPA_accounts_opened_L6m":"0","Number_of_Retail_PPs_in_the_Last_2_Years":"2","Number_of_Times_0_Arrears_of_Last_24_Retail_Available_Histories":"55","Percent_3_Arrears_of_Last_3_Retail_Available_Histories":"0","Number_of_Retail_PPs_in_the_Last_30_Days":"0","Number_of_Times_2_Arrears_of_Last_12_Retail_Available_Histories":"0","Number_of_Times_0_Arrears_of_Last_6_Retail_Available_Histories":"17","Percent_1_Arrears_of_Last_12_Retail_Available_Histories":"0","Current_Balance_of_Retail_PPs":"1393","Percent_2_Arrears_of_Last_3_Retail_Available_Histories":"0","Number_of_Times_1_Arrears_of_Last_3_Retail_Available_Histories":"0","Total_Installment_of_Fixed_Installment_Retail_PPs":"0","Number_of_Absconded_Retail_PPs":"0","Months_Since_Most_Recent_Opened_Retail_PPs":"4","Months_Since_Oldest_Opened_Retail_PPs":"134","Total_Credit_Limit_of_Retail_Open_Account_PPs":"0","Number_of_Habitually_Slow_Retail_PPs":"0","Worst_Arrears_on_Closed_Retail_PPs":"0","Number_of_Times_3_Arrears_of_Last_3_Retail_Available_Histories":"0","Number_of_Retail_PPs_in_the_Last_3_Years":"3","Number_of_Times_3_Arrears_of_Last_24_Retail_Available_Histories":"0","Number_of_Times_3_Arrears_of_Last_12_Retail_Available_Histories":"0","Worst_Arrears_on_Open_Retail_PPs":"0","Number_of_Times_2_Arrears_of_Last_24_Retail_Available_Histories":"0","Number_of_Retail_Revolving_PPs_Ever":"0","Number_of_Retail_PPs_Ever":"4","Worst_status_in_the_last_3_months_on_Retail_accounts_opened_for_at_least_12_months":"0","Capital_Amount_of_Retail_PPs_Opened_in_the_Last_90_Days":"0","Total_Installment_of_Retail_Open_Account_PPs":"0","Total_number_of_Retail_Active_accounts_":"2","Monthly_CPA_Installment_Retail":"0","Number_of_Retail_PPs_in_the_Last_4_Years":"3","Worst_status_last_3_months_for_active__non_delinquent_CPA_accounts_opened_for_more_than_12months_":"0","Total_Credit_Limit_of_Fixed_Installment_Retail_PPS":"0","Number_of_Times_2_Arrears_of_Last_6_Retail_Available_Histories":"0","Total_Installment_of_Revolving_Retail_PPs":"0","Percent_1_Arrears_of_Last_3_Retail_Available_Histories":"0","Outstanding_CPA_Balance_Retail":"0","Percent_2_Arrears_of_Last_24_Retail_Available_Histories":"0","Number_of_Retail_accounts_opened_4to12_months_ago":"2","Number_of_Retail_accounts_opened_for_at_least_12_months":"2","Percent_0_Arrears_of_Last_3_Retail_Available_Histories":"100","Number_of_Disputed_Retail_PPs":"0","Number_of_Retail_PPs_in_the_Last_90_Days":"0","Worst_Arrears_on_Retail_PPs_in_the_Last_Year":"0","Number_of_Open_Revolving_Retail_PPs":"0","Number_of_Times_0_Arrears_of_Last_3_Retail_Available_Histories":"9","Worst_Arrears_on_Retail_PPs_in_the_Last_180_Days":"0","Worst_current_status_on_active_non_delinquent_non_revolving_accounts":"0","Outstanding_Balance_on_delinquent_revolving_CPA_accounts":"0","Worst_Current_Status_on_active_Retail_CPA_accounts":"0","Number_of_Closed_Revolving_Retail_PPs":"0","Percent_1_Arrears_of_Last_24_Retail_Available_Histories":"0","Percent_0_Arrears_of_Last_12_Retail_Available_Histories":"100","Worst_status_in_the_last_3_months_on_Retail_accounts_opened_4to12_months_ago":"0","Percent_2_Arrears_of_Last_12_Retail_Available_Histories":"0","Number_of_Times_1_Arrears_of_Last_12_Retail_Available_Histories":"0","Number_of_Written_Off_Retail_PPs":"0","Number_of_Open_Fixed_Installment_Retail_PPs":"0","Number_of_Closed_Retail_PPs":"2","Worst_Arrears_on_Any_Retail_PPs":"0","Days_since_most_recent_retail_Delinquent_CPA__account_":"","Total_number_of_Retail_Delinquent_Accounts":"0","Number_of_Times_1_Arrears_of_Last_24_Retail_Available_Histories":"0","Worst_current_status_on_active_non_delinquent_revolving_accounts":"","Number_of_Times_1_Arrears_of_Last_6_Retail_Available_Histories":"0","Number_of_Retail_PPs_in_the_Last_Year":"2","Total_outstanding_balance_on_Retail_active_accounts":"1393","Worst_Arrears_on_Retail_PPs_in_the_Last_90_Days":"0","Capital_Amount_of_Retail_PPs_Opened_in_Last_180_Days":"0","Number_of_Times_2_Arrears_of_Last_3_Retail_Available_Histories":"0","Number_of_Retail_PPs_in_the_Last_180_Days":"1","Percent_3_Arrears_of_Last_24_Retail_Available_Histories":"0","Total_Balance_of_Fixed_Installment_Retail_PPs":"0","Percent_1_Arrears_of_Last_6_Retail_Available_Histories":"0","Capital_Amount_of_Retail_PPs_Opened_in_the_Last_Year":"0","Outstanding_Balance_on_non_delinquent_revolving_CPA_opened_L6m":"0","Percent_3_Arrears_of_Last_6_Retail_Available_Histories":"0","Total_Credit_Limit_of_Revolving_Retail_PPs":"0","Capital_Amount_of_Retail_PPs_Opened_in_the_Last_30_Days":"0","Worst_status_in_the_last_6_months_on_Retail_accounts_opened_for_at_least_12_months":"0","Total_Balance_of_Retail_Open_Account_PPs":"0","Monthly_Installment_Value_of_Currently_Open_Retail_PPs":"1393","Capital_Amount_of_Retail_PPs_Opened_in_the_Last_2_Years":"0","Worst_status_in_the_last_6_months_on_Retail_accounts_opened_4to12_months_ago":"0","Number_of_Closed_Fixed_Installment_Retail_PPs":"0","Percent_0_Arrears_of_Last_24_Retail_Available_Histories":"100","Worst_status_in_the_last_4to6_months_for_Retail_active_non_delinquent_CPA_accounts_":"0","Percent_2_Arrears_of_Last_6_Retail_Available_Histories":"0","Total_value_of_Retail_Delinquent_accounts":"0","Percent_0_Arrears_of_Last_6_Retail_Available_Histories":"100","Worst_Arrears_Level_of_Most_Recent_Retail_Opened_PP":"0","Number_of_Retail_Fixed_Installment_PPs_Ever":"0","Worst_status_in_the_last_3_months_for_active_non_delinquent_CPA_accounts_opened_in_the_last_12_months":"0","Number_of_Retail_PPs_in_the_Last_5_Years":"3","Number_of_Times_3_Arrears_of_Last_6_Retail_Available_Histories":"0","Total_Balance_of_Revolving_Retail_PPs":"0"},"Own":{"Worst_status_in_the_last_4to6_months_for_all_active_non_delinquent_CPA_accounts_":"","Total_number_of__active_non_delinquent_CPA_accounts_opened_L6m":"0","Worst_status_in_the_last_3_months_on_Own_accounts_opened_for_at_least_12_months":"","Number_of_Own_PPs_in_the_Last_3_Years":"0","Months_Since_Most_Recent_Opened_Own_PP":"","Number_of_Times_2_Arrears_of_Last_12_Own_Available_Histories":"0","Total_Balance_of_Revolving_Own_PPs":"0","Number_of_own_accounts_opened_for_at_least_12_months":"0","Total_Installment_of_Own_Open_Account_PPs":"0","Number_of_Times_1_Arrears_of_Last_24_Own_Available_Histories":"0","Number_of_Own_PPs_in_the_Last_4_Years":"0","Worst_status_in_the_last_6_months_on_Own_accounts_opened_4to12_months_ago":"","Capital_Amount_of_Own_PPs_Opened_in_the_Last_180_Days":"0","Worst_status_in_the_last_6_months_on_Own_accounts_opened_for_at_least_12_months":"","Number_of_Own_Revolving_PPs_Ever":"0","Total_value_of_Own_Delinquent_accounts":"0","Capital_Amount_of_Own_PPs_Opened_in_the_Last_2_Years":"0","Percentage_0_Arrears_of_Last_3_Own_Available_Histories":"0","Percentage_0_Arrears_of_Last_12_Own_Available_Histories":"0","Worst_Arrears_Level_of_Most_Recent_Own_Opened_PP_":"","Percentage_3_Arrears_of_Last_12_Own_Available_Histories":"0","Number_of_Closed_Fixed_Installment_Own_PPs":"0","Number_of_Times_0_Arrears_of_Last_6_Own_Available_Histories":"0","Number_of_Own_accounts_opened_4to12_months_ago":"0","Total_Balance_of_Fixed_Installment_Own_PPs":"0","Number_of_Currently_Open_Own_PPs":"0","Capital_Amount_of_Own_PPs_Opened_in_the_Last_90_Days":"0","Total_Credit_Limit_of_Fixed_Installment_Own_PPS":"0","Worst_status_in_the_last_3_months_on_Own_accounts_opened_4to12_months_ago":"","Number_of_Own_PPs_in_the_Last_180_Days":"0","Worst_status_last_3_months_for_active__non_delinquent_CPA_accounts_opened_for_more_than_12months_":"","Monthly_Installment_Value_of_Currently_Open_Own_PPs":"0","Number_of_Times_2_Arrears_of_Last_3_Own_Available_Histories":"0","Number_of_Times_0_Arrears_of_Last_12_Own_Available_Histories":"0","Worst_Arrears_on_Closed_Own_PPs":"","Number_of_Times_0_Arrears_of_Last_24_Own_Available_Histories":"0","Days_since_most_recent_Own_Delinquent_CPA__account_":"","Number_of_Habitually_Slow_Own_PPs":"0","Number_of_Times_2_Arrears_of_Last_24_Own_Available_Histories":"0","Percentage_3_Arrears_of_Last_24_Own_Available_Histories":"0","Percentage_1_Arrears_of_Last_6_Own_Available_Histories":"0","Number_of_Open_Fixed_Installment_Own_PPs":"0","Capital_Amount_of_Own_PPs_Opened_in_the_Last_30_Days":"0","Total_outstanding_balance_on_Own_active_accounts":"0","Worst_Arrears_on_Own_PPs_in_the_Last_180_Days":"","Percentage_2_Arrears_of_Last_12_Own_Available_Histories":"0","Total_Installment_of_Fixed_Installment_Own_PPs":"0","Worst_current_status_on_active_non_delinquent_non_revolving_accounts":"","Number_of_Absconded_Own_PPs":"0","Outstanding_CPA_Balance_Own":"0","Outstanding_Balance_on_delinquent_revolving_CPA_accounts":"0","Number_of_Own_PPs_in_the_Last_30_Days":"0","Worst_Arrears_on_Own_PPs_in_the_Last_Year":"","Percentage_2_Arrears_of_Last_3_Own_Available_Histories":"0","Worst_Arrears_on_Open_Own_PPs":"","Number_of_Own_PPs_in_the_Last_90_Days":"0","Number_of_Times_3_Arrears_of_Last_24_Own_Available_Histories":"0","Monthly_CPA_Installment_Own":"0","Worst_current_status_on_active_non_delinquent_revolving_accounts":"","Total_Balance_of_Own_Open_Account_PPs":"0","Total_Credit_Limit_of_Revolving_Own_PPs":"0","Percentage_3_Arrears_of_Last_6_Own_Available_Histories":"0","Number_of_Times_1_Arrears_of_Last_12_Own_Available_Histories":"0","Number_of_Times_0_Arrears_of_Last_3_Own_Available_Histories":"0","Number_of_Disputed_Own_PPs":"0","Number_of_Times_3_Arrears_of_Last_3_Own_Available_Histories":"0","Percentage_2_Arrears_of_Last_24_Own_Available_Histories":"0","Number_of_Own_PPs_in_the_Last_2_Years":"0","Percentage_2_Arrears_of_Last_6_Own_Available_Histories":"0","Worst_Arrears_on_Own_PPs_in_the_Last_90_Days":"","Number_of_Times_3_Arrears_of_Last_6_Own_Available_Histories":"0","Percentage_3_Arrears_of_Last_3_Own_Available_Histories":"0","Percentage_1_Arrears_of_Last_3_Own_Available_Histories":"0","Percentage_1_Arrears_of_Last_24_Own_Available_Histories":"0","Outstanding_Balance_on_non_delinquent_revolving_CPA_opened_L6m":"0","Number_of_Own_PPs_in_the_Last_Year":"0","Number_of_Times_3_Arrears_of_Last_12_Own_Available_Histories":"0","Capital_Amount_of_Own_PPs_Opened_in_the_Last_Year":"0","Percentage_0_Arrears_of_Last_24_Own_Available_Histories":"0","Number_of_Times_2_Arrears_of_Last_6_Own_Available_Histories":"0","Total_number_of_Own_Delinquent_Accounts":"0","Number_of_Own_Installment_PPs_Ever":"0","Percentage_1_Arrears_of_Last_12_Own_Available_Histories":"0","Number_of_Times_1_Arrears_of_Last_6_Own_Available_Histories":"0","Number_of_Closed_Revolving_Own_PPs":"0","Total_Credit_Limit_of_Own_Open_Account_PPs":"0","Number_of_Closed_Own_PPs":"0","Number_of_Own_PPs_in_the_Last_5_Years":"0","Total_no_of_Own_Active_accounts":"0","Worst_Arrears_on_Own_PPs_ever":"","Number_of_Own_PPs_Ever":"0","Number_of_Written_Off_Own_PPs":"0","Worst_status_in_the_last_3_months_for_active_non_delinquent_CPA_accounts_opened_in_the_last_12_months":"","Current_Balance_of_Own_PPs":"0","Percentage_0_Arrears_of_Last_6_Own_Available_Histories":"0","Number_of_Times_1_Arrears_of_Last_3_Own_Available_Histories":"0","Worst_Current_Status_on_active_own_CPA_accounts":"","Total_Installment_of_Revolving_Own_PPs":"0","Number_of_Open_Revolving_Own_PPs":"0","Months_Since_Oldest_Opened_Own_PPs":""},"High_Risk_Accounts":{"Percent_1_Arrears_of_Last_6_All_Available_Histories":"0","Total_number_of__active_non_delinquent_CPA_accounts_opened_L6m":"0","Number_of_Closed_All_PPs":"0","Number_of_Times_3_Arrears_of_Last_3_All_Available_Histories":"0","Number_of_all_accounts_opened_for_at_least_12_months":"0","Number_of_Times_1_Arrears_of_Last_12_All_Available_Histories":"0","Worst_Arrears_on_All_PPs_in_the_Last_Year":"","Number_of_Times_1_Arrears_of_Last_3_All_Available_Histories":"0","Number_of_All_PPs_in_the_Last_180_Days":"0","Worst_Arrears_on_All_PPs_in_the_Last_90_Days":"","Total_outstanding_balance_on_All_active_accounts":"0","Total_number_of_all_Active_accounts_":"0","Worst_status_in_the_last_3_months_on_All_accounts_opened_4to12_months_ago":"","Percent_3_Arrears_of_Last_12_All_Available_Histories":"0","Number_of_Times_2_Arrears_of_Last_12_All_Available_Histories":"0","Number_of_Revolving_Unsecured_Credit_Transactions_under_R8_000_ever":"0","Number_of_Currently_Open_All_PPs":"0","Number_of_Times_1_Arrears_of_Last_24_All_Available_Histories":"0","Percent_0_Arrears_of_Last_6_All_Available_Histories":"0","Worst_status_last_3_months_for_active__non_delinquent_CPA_accounts_opened_for_more_than_12months_":"","Percent_3_Arrears_of_Last_24_All_Available_Histories":"0","Number_of_Times_1_Arrears_of_Last_6_All_Available_Histories":"0","Percent_1_Arrears_of_Last_3_All_Available_Histories":"0","Number_of_all_accounts_opened_4to12_months_ago":"0","Percent_2_Arrears_of_Last_24_All_Available_Histories":"0","Number_of_All_PPs_in_the_Last_5_Years":"0","Number_of_Times_2_Arrears_of_Last_6_All_Available_Histories":"0","Number_of_All_PPs_in_the_Last_4_Years":"0","Months_Since_Most_Recent_Opened_PP":"","Total_number_of_all_Delinquent_Accounts":"0","Number_of_Times_0_Arrears_of_Last_12_All_Available_Histories":"0","Percent_2_Arrears_of_Last_12_All_Available_Histories":"0","Outstanding_Balance_on_delinquent_revolving_CPA_accounts":"0","Total_Monthly_CPA_Installment_All":"0","Number_of_Times_3_Arrears_of_Last_6_All_Available_Histories":"0","Number_of_All_PPs_Ever":"0","Worst_Current_Status_on_active_All_CPA_accounts":"","Worst_Arrears_on_Closed_All_PPs":"","Number_of_Times_0_Arrears_of_Last_6_All_Available_Histories":"0","Number_of_Times_3_Arrears_of_Last_12_All_Available_Histories":"0","Cumulative_Installment_Value":"0","Worst_current_status_on_active_non_delinquent_revolving_accounts":"","Percent_1_Arrears_of_Last_24_All_Available_Histories":"0","Worst_Arrears_on_Open_All_PPs":"","Number_of_All_PPs_in_the_Last_Year":"0","Worst_status_in_the_last_6_months_on_All_accounts_opened_4to12_months_ago":"","Number_of_Unsecured_Credit_Transactions_under_R8_000_ever":"0","Number_of_Times_3_Arrears_of_Last_24_All_Available_Histories":"0","Worst_Arrears_on_All_PPs_in_the_Last_180_Days":"","Percent_2_Arrears_of_Last_6_All_Available_Histories":"0","Number_of_All_PPs_in_the_Last_90_Days":"0","Percent_0_Arrears_of_Last_3_All_Available_Histories":"0","Cumulative_Outstanding_Balance":"0","Percent_0_Arrears_of_Last_24_All_Available_Histories":"0","Percent_3_Arrears_of_Last_6_All_Available_Histories":"0","Outstanding_Balance_on_non_delinquent_revolving_CPA_opened_L6m":"0","Percent_2_Arrears_of_Last_3_All_Available_Histories":"0","Percent_1_Arrears_of_Last_12_All_Available_Histories":"0","Number_of_Times_0_Arrears_of_Last_24_All_Available_Histories":"0","Total_value_of_All_Delinquent_accounts":"0","Worst_Arrears_on_Any_All_PPs_ever":"","Days_since_most_recent_All_Delinquent_CPA__account_":"","Months_Since_Oldest_Opened_PPs_ever_all":"","Number_of_Times_2_Arrears_of_Last_3_All_Available_Histories":"0","Number_of_All_PPs_in_the_Last_3_Years":"0","Number_of_All_PPs_in_the_Last_30_Days":"0","Number_of_Times_2_Arrears_of_Last_24_All_Available_Histories":"0","Worst_status_in_the_last_6_months_on_All_accounts_opened_for_at_least_12_months":"","Total_Outstanding_CPA_Balance_All":"0","Number_of_All_PPs_in_the_Last_2_Years":"0","Percent_0_Arrears_of_Last_12_All_Available_Histories":"0","Worst_status_in_the_last_3_months_for_active_non_delinquent_CPA_accounts_opened_in_the_last_12_months":"","Number_of_Times_0_Arrears_of_Last_3_Available_Histories":"0","Worst_status_in_the_last_3_months_on_All_accounts_opened_for_at_least_12_months":"","Percent_3_Arrears_of_Last_3_All_Available_Histories":"0"},"Bank":{"Total_number_of__active_non_delinquent_CPA_accounts_opened_L6m":"0","Capital_Amount_of_Bank_PPs_Opened_in_the_Last_Year":"0","Number_of_Bank_accounts_opened_for_at_least_12_months":"1","Number_of_Times_2_Arrears_of_Last_3_Bank_Available_Histories":"0","Worst_Current_Status_on_active_Bank_CPA_accounts":"","Number_of_Open_Fixed_Installment_Bank_PPs":"0","Percent_0_Arrears_of_Last_6_Bank_Available_Histories":"100","Worst_Arrears_Level_of_Most_Recent_Bank_Opened_PP":"0","Percent_3_Arrears_of_Last_24_Bank_Available_Histories":"0","Total_number_of_Bank_Delinquent_Accounts":"0","Number_of_Times_2_Arrears_of_Last_24_Bank_Available_Histories":"0","Worst_status_in_the_last_3_months_on_Bank_accounts_opened_4to12_months_ago":"","Number_of_Times_1_Arrears_of_Last_24_Bank_Available_Histories":"0","Worst_status_in_the_last_4to6_months_for_Bank_active_non_delinquent_CPA_accounts_":"","Percent_1_Arrears_of_Last_6_Bank_Available_Histories":"0","Number_of_Bank_PPs_in_the_Last_30_Days":"0","Current_Balance_of_Bank_PPs":"0","Number_of_Currently_Open_Bank_PPs":"1","Monthly_Installment_Value_of_Currently_Open_Bank_PPs":"0","Number_of_Bank_PPs_in_the_Last_180_Days":"0","Number_of_Bank_PPs_in_the_Last_3_Years":"0","Percent_3_Arrears_of_Last_12_Bank_Available_Histories":"0","Total_number_of_Bank_Active_accounts_":"0","Total_value_of_Bank_Delinquent_accounts":"0","Percent_0_Arrears_of_Last_12_Bank_Available_Histories":"100","Worst_Arrears_on_Open_Bank_PPs":"0","Number_of_Written_Off_Bank_PPs":"0","Capital_Amount_of_Bank_PPs_Opened_in_the_Last_30_Days":"0","Percent_2_Arrears_of_Last_3_Bank_Available_Histories":"0","Number_of_Times_0_Arrears_of_Last_24_Bank_Available_Histories":"24","Total_Credit_Limit_of_Fixed_Installment_Bank_PPS":"0","Number_of_Closed_Fixed_Installment_Bank_PPs":"0","Percent_3_Arrears_of_Last_3_Bank_Available_Histories":"0","Total_Credit_Limit_of_Revolving_Bank_PPs":"0","Number_of_Bank_Revolving_PPs_Ever":"0","Total_Balance_of_Revolving_Bank_PPs":"0","Total_Credit_Limit_of_Bank_Open_Account_PPs":"0","Percent_1_Arrears_of_Last_3_Bank_Available_Histories":"0","Total_outstanding_balance_on_Bank_active_accounts":"0","Months_Since_Most_Recent_Opened_Bank_PPs":"94","Worst_status_last_3_months_for_active__non_delinquent_CPA_accounts_opened_for_more_than_12months_":"","Percent_1_Arrears_of_Last_12_Bank_Available_Histories":"0","Number_of_Times_2_Arrears_of_Last_12_Bank_Available_Histories":"0","Months_Since_Oldest_Opened_Bank_PPs":"94","Number_of_Times_3_Arrears_of_Last_3_Bank_Available_Histories":"0","Number_of_Bank_PPs_in_the_Last_Year":"0","Number_of_Times_1_Arrears_of_Last_3_Bank_Available_Histories":"0","Percent_1_Arrears_of_Last_24_Bank_Available_Histories":"0","Worst_Arrears_on_Bank_PPs_in_the_Last_Year":"","Percent_2_Arrears_of_Last_6_Bank_Available_Histories":"0","Total_Balance_of_Fixed_Installment_Bank_PPs":"0","Total_Installment_of_Bank_Open_Account_PPs":"0","Number_of_Bank_Fixed_Installment_PPs_Ever":"0","Worst_current_status_on_active_non_delinquent_non_revolving_accounts":"","Number_of_Habitually_Slow_Bank_PPs":"0","Outstanding_Balance_on_delinquent_revolving_CPA_accounts":"0","Percent_0_Arrears_of_Last_24_Bank_Available_Histories":"100","Worst_status_in_the_last_6_months_on_Bank_accounts_opened_4to12_months_ago":"","Worst_status_in_the_last_3_months_on_Bank_accounts_opened_for_at_least_12_months":"","Number_of_Closed_Bank_PPs":"0","Capital_Amount_of_Bank_PPs_Opened_in_the_Last_180_Days":"0","Monthly_CPA_Installment_Bank":"0","Outstanding_CPA_Balance_Bank":"0","Capital_Amount_of_Bank_PPs_Opened_in_the_Last_90_Days":"0","Worst_Arrears_on_Closed_Bank_PPs":"","Number_of_Bank_PPs_in_the_Last_90_Days":"0","Worst_status_in_the_last_6_months_on_Bank_accounts_opened_for_at_least_12_months":"","Worst_current_status_on_active_non_delinquent_revolving_accounts":"","Number_of_Absconded_Bank_PPs":"0","Worst_Arrears_on_Bank_PPs_in_the_Last_90_Days":"","Total_Installment_of_Revolving_Bank_PPs":"0","Number_of_Times_3_Arrears_of_Last_12_Bank_Available_Histories":"0","Total_Installment_of_Fixed_Installment_Bank_PPs":"0","Number_of_Times_0_Arrears_of_Last_6_Bank_Available_Histories":"6","Number_of_Open_Revolving_Bank_PPs":"0","Number_of_Bank_PPs_in_the_Last_4_Years":"0","Worst_Arrears_on_Bank_PPs_in_the_Last_180_Days":"","Number_of_Times_3_Arrears_of_Last_24_Bank_Available_Histories":"0","Number_of_Bank_PPs_in_the_Last_2_Years":"0","Percent_2_Arrears_of_Last_24_Bank_Available_Histories":"0","Outstanding_Balance_on_non_delinquent_revolving_CPA_opened_L6m":"0","Number_of_Times_3_Arrears_of_Last_6_Bank_Available_Histories":"0","Percent_2_Arrears_of_Last_12_Bank_Available_Histories":"0","Number_of_Bank_PPs_Ever":"1","Number_of_Times_0_Arrears_of_Last_3_Bank_Available_Histories":"3","Number_of_Bank_accounts_opened_4to12_months_ago":"0","Number_of_Times_1_Arrears_of_Last_12_Bank_Available_Histories":"0","Number_of_Times_2_Arrears_of_Last_6_Bank_Available_Histories":"0","Total_Balance_of_Bank_Open_Account_PPs":"0","Number_of_Closed_Revolving_Bank_PPs":"0","Days_since_most_recent_Bank_Delinquent_CPA__account_":"","Percent_0_Arrears_of_Last_3_Bank_Available_Histories":"100","Number_of_Times_1_Arrears_of_Last_6_Bank_Available_Histories":"0","Percent_3_Arrears_of_Last_6_Bank_Available_Histories":"0","Worst_Arrears_on_Any_Bank_PPs":"0","Capital_Amount_of_Bank_PPs_Opened_in_the_Last_2_Years":"0","Number_of_Bank_PPs_in_the_Last_5_Years":"0","Worst_status_in_the_last_3_months_for_active_non_delinquent_CPA_accounts_opened_in_the_last_12_months":"","Number_of_Times_0_Arrears_of_Last_12_Bank_Available_Histories":"12","Number_of_Disputed_Bank_PPs":"0"},"AllValue":{"Worst_status_in_the_last_4to6_months_for_all_active_non_delinquent_CPA_accounts_":"0","Percent_1_Arrears_of_Last_6_All_Available_Histories":"0","Total_number_of__active_non_delinquent_CPA_accounts_opened_L6m":"0","Number_of_Closed_All_PPs":"2","Number_of_Times_3_Arrears_of_Last_3_All_Available_Histories":"0","Number_of_all_accounts_opened_for_at_least_12_months":"3","Number_of_Times_1_Arrears_of_Last_12_All_Available_Histories":"0","Total_outstanding_CPA_balance_on_CPA_home_loan_accounts":"0","Total_outstanding_CPA_balance_on_active_CPA_accounts_excluding_home_loans":"1835","Worst_Arrears_on_All_PPs_in_the_Last_Year":"0","Capital_Amount_of_All_PPs_Opened_in_the_Last_90_Days":"0","Number_of_Open_Fixed_Installment_All_PPs":"0","Number_of_Times_1_Arrears_of_Last_3_All_Available_Histories":"0","Number_of_All_PPs_in_the_Last_180_Days":"1","Worst_Arrears_on_All_PPs_in_the_Last_90_Days":"0","Number_of_Closed_Revolving_All_PPs":"0","Total_outstanding_balance_on_All_active_accounts":"1835","Total_Balance_of_All_Open_Account_PPs":"0","Total_number_of_all_Active_accounts_":"3","Worst_status_in_the_last_3_months_on_All_accounts_opened_4to12_months_ago":"0","Percent_3_Arrears_of_Last_12_All_Available_Histories":"0","Number_of_Times_2_Arrears_of_Last_12_All_Available_Histories":"0","Number_of_All_Revolving_PPs_Ever":"0","Number_of_All_Fixed_Installment_PPs_Ever":"0","Total_Balance_of_Revolving_All_PPs":"0","Number_of_Currently_Open_All_PPs":"4","Number_of_Times_1_Arrears_of_Last_24_All_Available_Histories":"0","Number_of_Habitually_Slow_All_PPs":"0","Total_Installment_of_Revolving_All_PPs":"0","Percent_0_Arrears_of_Last_6_All_Available_Histories":"100","Total_Installment_of_All_Open_Account_PPs":"0","Capital_Amount_of_All_PPs_Opened_in_the_Last_30_Days":"0","Worst_status_last_3_months_for_active__non_delinquent_CPA_accounts_opened_for_more_than_12months_":"0","Percent_3_Arrears_of_Last_24_All_Available_Histories":"0","Number_of_Times_1_Arrears_of_Last_6_All_Available_Histories":"0","Total_Credit_Limit_of_All_Open_Account_PPs":"0","Percent_1_Arrears_of_Last_3_All_Available_Histories":"0","Current_Balance_of_All_PPs":"1835","Number_of_all_accounts_opened_4to12_months_ago":"3","Monthly_Installment_Value_of_Currently_Open_All_PPs":"1835","Percent_2_Arrears_of_Last_24_All_Available_Histories":"0","Number_of_Absconded_All_PPs":"0","Number_of_All_PPs_in_the_Last_5_Years":"4","Number_of_Times_2_Arrears_of_Last_6_All_Available_Histories":"0","Number_of_All_PPs_in_the_Last_4_Years":"4","Months_Since_Most_Recent_Opened_PP":"4","Total_number_of_all_Delinquent_Accounts":"0","Number_of_Times_0_Arrears_of_Last_12_All_Available_Histories":"52","Total_outstanding_CPA_balance_on_accounts_opened_for_at_least_12_months_excluding_home_loans":"300","Percent_2_Arrears_of_Last_12_All_Available_Histories":"0","Total_outstanding_CPA_balance_excluding_home_loans":"1835","Worst_current_status_on_active_non_delinquent_non_revolving_accounts":"0","Number_of_Written_Off_All_PPs":"0","Outstanding_Balance_on_delinquent_revolving_CPA_accounts":"0","Total_Monthly_CPA_Installment_All":"0","Number_of_Times_3_Arrears_of_Last_6_All_Available_Histories":"0","Number_of_All_PPs_Ever":"6","Worst_Current_Status_on_active_All_CPA_accounts":"0","Total_Balance_of_Fixed_Installment_All_PPs":"0","Worst_Arrears_on_Closed_All_PPs":"0","Number_of_Times_0_Arrears_of_Last_6_All_Available_Histories":"29","Number_of_Times_3_Arrears_of_Last_12_All_Available_Histories":"0","Cumulative_Installment_Value":"1835","Number_of_Open_Revolving_All_PPs":"0","Worst_current_status_on_active_non_delinquent_revolving_accounts":"","Percent_1_Arrears_of_Last_24_All_Available_Histories":"0","Worst_Arrears_on_Open_All_PPs":"0","Capital_Amount_of_All_PPs_Opened_in_the_Last_2_Years":"0","Capital_Amount_of_All_PPs_Opened_in_the_Last_180_Days":"0","Worst_status_in_the_last_6_months_on_non_delinquent_home_loan_accounts":"","Number_of_All_PPs_in_the_Last_Year":"3","Worst_status_in_the_last_6_months_on_All_accounts_opened_4to12_months_ago":"0","Number_of_Closed_Fixed_Installment_All_PPs":"0","Number_of_Times_3_Arrears_of_Last_24_All_Available_Histories":"0","Worst_Arrears_on_All_PPs_in_the_Last_180_Days":"0","Percent_2_Arrears_of_Last_6_All_Available_Histories":"0","Number_of_All_PPs_in_the_Last_90_Days":"0","Percent_0_Arrears_of_Last_3_All_Available_Histories":"100","Cumulative_Outstanding_Balance":"1835","Total_Credit_Limit_of_Fixed_Installment_All_PPS":"0","Number_of_Disputed_All_PPs":"0","Total_Credit_Limit_of_Revolving_All_PPs":"0","Percent_0_Arrears_of_Last_24_All_Available_Histories":"100","Percent_3_Arrears_of_Last_6_All_Available_Histories":"0","Worst_Arrears_Level_of_the_Account_Opened_Most_Recently":"0","Outstanding_Balance_on_non_delinquent_revolving_CPA_opened_L6m":"0","Percent_2_Arrears_of_Last_3_All_Available_Histories":"0","Percent_1_Arrears_of_Last_12_All_Available_Histories":"0","Number_of_Times_0_Arrears_of_Last_24_All_Available_Histories":"88","Total_value_of_All_Delinquent_accounts":"0","Worst_Arrears_on_Any_All_PPs_ever":"0","Days_since_most_recent_All_Delinquent_CPA__account_":"","Months_Since_Oldest_Opened_PPs_ever_all":"134","Number_of_Times_2_Arrears_of_Last_3_All_Available_Histories":"0","Months_since_most_recent_non_Delinquent_CPA__Home_loan_account_opened":"","Number_of_All_PPs_in_the_Last_3_Years":"4","Number_of_All_PPs_in_the_Last_30_Days":"0","Total_outstanding_CPA_balance_on_CPA_nondelinquent_home_loan_accounts_opened_in_the_last_12_months":"0","Number_of_Times_2_Arrears_of_Last_24_All_Available_Histories":"0","Worst_status_in_the_last_6_months_on_All_accounts_opened_for_at_least_12_months":"0","Total_Outstanding_CPA_Balance_All":"0","Number_of_All_PPs_in_the_Last_2_Years":"3","Total_outstanding_CPA_balance_on_accounts_opened_4to12_months_ago_excluding_home_loans":"1535","Percent_0_Arrears_of_Last_12_All_Available_Histories":"100","Worst_status_in_the_last_3_months_for_active_non_delinquent_CPA_accounts_opened_in_the_last_12_months":"0","Number_of_Times_0_Arrears_of_Last_3_Available_Histories":"15","Total_Installment_of_Fixed_Installment_All_PPs":"0","Worst_status_in_the_last_3_months_on_All_accounts_opened_for_at_least_12_months":"0","Capital_Amount_of_All_PPs_Opened_in_the_Last_Year":"0","Percent_3_Arrears_of_Last_3_All_Available_Histories":"0"}},"NLR":{"Own":{"Number_of_NLR_accounts_opened_4to12_months_ago":"0","Percent_2_Arrears_of_Last_24_Own_Available_Histories":"0","Monthly_NLR_Installment_Own":"0","Total_value_of_NLR_Delinquent_accounts":"0","Number_of_Own_PPs_in_the_Last_3_Years":"0","Number_of_Times_2_Arrears_of_Last_12_Own_Available_Histories":"0","Percent_3_Arrears_of_Last_12_Own_Available_Histories":"0","Total_Balance_of_Revolving_Own_PPs":"0","Percent_1_Arrears_of_Last_12_Own_Available_Histories":"0","Number_of_Times_1_Arrears_of_Last_24_Own_Available_Histories":"0","Number_of_Own_PPs_in_the_Last_4_Years":"0","Worst_status_in_the_last_3_months_on_NLR_accounts_opened_for_at_least_12_months":"","Capital_Amount_of_Own_PPs_Opened_in_the_Last_180_Days":"0","Number_of_Own_Revolving_PPs_Ever":"0","Capital_Amount_of_Own_PPs_Opened_in_the_Last_2_Years":"0","Percent_2_Arrears_of_Last_12_Own_Available_Histories":"0","Days_since_most_recent_NLR_Delinquent___account_":"","Worst_status_in_the_last_3_months_for_active_non_delinquent__accounts_opened_in_the_last_12_months":"","Percent_1_Arrears_of_Last_24_Own_Available_Histories":"0","Number_of_Own_Fixed_Installment_PPs_Ever":"0","Number_of_Closed_Fixed_Installment_Own_PPs":"0","Number_of_Times_0_Arrears_of_Last_6_Own_Available_Histories":"0","Percent_0_Arrears_of_Last_6_Own_Available_Histories":"0","Total_Balance_of_Fixed_Installment_Own_PPs":"0","Percent_2_Arrears_of_Last_3_Own_Available_Histories":"0","Number_of_Currently_Open_Own_PPs":"0","Capital_Amount_of_Own_PPs_Opened_in_the_Last_90_Days":"0","Total_Credit_Limit_of_Fixed_Installment_Own_PPS":"0","Total_Outstanding_One_Month_Balance_":"0","Number_of_Own_PPs_in_the_Last_180_Days":"0","Worst_status_in_the_last_4to6_months_for_NLR_active_non_delinquent__accounts_":"","Monthly_Installment_Value_of_Currently_Open_Own_PPs":"0","Number_of_Times_2_Arrears_of_Last_3_Own_Available_Histories":"0","Worst_status_in_the_last_3_months_on_NLR_accounts_opened_4to12_months_ago":"","Number_of_Times_0_Arrears_of_Last_12_Own_Available_Histories":"0","Worst_Arrears_on_Closed_Own_PPs":"","Number_of_Times_0_Arrears_of_Last_24_Own_Available_Histories":"0","Number_of_Habitually_Slow_Own_PPs":"0","Number_of_Times_2_Arrears_of_Last_24_Own_Available_Histories":"0","Total_number_of_NLR_Delinquent_Accounts_":"0","Worst_Arrears_on_Own_PPs_in_the_Last_90_days":"","Number_of_Open_Fixed_Installment_Own_PPs":"0","Worst_status_last_3_months_for_active__non_delinquent__accounts_opened_for_more_than_12months_":"","Months_Since_Most_Recent_Opened_PP":"","Worst_Current_Status_on_active_NLR__accounts":"","Worst_Arrears_on_Own_PPs_in_the_Last_180_days":"","Capital_Amount_of_Own_PPs_Opened_in_the_Last_30_Days":"0","Total_outstanding_balance_on_NLR_active_accounts":"0","Total_Installment_of_Fixed_Installment_Own_PPs":"0","Worst_current_status_on_active_non_delinquent_non_revolving_accounts":"","Number_of_Absconded_Own_PPs":"0","Number_of_Own_PPs_in_the_Last_30_Days":"0","Worst_Arrears_on_Own_PPs_in_the_Last_Year":"","Worst_Arrears_on_Open_Own_PPs":"","Number_of_Own_PPs_in_the_Last_90_Days":"0","Outstanding_Balance_on_delinquent_revolving_NLR_accounts":"0","Number_of_Times_3_Arrears_of_Last_24_Own_Available_Histories":"0","Cumulative_Installment_Value":"0","Worst_current_status_on_active_non_delinquent_revolving_accounts":"","Percent_0_Arrears_of_Last_12_Own_Available_Histories":"0","Total_Credit_Limit_of_Revolving_Own_PPs":"0","Number_of_Times_1_Arrears_of_Last_12_Own_Available_Histories":"0","Number_of_Disputed_Own_PPs":"0","Percent_3_Arrears_of_Last_3_Own_Available_Histories":"0","Number_of_Times_3_Arrears_of_Last_3_Own_Available_Histories":"0","Number_of_Own_PPs_in_the_Last_2_Years":"0","Number_of_Times_3_Arrears_of_Last_6_Own_Available_Histories":"0","Number_of_own_PPs_Ever":"0","Cumulative_Outstanding_Balance":"0","Outstanding_NLR_Balance_Own":"0","Worst_status_in_the_last_6_months_on_NLR_accounts_opened_for_at_least_12_months":"","Percent_1_Arrears_of_Last_3_Own_Available_Histories":"0","Percent_3_Arrears_of_Last_6_Own_Available_Histories":"0","Worst_Arrears_Level_of_the_Account_Opened_Most_Recently":"","Number_of_Own_PPs_in_the_Last_Year":"0","Number_of_Times_3_Arrears_of_Last_12_Own_Available_Histories":"0","Worst_status_in_the_last_6_months_on_NLR_accounts_opened_4to12_months_ago":"","Capital_Amount_of_Own_PPs_Opened_in_the_Last_Year":"0","Number_of_Times_2_Arrears_of_Last_6_Own_Available_Histories":"0","Total_number_of_NLR_Active_accounts":"0","Number_of_Times_1_Arrears_of_Last_6_Own_Available_Histories":"0","Percent_0_Arrears_of_Last_24_Own_Available_Histories":"0","Number_of_Closed_Revolving_Own_PPs":"0","Total_Monthly_One_Month_Installment_":"0","Percent_2_Arrears_of_Last_6_Own_Available_Histories":"0","Number_of_NLR_accounts_opened_for_at_least_12_months":"0","Number_of_Closed_Own_PPs":"0","Number_of_Own_PPs_in_the_Last_5_Years":"0","Percent_1_Arrears_of_Last_6_Own_Available_Histories":"0","Worst_Arrears_on_Own_PPs_ever":"","Percent_0_Arrears_of_Last_3_Own_Available_Histories":"0","Number_of_Written_Off_Own_PPs":"0","Months_Since_Oldest_Opened_PPs_ever_own":"","Current_Balance_of_Own_PPs":"0","Number_of_Times_0_Arrears_of_Last_3_Available_Histories":"0","Outstanding_Balance_on_non_delinquent_revolving_NLR_opened_L6m":"0","Number_of_Times_1_Arrears_of_Last_3_Own_Available_Histories":"0","Total_Installment_of_Revolving_Own_PPs":"0","Total_number_of__active_non_delinquent_NLR_accounts_opened_L6m":"0","Number_of_Open_Revolving_Own_PPs":"0","Percent_3_Arrears_of_Last_24_Own_Available_Histories":"0"},"Other":{"Number_of_NLR_accounts_opened_4to12_months_ago":"0","Number_of_Currently_Open_Other_PPs":"0","Percent_1_Arrears_of_Last_12_Other_Available_Histories":"0","Percent_3_Arrears_of_Last_3_Other_Available_Histories":"0","Number_of_Other_PPs_in_the_Last_4_Years":"0","Total_value_of_NLR_Delinquent_accounts":"0","Worst_Arrears_on_Other_PPs_in_the_Last_90_days":"","Number_of_Times_0_Arrears_of_Last_6_Other_Available_Histories":"0","Capital_Amount_of_Other_PPs_Opened_in_the_Last_180_Days":"0","Percent_1_Arrears_of_Last_24_Other_Available_Histories":"0","Total_Balance_of_Revolving_Other_PPs":"0","Number_of_Other_PPs_in_the_Last_30_Days":"0","Worst_status_in_the_last_3_months_on_NLR_accounts_opened_for_at_least_12_months":"","Number_of_Times_1_Arrears_of_Last_24_Other_Available_Histories":"0","Days_since_most_recent_NLR_Delinquent___account_":"","Total_Credit_Limit_of_Fixed_Installment_Other_PPS":"0","Worst_status_in_the_last_3_months_for_active_non_delinquent__accounts_opened_in_the_last_12_months":"","Number_of_Other_PPs_in_the_Last_5_Years":"0","Total_Installment_of_Fixed_Installment_Other_PPs":"0","Number_of_Closed_Revolving_Other_PPs":"0","Worst_status_last_3_months_for_active__non_delinquent_accounts_opened_for_more_than_12months_":"","Capital_Amount_of_Other_PPs_Opened_in_the_Last_2_Years":"0","Capital_Amount_of_Other_PPs_Opened_in_the_Last_90_Days":"0","Number_of_Other_PPs_in_the_Last_Year":"0","Number_of_Times_0_Arrears_of_Last_12_Other_Available_Histories":"0","Number_of_Other_PPs_in_the_Last_3_Years":"0","Percent_1_Arrears_of_Last_6_Other_Available_Histories":"0","Capital_Amount_of_Other_PPs_Opened_in_the_Last_Year":"0","Monthly_Installment_Value_of_Currently_Open_Other_PPs":"0","Total_Outstanding_One_Month_Balance_":"0","Percent_0_Arrears_of_Last_12_Other_Available_Histories":"0","Total_number_of_NLR_Delinquent_Accounts":"0","Number_of_Times_3_Arrears_of_Last_12_Other_Available_Histories":"0","Number_of_Times_2_Arrears_of_Last_3_Other_Available_Histories":"0","Worst_status_in_the_last_4to6_months_for_NLR_active_non_delinquent__accounts_":"","Percent_1_Arrears_of_Last_3_Other_Available_Histories":"0","Worst_status_in_the_last_3_months_on_NLR_accounts_opened_4to12_months_ago":"","Number_of_Times_1_Arrears_of_Last_12_Other_Available_Histories":"0","Number_of_Disputed_Other_PPs":"0","Number_of_Other_PPs_in_the_Last_180_Days":"0","Number_of_Times_1_Arrears_of_Last_3_Other_Available_Histories":"0","Percent_3_Arrears_of_Last_12_Other_Available_Histories":"0","Months_Since_Most_Recent_Opened_PP":"","Number_of_Times_2_Arrears_of_Last_24_Other_Available_Histories":"0","Worst_Current_Status_on_active_NLR__accounts":"","Percent_3_Arrears_of_Last_24_Other_Available_Histories":"0","Percent_2_Arrears_of_Last_6_Other_Available_Histories":"0","Number_of_Times_0_Arrears_of_Last_24_Other_Available_Histories":"0","Total_outstanding_balance_on_NLR_active_accounts":"0","Worst_current_status_on_active_non_delinquent_non_revolving_accounts":"","Worst_Arrears_on_Other_PPs_ever":"","Number_of_Other_Fixed_Installment_PPs_Ever":"0","Outstanding_Balance_on_delinquent_revolving_NLR_accounts":"0","Percent_0_Arrears_of_Last_3_Other_Available_Histories":"0","Number_of_Habitually_Slow_Other_PPs":"0","Percent_2_Arrears_of_Last_24_Other_Available_Histories":"0","Number_of_Times_3_Arrears_of_Last_24_Other_Available_Histories":"0","Number_of_Other_PPs_Ever":"0","Number_of_Open_Revolving_Other_PPs":"0","Cumulative_Installment_Value":"0","Number_of_Other_PPs_in_the_Last_90_Days":"0","Worst_current_status_on_active_non_delinquent_revolving_accounts":"","Current_Balance_of_Other_PPs":"0","Number_of_Times_2_Arrears_of_Last_12_Other_Available_Histories":"0","Number_of_Closed_Fixed_Installment_Other_PPs":"0","Cumulative_Outstanding_Balance":"0","Worst_status_in_the_last_6_months_on_NLR_accounts_opened_for_at_least_12_months":"","Number_of_Times_3_Arrears_of_Last_3_Other_Available_Histories":"0","Percent_0_Arrears_of_Last_24_Other_Available_Histories":"0","Worst_Arrears_on_Other_PPs_in_the_Last_Year":"","Total_Balance_of_Fixed_Installment_Other_PPs":"0","Number_of_Other_PPs_in_the_Last_2_Years":"0","Percent_2_Arrears_of_Last_3_Other_Available_Histories":"0","Worst_Arrears_Level_of_the_Account_Opened_Most_Recently":"","Total_Installment_of_Revolving_Other_PPs":"0","Number_of_Open_Fixed_Installment_Other_PPs":"0","Worst_status_in_the_last_6_months_on_NLR_accounts_opened_4to12_months_ago":"","Worst_Arrears_on_Open_Other_PPs":"","Months_Since_Oldest_Opened_PPs_ever_Other":"","Number_of_Times_2_Arrears_of_Last_6_Other_Available_Histories":"0","Number_of_Closed_Other_PPs":"0","Number_of_Absconded_Other_PPs":"0","Number_of_Written_Off_Other_PPs":"0","Total_Monthly_One_Month_Installment_":"0","Worst_Arrears_on_Closed_Other_PPs":"","Number_of_NLR_accounts_opened_for_at_least_12_months":"0","Number_of_Times_1_Arrears_of_Last_6_Other_Available_Histories":"0","Percent_3_Arrears_of_Last_6_Other_Available_Histories":"0","Capital_Amount_of_Other_PPs_Opened_in_the_Last_30_Days":"0","Monthly_NLR_Installment_Other":"0","Number_of_Other_Revolving_PPs_Ever":"0","Percent_2_Arrears_of_Last_12_Other_Available_Histories":"0","Total_Credit_Limit_of_Revolving_Other_PPs":"0","Outstanding_NLR_Balance_Other":"0","Percent_0_Arrears_of_Last_6_Other_Available_Histories":"0","Number_of_Times_0_Arrears_of_Last_3_Available_Histories":"0","Outstanding_Balance_on_non_delinquent_revolving_NLR_opened_L6m":"0","Number_of_Times_3_Arrears_of_Last_6_Other_Available_Histories":"0","Total_number_of__active_non_delinquent_NLR_accounts_opened_L6m":"0","Total_number_of_NLR_Active_accounts_":"0","Worst_Arrears_on_Other_PPs_in_the_Last_180_days":""},"AllValue":{"Number_of_NLR_accounts_opened_4to12_months_ago":"0","Percent_1_Arrears_of_Last_6_All_Available_Histories":"0","Number_of_Closed_All_PPs":"0","Number_of_Times_3_Arrears_of_Last_3_All_Available_Histories":"0","Number_of_Times_1_Arrears_of_Last_12_All_Available_Histories":"0","Total_value_of_NLR_Delinquent_accounts":"0","Worst_Arrears_on_All_PPs_in_the_Last_Year":"","Capital_Amount_of_All_PPs_Opened_in_the_Last_90_Days":"0","Number_of_Open_Fixed_Installment_All_PPs":"0","Number_of_Times_1_Arrears_of_Last_3_All_Available_Histories":"0","Worst_status_in_the_last_3_months_on_NLR_accounts_opened_for_at_least_12_months":"","Worst_Arrears_on_All_PPs_in_the_Last_180_days":"","Number_of_Closed_Revolving_All_PPs":"0","Days_since_most_recent_NLR_Delinquent___account_":"","Worst_status_in_the_last_3_months_for_active_non_delinquent__accounts_opened_in_the_last_12_months":"","Worst_status_last_3_months_for_active__non_delinquent_accounts_opened_for_more_than_12months_":"","Percent_3_Arrears_of_Last_12_All_Available_Histories":"0","Number_of_Times_2_Arrears_of_Last_12_All_Available_Histories":"0","Number_of_All_Revolving_PPs_Ever":"0","Number_of_All_Fixed_Installment_PPs_Ever":"0","Total_Balance_of_Revolving_All_PPs":"0","Number_of_Currently_Open_All_PPs":"0","Number_of_Times_1_Arrears_of_Last_24_All_Available_Histories":"0","Number_of_Habitually_Slow_All_PPs":"0","Total_Outstanding_One_Month_Balance_":"0","Total_Installment_of_Revolving_All_PPs":"0","Number_of_All_PPs_in_the_Last_180_days":"0","Percent_0_Arrears_of_Last_6_All_Available_Histories":"0","Total_number_of_NLR_Delinquent_Accounts":"0","Capital_Amount_of_All_PPs_Opened_in_the_Last_30_Days":"0","Worst_status_in_the_last_4to6_months_for_NLR_active_non_delinquent__accounts_":"","Worst_status_in_the_last_3_months_on_NLR_accounts_opened_4to12_months_ago":"","Percent_3_Arrears_of_Last_24_All_Available_Histories":"0","Number_of_Times_1_Arrears_of_Last_6_All_Available_Histories":"0","Percent_1_Arrears_of_Last_3_All_Available_Histories":"0","Current_Balance_of_All_PPs":"0","Monthly_Installment_Value_of_Currently_Open_All_PPs":"0","Percent_2_Arrears_of_Last_24_All_Available_Histories":"0","Number_of_Absconded_All_PPs":"0","Number_of_All_PPs_in_the_Last_5_Years":"0","Number_of_Times_2_Arrears_of_Last_6_All_Available_Histories":"0","Worst_Arrears_on_All_PPs_in_the_Last_90_days":"","Number_of_All_PPs_in_the_Last_4_Years":"0","Months_Since_Most_Recent_Opened_PP":"","Worst_Current_Status_on_active_NLR__accounts":"","Number_of_Times_0_Arrears_of_Last_12_All_Available_Histories":"0","Percent_2_Arrears_of_Last_12_All_Available_Histories":"0","Total_outstanding_balance_on_NLR_active_accounts":"0","Worst_current_status_on_active_non_delinquent_non_revolving_accounts":"","Number_of_Written_Off_All_PPs":"0","Total_Outstanding_NLR_Balance_All":"0","Number_of_Times_3_Arrears_of_Last_6_All_Available_Histories":"0","Number_of_All_PPs_Ever":"0","Total_Balance_of_Fixed_Installment_All_PPs":"0","Outstanding_Balance_on_delinquent_revolving_NLR_accounts":"0","Worst_Arrears_on_Closed_All_PPs":"","Number_of_Times_0_Arrears_of_Last_6_All_Available_Histories":"0","Number_of_Times_3_Arrears_of_Last_12_All_Available_Histories":"0","Cumulative_Installment_Value":"0","Number_of_Open_Revolving_All_PPs":"0","Worst_current_status_on_active_non_delinquent_revolving_accounts":"","Percent_1_Arrears_of_Last_24_All_Available_Histories":"0","Worst_Arrears_on_Open_All_PPs":"","Capital_Amount_of_All_PPs_Opened_in_the_Last_2_Years":"0","Capital_Amount_of_All_PPs_Opened_in_the_Last_180_Days":"0","Months_Since_Oldest_Opened_PPs_ever_All":"","Number_of_All_PPs_in_the_Last_Year":"0","Total_Monthly_NLR_Installment_All":"0","Number_of_Closed_Fixed_Installment_All_PPs":"0","Number_of_Times_3_Arrears_of_Last_24_All_Available_Histories":"0","Percent_2_Arrears_of_Last_6_All_Available_Histories":"0","Number_of_All_PPs_in_the_Last_90_Days":"0","Percent_0_Arrears_of_Last_3_All_Available_Histories":"0","Cumulative_Outstanding_Balance":"0","Total_Credit_Limit_of_Fixed_Installment_All_PPS":"0","Number_of_Disputed_All_PPs":"0","Worst_status_in_the_last_6_months_on_NLR_accounts_opened_for_at_least_12_months":"","Total_Credit_Limit_of_Revolving_All_PPs":"0","Percent_0_Arrears_of_Last_24_All_Available_Histories":"0","Percent_3_Arrears_of_Last_6_All_Available_Histories":"0","Worst_Arrears_Level_of_the_Account_Opened_Most_Recently":"","Worst_Arrears_on_All_PPs_ever":"","Percent_2_Arrears_of_Last_3_All_Available_Histories":"0","Percent_1_Arrears_of_Last_12_All_Available_Histories":"0","Worst_status_in_the_last_6_months_on_NLR_accounts_opened_4to12_months_ago":"","Number_of_Times_0_Arrears_of_Last_24_All_Available_Histories":"0","Number_of_Times_2_Arrears_of_Last_3_All_Available_Histories":"0","Total_Monthly_One_Month_Installment_":"0","Number_of_All_PPs_in_the_Last_3_Years":"0","Number_of_All_PPs_in_the_Last_30_Days":"0","Number_of_NLR_accounts_opened_for_at_least_12_months":"0","Number_of_Times_2_Arrears_of_Last_24_All_Available_Histories":"0","Number_of_All_PPs_in_the_Last_2_Years":"0","Percent_0_Arrears_of_Last_12_All_Available_Histories":"0","Number_of_Times_0_Arrears_of_Last_3_Available_Histories":"0","Total_Installment_of_Fixed_Installment_All_PPs":"0","Outstanding_Balance_on_non_delinquent_revolving_NLR_opened_L6m":"0","Total_number_of__active_non_delinquent_NLR_accounts_opened_L6m":"0","Capital_Amount_of_All_PPs_Opened_in_the_Last_Year":"0","Total_number_of_NLR_Active_accounts_":"0","Percent_3_Arrears_of_Last_3_All_Available_Histories":"0"}}},"NLR_Past_24_Months":{"Positive_loans":"0","Highest_months_in_arrears":""},"Adverses":{"CPA":{"Number_of_Adverses_in_the_Previous_6_Months":"0","Number_of_CPA_adverses_ever":"0","Number_of_Adverses_in_the_Last_30_days":"0","Total_Value_of_all_Adverses":"0","Number_of_Adverses_in_the_Last_2_years":"0","Highest_Adverse_Value":"0","Number_of_Adverses_in_the_Last_3_years":"0","Months_since_most_recent_CPA_adverse":"","Total_value_of_all_CPA_adverses":"0","Number_of_Adverses_in_the_Last_year":"0","Number_of_Adverses_in_the_Last_19_to_36_Months":"0","Number_of_Adverses_in_the_Last_4_years":"0","Number_of_Adverses_in_the_Last_90_days":"0","Months_Since_Most_Recent_Adverse":"","Number_of_Adverses_in_the_Last_5_years":"0","Total_Number_of_Adverses_Ever":"0","Months_Since_Highest_Adverse":"","Number_of_Adverses_in_the_Last_180_days":"0","Value_of_Most_Recent_Adverse":"0"},"NLR":{"Number_of_Adverses_in_the_Previous_6_Months":"0","Total_value_of_all_NLR_adverses":"0","Number_of_NLR_adverses_ever":"0","Number_of_Adverses_in_the_Last_30_days":"0","Total_Value_of_all_Adverses":"0","Number_of_Adverses_in_the_Last_2_years":"0","Highest_Adverse_Value":"0","Number_of_Adverses_in_the_Last_3_years":"0","Number_of_Adverses_in_the_Last_year":"0","Number_of_Adverses_in_the_Last_19_to_36_Months":"0","Number_of_Adverses_in_the_Last_4_years":"0","Number_of_Adverses_in_the_Last_90_days":"0","Months_Since_Most_Recent_Adverse":"","Months_since_most_recent_NLR_adverse":"","Number_of_Adverses_in_the_Last_5_years":"0","Total_Number_of_Adverses_Ever":"0","Months_Since_Highest_Adverse":"","Number_of_Adverses_in_the_Last_180_days":"0","Value_of_Most_Recent_Adverse":"0"}},"NLR_Past_12_Months":{"Positive_loans":"0"},"CPA_CumulativeArrears":"0","CPA_Past_24_Months":{"Positive_loans":"4","Highest_months_in_arrears":"0"}},"Telephones":{"Telephone":[{"PhonePrefix":"021","PhoneType":{"type":"Work"}},{"PhonePrefix":"082","PhoneType":{"type":"Cell"}},{"PhonePrefix":"076","PhoneType":{"type":"Cell"}}]}},"user-uuid":"3da8c835-1ee2-41df-8d92-60c8f638ea5a"}