{"account-id":"891300","client-ref":"0372498590-1542623722","bureau-id":"EX","pulled-timestamp":"2018-11-19T10:35:22","report-id":"42898540","report":{"Addresses":{"Address":[{"ReportDate":"20170930","Relation":"Primary Address","City":"JEFFREYS B","ZipCode":"0000","CityArea":""},{"ReportDate":"20170930","Relation":"Primary Address","City":"","ZipCode":"0000","CityArea":""},{"ReportDate":"20150930","Relation":"Primary Address","City":"","ZipCode":"0633","CityArea":"JEFFREYS BAY"},{"ReportDate":"20150512","Relation":"Primary Address","City":"","ZipCode":"6330","CityArea":"JEFFREYS BAY"},{"ReportDate":"20140612","Relation":"Primary Address","City":"","ZipCode":"6330","CityArea":""}]},"SubscriberInfo":{"LastUpdateDate":"","ParentSubscriber":"","BusinessType":"0","Phone":"","SAFPSMemberRegNbr":"","LegalName":""},"Detect":{"DisputeIndicator":"N","IDverification":{"SurnameVerified":"Yes","InitialsVerified":"One initial matched","IDverified":"Yes"},"DebtRestructure":{"code":""}},"Session":{"Environment":"PRODUCTION","User_ID":"CLEARPROD","RequestType":"XML2","Version":"1.0.0","GroupName":"014227","Group_ID":"014227","Subscriber_ID":"014227","FullName":"CLEARPROD"},"Employers":{"Employer":[{"Employer_Address":"SALARIED EMPLOYEE","Occupation":"SALARIED EMPLOYEE   00","Date_Supplied":"00000000"}]},"ScoreBlock":{"Delphi":[{"ScoreName":"Delphi New Business G4.1 Banki ","Scorecard_Identifier":"403","RequestID":"17","Score":"626","ReasonCode":"D310D302D301D303D304"}]},"Accounts":{"CPA":{"Other":[{"EndUseCode":"O","Repayment_Frequency_Code":"03","Installment":"1245","Ownership_Type_Code":"00","History_of_most_recent_12_months":"??00","No_of_Participants_Joint_Loan":"  0","PaymentStatus":"00","CreditLimit":"33489","RepaymentPeriod":"0060","Ownership_Type_Description":"Other","Subscriber":"NEDBANK PERSONAL LOANS","StatusDate":"00000000","LastPayment":"1245","OverdueAmount":"0","CurrentBalance":"34001","Subscriber_Code":"999999","Account_Sold_Third_Party_Indicator":" 0","Payment_Type_Description":"Other","OpenBalance":"33489","Repayment_Frequency_Desc":"Monthly","AccountType":{"value":"Personal cash loan","code":"P "},"Third_Party_Name":"","Worst_history_in_the_last_12_months":"0","BalanceDate":"20180930","Worst_Payment_History":"0","PaymentCycle":{"Payment":[{"StatusDate":"20181101","Months":"??","Status":{"value":"No data","code":"??"}},{"StatusDate":"20181001","Months":"??","Status":{"value":"No data","code":"??"}},{"StatusDate":"20180901","Months":"00","Status":{"value":"Open or current","code":"  "}},{"StatusDate":"20180801","Months":"00","Status":{"value":"Open or current","code":"  "}}]},"AccountNo":"2555ff1fd851c583418ddb8b539e3e34cc8de5eee4fe2f19a28ff2775ca71282","Industry_Code":"","Deferred_Payment_Date":"20180901","OpenDate":"20180803","LastPaymentDate":"20180928","Payment_Type_Code":"00","Status":{"value":"Open or current","code":" "}},{"EndUseCode":"O","Repayment_Frequency_Code":"03","Installment":"119","Ownership_Type_Code":"00","History_of_most_recent_12_months":"??0?00000000","No_of_Participants_Joint_Loan":"  0","PaymentStatus":"00","CreditLimit":"0","RepaymentPeriod":"0000","Ownership_Type_Description":"Other","Subscriber":"THE UNLIMITED","StatusDate":"00000000","LastPayment":"119","OverdueAmount":"0","CurrentBalance":"119","Subscriber_Code":"999999","Account_Sold_Third_Party_Indicator":" 0","Payment_Type_Description":"Other","OpenBalance":"0","Repayment_Frequency_Desc":"Monthly","AccountType":{"value":"Short term insurance","code":"S "},"Third_Party_Name":"","Worst_history_in_the_last_12_months":"0","BalanceDate":"20180930","Worst_Payment_History":"0","PaymentCycle":{"Payment":[{"StatusDate":"20181101","Months":"??","Status":{"value":"No data","code":"??"}},{"StatusDate":"20181001","Months":"??","Status":{"value":"No data","code":"??"}},{"StatusDate":"20180901","Months":"00","Status":{"value":"Open or current","code":"  "}},{"StatusDate":"20180801","Months":"??","Status":{"value":"Open or current","code":"  "}},{"StatusDate":"20180701","Months":"00","Status":{"value":"Open or current","code":"  "}},{"StatusDate":"20180601","Months":"00","Status":{"value":"Open or current","code":"  "}},{"StatusDate":"20180501","Months":"00","Status":{"value":"Open or current","code":"  "}},{"StatusDate":"20180401","Months":"00","Status":{"value":"Open or current","code":"  "}},{"StatusDate":"20180301","Months":"00","Status":{"value":"Open or current","code":"  "}},{"StatusDate":"20180201","Months":"00","Status":{"value":"Open or current","code":"  "}},{"StatusDate":"20180101","Months":"00","Status":{"value":"Open or current","code":"  "}},{"StatusDate":"20171201","Months":"00","Status":{"value":"Open or current","code":"  "}},{"StatusDate":"20171101","Months":"00","Status":{"value":"Open or current","code":"  "}},{"StatusDate":"20171001","Months":"00","Status":{"value":"Open or current","code":"  "}},{"StatusDate":"20170901","Months":"00","Status":{"value":"Open or current","code":"  "}}]},"AccountNo":"c9176c5e1376f7d0564ebb4f1cc9034dc08b684e5ad5892bba84c9da358135c6","Industry_Code":"","Deferred_Payment_Date":"00000000","OpenDate":"20170919","LastPaymentDate":"20180928","Payment_Type_Code":"00","Status":{"value":"Open or current","code":" "}},{"EndUseCode":"O","Repayment_Frequency_Code":"03","Installment":"0","Ownership_Type_Code":"00","History_of_most_recent_12_months":"???0000?0000","No_of_Participants_Joint_Loan":"  0","PaymentStatus":"00","CreditLimit":"27361","RepaymentPeriod":"0048","Ownership_Type_Description":"Other","Subscriber":"NEDBANK PERSONAL LOANS","StatusDate":"20180803","LastPayment":"0","OverdueAmount":"0","CurrentBalance":"0","Subscriber_Code":"999999","Account_Sold_Third_Party_Indicator":" 0","Payment_Type_Description":"Other","OpenBalance":"27361","Repayment_Frequency_Desc":"Monthly","AccountType":{"value":"Personal cash loan","code":"P "},"Third_Party_Name":"","Worst_history_in_the_last_12_months":"0","BalanceDate":"20180831","Worst_Payment_History":"0","PaymentCycle":{"Payment":[{"StatusDate":"20181101","Months":"??","Status":{"value":"No data","code":"??"}},{"StatusDate":"20181001","Months":"??","Status":{"value":"No data","code":"??"}},{"StatusDate":"20180901","Months":"??","Status":{"value":"No data","code":"??"}},{"StatusDate":"20180801","Months":"00","Status":{"value":"Account closed","code":"C "}},{"StatusDate":"20180701","Months":"00","Status":{"value":"Open or current","code":"  "}},{"StatusDate":"20180601","Months":"00","Status":{"value":"Open or current","code":"  "}},{"StatusDate":"20180501","Months":"00","Status":{"value":"Open or current","code":"  "}},{"StatusDate":"20180401","Months":"??","Status":{"value":"Open or current","code":"  "}},{"StatusDate":"20180301","Months":"00","Status":{"value":"Open or current","code":"  "}},{"StatusDate":"20180201","Months":"00","Status":{"value":"Open or current","code":"  "}},{"StatusDate":"20180101","Months":"00","Status":{"value":"Open or current","code":"  "}},{"StatusDate":"20171201","Months":"00","Status":{"value":"Open or current","code":"  "}},{"StatusDate":"20171101","Months":"00","Status":{"value":"Open or current","code":"  "}},{"StatusDate":"20171001","Months":"00","Status":{"value":"Open or current","code":"  "}},{"StatusDate":"20170901","Months":"00","Status":{"value":"Open or current","code":"  "}},{"StatusDate":"20170801","Months":"00","Status":{"value":"Open or current","code":"  "}}]},"AccountNo":"dc3b10f558be16d28eb93e77906a39b668bd26710662f02cddec51e5899b27db","Industry_Code":"","Deferred_Payment_Date":"20170901","OpenDate":"20170825","LastPaymentDate":"20180803","Payment_Type_Code":"00","Status":{"value":"Account closed","code":"C"}},{"EndUseCode":"O","Repayment_Frequency_Code":"03","Installment":"0","Ownership_Type_Code":"00","History_of_most_recent_12_months":"????????????","No_of_Participants_Joint_Loan":"  0","PaymentStatus":"00","CreditLimit":"19197","RepaymentPeriod":"0060","Ownership_Type_Description":"Other","Subscriber":"NEDBANK PERSONAL LOANS","StatusDate":"20170825","LastPayment":"0","OverdueAmount":"0","CurrentBalance":"0","Subscriber_Code":"999999","Account_Sold_Third_Party_Indicator":" 0","Payment_Type_Description":"Other","OpenBalance":"19197","Repayment_Frequency_Desc":"Monthly","AccountType":{"value":"Personal cash loan","code":"P "},"Third_Party_Name":"","Worst_history_in_the_last_12_months":"","BalanceDate":"20170831","Worst_Payment_History":"0","PaymentCycle":{"Payment":[{"StatusDate":"20181101","Months":"??","Status":{"value":"No data","code":"??"}},{"StatusDate":"20181001","Months":"??","Status":{"value":"No data","code":"??"}},{"StatusDate":"20180901","Months":"??","Status":{"value":"No data","code":"??"}},{"StatusDate":"20180801","Months":"??","Status":{"value":"No data","code":"??"}},{"StatusDate":"20180701","Months":"??","Status":{"value":"No data","code":"??"}},{"StatusDate":"20180601","Months":"??","Status":{"value":"No data","code":"??"}},{"StatusDate":"20180501","Months":"??","Status":{"value":"No data","code":"??"}},{"StatusDate":"20180401","Months":"??","Status":{"value":"No data","code":"??"}},{"StatusDate":"20180301","Months":"??","Status":{"value":"No data","code":"??"}},{"StatusDate":"20180201","Months":"??","Status":{"value":"No data","code":"??"}},{"StatusDate":"20180101","Months":"??","Status":{"value":"No data","code":"??"}},{"StatusDate":"20171201","Months":"??","Status":{"value":"No data","code":"??"}},{"StatusDate":"20171101","Months":"??","Status":{"value":"No data","code":"??"}},{"StatusDate":"20171001","Months":"??","Status":{"value":"No data","code":"??"}},{"StatusDate":"20170901","Months":"??","Status":{"value":"No data","code":"??"}},{"StatusDate":"20170801","Months":"00","Status":{"value":"Account closed","code":"C "}},{"StatusDate":"20170701","Months":"00","Status":{"value":"Open or current","code":"  "}},{"StatusDate":"20170601","Months":"00","Status":{"value":"Open or current","code":"  "}},{"StatusDate":"20170501","Months":"00","Status":{"value":"Open or current","code":"  "}},{"StatusDate":"20170401","Months":"00","Status":{"value":"Open or current","code":"  "}},{"StatusDate":"20170301","Months":"00","Status":{"value":"Open or current","code":"  "}},{"StatusDate":"20170201","Months":"00","Status":{"value":"Open or current","code":"  "}},{"StatusDate":"20170101","Months":"00","Status":{"value":"Open or current","code":"  "}}]},"AccountNo":"994c6ba3a37e49e71600458207bf0a66b70d2d981b5f856981b8206061ba143c","Industry_Code":"","Deferred_Payment_Date":"20170201","OpenDate":"20170127","LastPaymentDate":"20170825","Payment_Type_Code":"00","Status":{"value":"Account closed","code":"C"}},{"EndUseCode":"O","Repayment_Frequency_Code":"03","Installment":"268","Ownership_Type_Code":"00","History_of_most_recent_12_months":"??00?000010?","No_of_Participants_Joint_Loan":"  0","PaymentStatus":"00","CreditLimit":"3500","RepaymentPeriod":"0000","Ownership_Type_Description":"Other","Subscriber":"RCS AUTO","StatusDate":"00000000","LastPayment":"269","OverdueAmount":"0","CurrentBalance":"3511","Subscriber_Code":"60050","Account_Sold_Third_Party_Indicator":" 0","Payment_Type_Description":"Other","OpenBalance":"3500","Repayment_Frequency_Desc":"Monthly","AccountType":{"value":"Revolving","code":"R "},"Third_Party_Name":"","Worst_history_in_the_last_12_months":"1","BalanceDate":"20180912","Worst_Payment_History":"1","PaymentCycle":{"Payment":[{"StatusDate":"20181101","Months":"??","Status":{"value":"No data","code":"??"}},{"StatusDate":"20181001","Months":"??","Status":{"value":"No data","code":"??"}},{"StatusDate":"20180901","Months":"00","Status":{"value":"Open or current","code":"  "}},{"StatusDate":"20180801","Months":"00","Status":{"value":"Open or current","code":"  "}},{"StatusDate":"20180701","Months":"??","Status":{"value":"Open or current","code":"  "}},{"StatusDate":"20180601","Months":"00","Status":{"value":"Open or current","code":"  "}},{"StatusDate":"20180501","Months":"00","Status":{"value":"Open or current","code":"  "}},{"StatusDate":"20180401","Months":"00","Status":{"value":"Open or current","code":"  "}},{"StatusDate":"20180301","Months":"00","Status":{"value":"Open or current","code":"  "}},{"StatusDate":"20180201","Months":"01","Status":{"value":"Open or current","code":"  "}},{"StatusDate":"20180101","Months":"00","Status":{"value":"Open or current","code":"  "}},{"StatusDate":"20171201","Months":"??","Status":{"value":"Open or current","code":"  "}},{"StatusDate":"20171101","Months":"00","Status":{"value":"Open or current","code":"  "}},{"StatusDate":"20171001","Months":"00","Status":{"value":"Open or current","code":"  "}},{"StatusDate":"20170901","Months":"00","Status":{"value":"Open or current","code":"  "}},{"StatusDate":"20170801","Months":"00","Status":{"value":"Open or current","code":"  "}},{"StatusDate":"20170701","Months":"00","Status":{"value":"Open or current","code":"  "}},{"StatusDate":"20170601","Months":"00","Status":{"value":"Open or current","code":"  "}},{"StatusDate":"20170501","Months":"00","Status":{"value":"Open or current","code":"  "}},{"StatusDate":"20170401","Months":"00","Status":{"value":"Open or current","code":"  "}},{"StatusDate":"20170301","Months":"00","Status":{"value":"Open or current","code":"  "}},{"StatusDate":"20170201","Months":"00","Status":{"value":"Open or current","code":"  "}},{"StatusDate":"20170101","Months":"00","Status":{"value":"Open or current","code":"  "}},{"StatusDate":"20161201","Months":"00","Status":{"value":"Open or current","code":"  "}},{"StatusDate":"20161101","Months":"00","Status":{"value":"Open or current","code":"  "}},{"StatusDate":"20161001","Months":"00","Status":{"value":"Open or current","code":"  "}},{"StatusDate":"20160901","Months":"00","Status":{"value":"Open or current","code":"  "}},{"StatusDate":"20160801","Months":"00","Status":{"value":"Open or current","code":"  "}},{"StatusDate":"20160701","Months":"00","Status":{"value":"Open or current","code":"  "}},{"StatusDate":"20160601","Months":"01","Status":{"value":"Open or current","code":"  "}},{"StatusDate":"20160501","Months":"00","Status":{"value":"Open or current","code":"  "}},{"StatusDate":"20160401","Months":"01","Status":{"value":"Open or current","code":"  "}},{"StatusDate":"20160301","Months":"00","Status":{"value":"Open or current","code":"  "}},{"StatusDate":"20160201","Months":"00","Status":{"value":"Open or current","code":"  "}},{"StatusDate":"20160101","Months":"00","Status":{"value":"Open or current","code":"  "}},{"StatusDate":"20151201","Months":"00","Status":{"value":"Open or current","code":"  "}}]},"AccountNo":"882a30983e5e0b3d839da0a8dd3bf5296053e06cdaed35ea47b4adb4dcb6bf14","Industry_Code":"R","Deferred_Payment_Date":"00000000","OpenDate":"20150417","LastPaymentDate":"20180831","Payment_Type_Code":"00","Status":{"value":"Open or current","code":" "}},{"EndUseCode":"O","Repayment_Frequency_Code":"03","Installment":"0","Ownership_Type_Code":"00","History_of_most_recent_12_months":"????????????","No_of_Participants_Joint_Loan":"  1","PaymentStatus":"00","CreditLimit":"0","RepaymentPeriod":"0000","Ownership_Type_Description":"Other","Subscriber":"MULTICHOICE OPERATIONS (PTY) LTD","StatusDate":"20160710","LastPayment":"999999999","OverdueAmount":"0","CurrentBalance":"0","Subscriber_Code":"0","Account_Sold_Third_Party_Indicator":" 0","Payment_Type_Description":"Other","OpenBalance":"0","Repayment_Frequency_Desc":"Monthly","AccountType":{"value":"Service related without limit","code":"F "},"Third_Party_Name":"","Worst_history_in_the_last_12_months":"","BalanceDate":"20161110","Worst_Payment_History":"0","PaymentCycle":{"Payment":[{"StatusDate":"20181101","Months":"??","Status":{"value":"No data","code":"??"}},{"StatusDate":"20181001","Months":"??","Status":{"value":"No data","code":"??"}},{"StatusDate":"20180901","Months":"??","Status":{"value":"No data","code":"??"}},{"StatusDate":"20180801","Months":"??","Status":{"value":"No data","code":"??"}},{"StatusDate":"20180701","Months":"??","Status":{"value":"No data","code":"??"}},{"StatusDate":"20180601","Months":"??","Status":{"value":"No data","code":"??"}},{"StatusDate":"20180501","Months":"??","Status":{"value":"No data","code":"??"}},{"StatusDate":"20180401","Months":"??","Status":{"value":"No data","code":"??"}},{"StatusDate":"20180301","Months":"??","Status":{"value":"No data","code":"??"}},{"StatusDate":"20180201","Months":"??","Status":{"value":"No data","code":"??"}},{"StatusDate":"20180101","Months":"??","Status":{"value":"No data","code":"??"}},{"StatusDate":"20171201","Months":"??","Status":{"value":"No data","code":"??"}},{"StatusDate":"20171101","Months":"??","Status":{"value":"No data","code":"??"}},{"StatusDate":"20171001","Months":"??","Status":{"value":"No data","code":"??"}},{"StatusDate":"20170901","Months":"??","Status":{"value":"No data","code":"??"}},{"StatusDate":"20170801","Months":"??","Status":{"value":"No data","code":"??"}},{"StatusDate":"20170701","Months":"??","Status":{"value":"No data","code":"??"}},{"StatusDate":"20170601","Months":"??","Status":{"value":"No data","code":"??"}},{"StatusDate":"20170501","Months":"??","Status":{"value":"No data","code":"??"}},{"StatusDate":"20170401","Months":"??","Status":{"value":"No data","code":"??"}},{"StatusDate":"20170301","Months":"??","Status":{"value":"No data","code":"??"}},{"StatusDate":"20170201","Months":"??","Status":{"value":"No data","code":"??"}},{"StatusDate":"20170101","Months":"??","Status":{"value":"No data","code":"??"}},{"StatusDate":"20161201","Months":"??","Status":{"value":"No data","code":"??"}},{"StatusDate":"20161101","Months":"00","Status":{"value":"Paid up","code":"P "}},{"StatusDate":"20161001","Months":"??","Status":{"value":"Paid up","code":"P "}},{"StatusDate":"20160901","Months":"??","Status":{"value":"Paid up","code":"P "}},{"StatusDate":"20160801","Months":"??","Status":{"value":"Paid up","code":"P "}},{"StatusDate":"20160701","Months":"??","Status":{"value":"Paid up","code":"P "}},{"StatusDate":"20160601","Months":"??","Status":{"value":"Open or current","code":"  "}},{"StatusDate":"20160501","Months":"??","Status":{"value":"Open or current","code":"  "}},{"StatusDate":"20160401","Months":"??","Status":{"value":"Open or current","code":"  "}},{"StatusDate":"20160301","Months":"??","Status":{"value":"Open or current","code":"  "}},{"StatusDate":"20160201","Months":"??","Status":{"value":"Open or current","code":"  "}},{"StatusDate":"20160101","Months":"??","Status":{"value":"Open or current","code":"  "}},{"StatusDate":"20151201","Months":"??","Status":{"value":"Open or current","code":"  "}}]},"AccountNo":"a13b1350f89059b494bf0ca68efd6f8dad032bcaff957a8864edf4ed422f487c","Industry_Code":"","Deferred_Payment_Date":"00000000","OpenDate":"20150313","LastPaymentDate":"20160710","Payment_Type_Code":"00","Status":{"value":"Paid up","code":"P"}},{"EndUseCode":"O","Repayment_Frequency_Code":"03","Installment":"505","Ownership_Type_Code":"00","History_of_most_recent_12_months":"?10011100000","No_of_Participants_Joint_Loan":"  0","PaymentStatus":"01","CreditLimit":"7249","RepaymentPeriod":"0000","Ownership_Type_Description":"Other","Subscriber":"TOTALSPORTS (RCS)","StatusDate":"00000000","LastPayment":"460","OverdueAmount":"480","CurrentBalance":"5329","Subscriber_Code":"60050","Account_Sold_Third_Party_Indicator":" 0","Payment_Type_Description":"Other","OpenBalance":"7249","Repayment_Frequency_Desc":"Monthly","AccountType":{"value":"Revolving","code":"R "},"Third_Party_Name":"","Worst_history_in_the_last_12_months":"1","BalanceDate":"20181012","Worst_Payment_History":"2","PaymentCycle":{"Payment":[{"StatusDate":"20181101","Months":"??","Status":{"value":"No data","code":"??"}},{"StatusDate":"20181001","Months":"01","Status":{"value":"Open or current","code":"  "}},{"StatusDate":"20180901","Months":"00","Status":{"value":"Open or current","code":"  "}},{"StatusDate":"20180801","Months":"00","Status":{"value":"Open or current","code":"  "}},{"StatusDate":"20180701","Months":"01","Status":{"value":"Open or current","code":"  "}},{"StatusDate":"20180601","Months":"01","Status":{"value":"Open or current","code":"  "}},{"StatusDate":"20180501","Months":"01","Status":{"value":"Open or current","code":"  "}},{"StatusDate":"20180401","Months":"00","Status":{"value":"Open or current","code":"  "}},{"StatusDate":"20180301","Months":"00","Status":{"value":"Open or current","code":"  "}},{"StatusDate":"20180201","Months":"00","Status":{"value":"Open or current","code":"  "}},{"StatusDate":"20180101","Months":"00","Status":{"value":"Open or current","code":"  "}},{"StatusDate":"20171201","Months":"00","Status":{"value":"Open or current","code":"  "}},{"StatusDate":"20171101","Months":"00","Status":{"value":"Open or current","code":"  "}},{"StatusDate":"20171001","Months":"00","Status":{"value":"Open or current","code":"  "}},{"StatusDate":"20170901","Months":"00","Status":{"value":"Open or current","code":"  "}},{"StatusDate":"20170801","Months":"00","Status":{"value":"Open or current","code":"  "}},{"StatusDate":"20170701","Months":"00","Status":{"value":"Open or current","code":"  "}},{"StatusDate":"20170601","Months":"00","Status":{"value":"Open or current","code":"  "}},{"StatusDate":"20170501","Months":"00","Status":{"value":"Open or current","code":"  "}},{"StatusDate":"20170401","Months":"00","Status":{"value":"Open or current","code":"  "}},{"StatusDate":"20170301","Months":"00","Status":{"value":"Open or current","code":"  "}},{"StatusDate":"20170201","Months":"00","Status":{"value":"Open or current","code":"  "}},{"StatusDate":"20170101","Months":"00","Status":{"value":"Open or current","code":"  "}},{"StatusDate":"20161201","Months":"00","Status":{"value":"Open or current","code":"  "}},{"StatusDate":"20161101","Months":"00","Status":{"value":"Open or current","code":"  "}},{"StatusDate":"20161001","Months":"00","Status":{"value":"Open or current","code":"  "}},{"StatusDate":"20160901","Months":"00","Status":{"value":"Open or current","code":"  "}},{"StatusDate":"20160801","Months":"01","Status":{"value":"Open or current","code":"  "}},{"StatusDate":"20160701","Months":"00","Status":{"value":"Open or current","code":"  "}},{"StatusDate":"20160601","Months":"02","Status":{"value":"Open or current","code":"  "}},{"StatusDate":"20160501","Months":"01","Status":{"value":"Open or current","code":"  "}},{"StatusDate":"20160401","Months":"01","Status":{"value":"Open or current","code":"  "}},{"StatusDate":"20160301","Months":"00","Status":{"value":"Open or current","code":"  "}},{"StatusDate":"20160201","Months":"00","Status":{"value":"Open or current","code":"  "}},{"StatusDate":"20160101","Months":"00","Status":{"value":"Open or current","code":"  "}},{"StatusDate":"20151201","Months":"00","Status":{"value":"Open or current","code":"  "}}]},"AccountNo":"8e9d82452eadfec78ea4867293cc491305d2b5ab6657f9480fd45911490c0445","Industry_Code":"R","Deferred_Payment_Date":"00000000","OpenDate":"20140523","LastPaymentDate":"20180831","Payment_Type_Code":"00","Status":{"value":"Open or current","code":" "}}]}},"Enquiry":{"CPA":{"Other":[{"EnquiryDate":"20180803","SubscriberName":"NEDBANK PERSONAL","Subscriber_Operator":"LIVE","SubscriberTel":""}]}},"ReturnData":{"ExecTime":"1.47","Title":"MR","Address":{"ReportDate":"20170930","Relation":"Primary Address","City":"JEFFREYS B","ZipCode":"0000","CityArea":""},"Date":"2018-11-19","Match":"1","Birthday":"199307","SessionID":"HOTVSGPVVWKB","Time":"12:41"},"InputData":{"Consumer":"","RSA_ID":"Yes","Birthday":"199307"},"Summary":{"Enquiries":{"CPA":{"Other":{"Number_of_Other_Enquiries_in_the_Last_4_years":"1","Number_of_Other_Enquiries_in_the_Last_2_years":"1","Months_Since_Oldest_Other_Enquiry":"3","Number_of_Other_Enquiries_in_the_Last_7_days":"0","Months_Since_Recent_Other_Enquiry":"3","Number_of_Other_Enquiries_in_the_Last_year":"1","Number_of_Other_Enquiries_in_the_Last_90_days":"0","Days_Since_Recent_Other_Enquiry":"108","Total_Number_of_Other_Enquiries_Ever":"1","Number_of_Other_Enquiries_in_the_Last_3_years":"1","Number_of_Other_Enquiries_in_the_Last_5_years":"1","Number_of_Other_Enquiries_in_the_Last_180_days":"1","Number_of_Other_Enquiries_in_the_Last_30_days":"0"},"Communication":{"Number_of_Comms_Enquiries_in_the_Last_180_days":"0","Months_Since_Recent_Comms_Enquiry":"","Number_of_Comms_Enquiries_in_the_Last_year":"0","Days_Since_Recent_Comms_Enquiry":"","Number_of_Comms_Enquiries_in_the_Last_30_days":"0","Number_of_Comms_Enquiries_in_the_Last_2_years":"0","Total_Number_of_Comms_Enquiries_Ever":"0","Months_Since_Oldest_Comms_Enquiry":"","Number_of_Comms_Enquiries_in_the_Last_4_years":"0","Number_of_Comms_Enquiries_in_the_Last_3_years":"0","Number_of_Comms_Enquiries_in_the_Last_90_days":"0","Number_of_Comms_Enquiries_in_the_Last_7_days":"0","Number_of_Comms_Enquiries_in_the_Last_5_years":"0"},"Retail":{"Number_of_Retail_Enquiries_in_the_Last_2_years":"0","Number_of_Retail_Enquiries_in_the_Last_4_years":"0","Number_of_Retail_Enquiries_in_the_Last_90_days":"0","Days_Since_Recent_Retail_Enquiry":"","Total_Number_of_Retail_Enquiries_Ever":"0","Months_Since_Recent_Retail_Enquiry":"","Months_Since_Oldest_Retail_Enquiry":"","Number_of_Retail_Enquiries_in_the_Last_year":"0","Number_of_Retail_Enquiries_in_the_Last_30_days":"0","Number_of_Retail_Enquiries_in_the_Last_3_years":"0","Number_of_Retail_Enquiries_in_the_Last_5_years":"0","Number_of_Retail_Enquiries_in_the_Last_7_days":"0","Number_of_Retail_Enquiries_in_the_Last_180_days":"0"},"Own":{"Number_of_Own_Enquiries_in_the_Last_180_days":"0","Number_of_Own_Enquiries_in_the_Last_3_years":"0","Months_Since_Oldest_Own_Enquiry":"","Number_of_Own_Enquiries_in_the_Last_7_days":"0","Number_of_Own_Enquiries_in_the_Last_90_days":"0","Number_of_Own_Enquiries_in_the_Last_4_years":"0","Total_Number_of_Own_Enquiries_Ever":"0","Number_of_Own_Enquiries_in_the_Last_5_years":"0","Number_of_Own_Enquiries_in_the_Last_30_days":"0","Number_of_Own_Enquiries_in_the_Last_2_years":"0","Number_of_Own_Enquiries_in_the_Last_28_days":"0","Number_of_Own_Enquiries_in_the_Last_year":"0","Days_Since_Recent_Own_Enquiry":"","Months_Since_Recent_Own_Enquiry":""},"Bank":{"Total_Number_of_Bank_Enquiries_Ever":"0","Number_of_Bank_Enquiries_in_the_Last_3_years":"0","Number_of_Bank_Enquiries_in_the_Last_2_years":"0","Number_of_Bank_Enquiries_in_the_Last_5_years":"0","Number_of_Bank_Enquiries_in_the_Last_7_days":"0","Number_of_Bank_Enquiries_in_the_Last_year":"0","Number_of_Bank_Enquiries_in_the_Last_180_days":"0","Months_Since_Recent_Bank_Enquiry":"","Months_Since_Oldest_Bank_Enquiry":"","Days_Since_Recent_Bank_Enquiry":"","Number_of_Bank_Enquiries_in_the_Last_30_days":"0","Number_of_Bank_Enquiries_in_the_Last_4_years":"0","Number_of_Bank_Enquiries_in_the_Last_90_days":"0"},"AllValue":{"Months_Since_Oldest_All_Enquiry":"3","Number_of_All_Enquiries_in_the_Last_3_years":"1","Number_of_All_Enquiries_in_the_Last_5_years":"1","Number_of_All_Enquiries_in_the_Last_90_days":"0","Number_of_All_Enquiries_in_the_Last_2_years":"1","Total_Number_of_All_Enquiries_Ever":"1","Number_of_All_Enquiries_in_the_Last_180_days":"1","Days_Since_Recent_All_Enquiry":"108","Months_Since_Recent_All_Enquiry":"3","Number_of_All_Enquiries_in_the_Last_7_days":"0","Number_of_All_Enquiries_in_the_Last_30_days":"0","Number_of_All_Enquiries_in_the_Last_4_years":"1","Number_of_All_Enquiries_in_the_Last_year":"1"}},"NLR":{"Own":{"Number_of_Own_Enquiries_in_the_Last_180_days":"0","Number_of_Own_Enquiries_Ever":"0","Number_of_Own_Enquiries_in_the_Last_3_years":"0","Months_Since_Oldest_Own_Enquiry":"","Number_of_Own_Enquiries_in_the_Last_7_days":"0","Number_of_Own_Enquiries_in_the_Last_90_days":"0","Number_of_Own_Enquiries_in_the_Last_4_years":"0","Number_of_Own_Enquiries_in_the_Last_5_years":"0","Number_of_Own_Enquiries_in_the_Last_30_days":"0","Number_of_Own_Enquiries_in_the_Last_2_years":"0","Number_of_Own_Enquiries_in_the_Last_year":"0","Days_Since_Recent_Own_Enquiry":"","Months_Since_Recent_Own_Enquiry":""},"Other":{"Number_of_Other_Enquiries_in_the_Last_4_years":"0","Number_of_Other_Enquiries_in_the_Last_2_years":"0","Months_Since_Oldest_Other_Enquiry":"","Number_of_Other_Enquiries_in_the_Last_7_days":"0","Number_of_Other_Enquiries_Ever":"0","Months_Since_Recent_Other_Enquiry":"","Number_of_Other_Enquiries_in_the_Last_year":"0","Number_of_Other_Enquiries_in_the_Last_90_days":"0","Days_Since_Recent_Other_Enquiry":"","Number_of_Other_Enquiries_in_the_Last_3_years":"0","Number_of_Other_Enquiries_in_the_Last_5_years":"0","Number_of_Other_Enquiries_in_the_Last_180_days":"0","Number_of_Other_Enquiries_in_the_Last_30_days":"0"},"AllValue":{"Months_Since_Oldest_All_Enquiry":"","Number_of_All_Enquiries_in_the_Last_3_years":"0","Number_of_All_Enquiries_in_the_Last_5_years":"0","Number_of_All_Enquiries_in_the_Last_90_days":"0","Number_of_All_Enquiries_Ever":"0","NLR_Enquiry_Reference_Number":"0","Number_of_All_Enquiries_in_the_Last_2_years":"0","Number_of_All_Enquiries_in_the_Last_180_days":"0","Days_Since_Recent_All_Enquiry":"","Months_Since_Recent_All_Enquiry":"","Number_of_All_Enquiries_in_the_Last_7_days":"0","Number_of_All_Enquiries_in_the_Last_30_days":"0","Number_of_All_Enquiries_in_the_Last_4_years":"0","Number_of_All_Enquiries_in_the_Last_year":"0"}}},"NLR_CumulativeArrears":"000000000000","Notices":{"Number_of_Notices_in_the_Last_90_days":"0","Number_of_Notices_in_the_Last_2_years":"0","Number_of_Notices_in_the_Last_3_years":"0","Number_of_Notices_in_the_Last_year":"0","Number_of_Notices_in_the_Last_30_days":"0","Number_of_Notices_in_the_Last_19_to_36_Months":"0","Number_of_Notices_in_the_Last_7_to_18_Months":"0","Number_of_Notices_in_the_Last_180_days":"0","Total_Number_of_Notices_Ever":"0","Number_of_Notices_in_the_Previous_6_Months":"0","Number_of_Notices_Older_than_37_Months":"0","Number_of_Notices_in_the_Last_4_years":"0","Number_of_Notices_in_the_Last_5_years":"0"},"CPA_Past_36_Months":{"Positive_loans":"4","Highest_months_in_arrears":"1"},"All_Negatives":{"All_Value_of_Most_Recent_Negative":"0","All_Number_of_Negatives_in_the_Last_90_days":"0","All_Highest_Negative_Value":"0","All_Number_of_Negatives_in_the_Last_2_years":"0","All_Number_of_Negatives_in_the_Last_30_days":"0","All_Months_Since_Most_Recent_Negative":"","All_Number_of_Negatives_in_the_Last_3_years":"0","All_Number_of_Negatives_in_the_Last_180_days":"0","All_Number_of_Negatives_in_the_Last_4_years":"0","All_Number_of_Negatives_in_the_Last_year":"0","All_Number_of_Negatives_in_the_Last_5_years":"0","All_Total_Number_of_Negatives_Ever":"0","All_Months_Since_Highest_Negative":"0"},"Trace":{"Number_of_Traces_in_the_Last_year":"0","Number_of_Traces_in_the_Last_2_years":"0","Number_of_Traces_in_the_Last_30_days":"0","Number_of_Traces_in_the_Last_4_years":"0","Number_of_Traces_in_the_Last_3_years":"0","Number_of_Traces_in_the_Last_5_years":"0","Number_of_Traces_in_the_Last_180_days":"0","Number_of_Traces_in_the_Last_60_days":"0","Total_Number_of_Traces_Ever":"0","Number_of_Traces_in_the_Last_90_days":"0"},"Judgements":{"Number_of_Judgments_in_the_Previous_6_Months":"0","Value_of_Most_Recent_Judgment":"0","Number_of_Judgments_in_the_Last_90_days":"0","Highest_Judgment_Value":"0","Total_Value_of_Other_Judgments":"0","Total_Number_of_Other_Judgments":"0","Number_of_Judgments_in_the_Last_3_years":"0","Number_of_Judgments_in_the_Last_19_to_36_Months":"0","Total_Number_of_Medical_Judgments":"0","Number_of_Judgments_in_the_Last_30_days":"0","Months_Since_Highest_Judgment":"","Number_of_Judgments_in_the_Last_2_years":"0","Number_of_Judgments_in_the_Last_7_to_18_Months":"0","Months_Since_Most_Recent_Judgment":"","Number_of_Judgments_in_the_Last_4_years":"0","Number_of_Judgments_in_the_Last_year":"0","Number_of_Judgments_in_the_Last_5_years":"0","Total_Judgment_Value":"0","Total_Value_of_Medical_Judgments":"0","Number_of_Judgments_in_the_Last_180_days":"0","Number_of_Judgments_Older_than_37_Months":"0","Total_Number_of_Judgments_Ever":"0"},"Negatives":{"Number_of_Negatives_in_the_Last_180_days":"0","Number_of_Negatives_in_the_Last_3_years":"0","Value_of_Most_Recent_Negative":"0","Number_of_Negatives_in_the_Last_2_years":"0","Total_Number_of_Negatives_Ever":"0","Months_Since_Most_Recent_Negative":"","Number_of_Negatives_in_the_Last_90_days":"0","Number_of_Negatives_in_the_Last_5_years":"0","Number_of_Negatives_in_the_Last_30_days":"0","Number_of_Negatives_in_the_Last_4_years":"0","Months_Since_Highest_Negative":"0","Highest_Negative_Value":"0","Number_of_Negatives_in_the_Last_year":"0"},"TotalCreditLimitOpenCreditCardAccounts":"000000000000","Collections":{"Number_of_Collections_in_the_Last_30_days":"0","Number_of_Payments_in_the_Last_3_Months":"0","Number_of_Collections_in_the_Last_90_days":"0","Total_Collection_Capital_Value":"0","Highest_Collection_Value":"0","Total_amount_Collected_on_Collections_opened_in_the_Last_6_Months":"0","Total_Collections_Amount_Collected_Ever":"0","Total_amount_Collected_on_Collections_opened_in_the_Last_12_Months":"0","Number_of_Payments_in_the_Last_12_Months":"0","Months_Since_Most_Recent_Collection":"","Number_of_Collections_in_the_Last_2_years":"0","Number_of_Collections_in_the_Last_5_years":"0","Number_of_Payments_in_the_Last_6_Months":"0","Number_of_Collections_in_the_Last_4_years":"0","Months_Since_Highest_Collection":"","Number_of_Collections_in_the_Last_3_years":"0","Total_Number_of_Collections_Ever":"0","Number_of_Collections_in_the_Last_year":"0","Value_of_Most_Recent_Collection":"0","Number_of_Collections_in_the_Last_180_days":"0","Total_amount_Collected_on_Collections_opened_in_the_Last_3_Months":"0"},"NLR_Past_36_Months":{"Positive_loans":"0","Highest_months_in_arrears":""},"CPA_Past_12_Months":{"Positive_loans":"4"},"Payment_Profiles":{"CPA":{"Other":{"Worst_status_in_the_last_4to6_months_for_all_active_non_delinquent_CPA_accounts_":"1","Number_of_Currently_Open_Other_PPs":"4","Percent_1_Arrears_of_Last_12_Other_Available_Histories":"9","Total_number_of__active_non_delinquent_CPA_accounts_opened_L6m":"1","Percent_3_Arrears_of_Last_3_Other_Available_Histories":"0","Number_of_Other_PPs_in_the_Last_4_Years":"6","Worst_Arrears_Level_of_Most_Recent_Other_Opened_PP":"0","Number_of_Times_0_Arrears_of_Last_6_Other_Available_Histories":"26","Worst_Current_Status_on_active_Other_CPA_accounts":"0","Percent_1_Arrears_of_Last_24_Other_Available_Histories":"6","Total_Balance_of_Revolving_Other_PPs":"8840","Number_of_Other_PPs_in_the_Last_30_Days":"0","Total_Credit_Limit_of_Other_Open_Account_PPs":"0","Total_Installment_of_Other_Open_Account_PPs":"0","Number_of_Times_1_Arrears_of_Last_24_Other_Available_Histories":"5","Total_Credit_Limit_of_Fixed_Installment_Other_PPS":"0","Number_of_Other_PPs_in_the_Last_5_Years":"7","Total_Installment_of_Fixed_Installment_Other_PPs":"0","Number_of_Closed_Revolving_Other_PPs":"0","Capital_Amount_of_Other_PPs_Opened_in_the_Last_2_Years":"80047","Capital_Amount_of_Other_PPs_Opened_in_the_Last_90_Days":"0","Number_of_Other_PPs_in_the_Last_Year":"1","Number_of_Times_0_Arrears_of_Last_12_Other_Available_Histories":"50","Number_of_Other_PPs_in_the_Last_3_Years":"4","Percent_1_Arrears_of_Last_6_Other_Available_Histories":"13","Capital_Amount_of_Other_PPs_Opened_in_the_Last_Year":"33489","Monthly_Installment_Value_of_Currently_Open_Other_PPs":"2137","Worst_Arrears_on_Other_PPs_in_the_Last_180_Days":"1","Total_Balance_of_Other_Open_Account_PPs":"0","Percent_0_Arrears_of_Last_12_Other_Available_Histories":"90","Number_of_Times_3_Arrears_of_Last_12_Other_Available_Histories":"0","Number_of_Times_2_Arrears_of_Last_3_Other_Available_Histories":"0","Worst_status_last_3_months_for_active__non_delinquent_CPA_accounts_opened_for_more_than_12months_":"1","Percent_1_Arrears_of_Last_3_Other_Available_Histories":"6","Number_of_Times_1_Arrears_of_Last_12_Other_Available_Histories":"5","Number_of_Disputed_Other_PPs":"0","Number_of_Other_PPs_in_the_Last_180_Days":"1","Number_of_Times_1_Arrears_of_Last_3_Other_Available_Histories":"1","Outstanding_CPA_Balance_Other":"42841","Percent_3_Arrears_of_Last_12_Other_Available_Histories":"0","Number_of_Times_2_Arrears_of_Last_24_Other_Available_Histories":"0","Percent_3_Arrears_of_Last_24_Other_Available_Histories":"0","Days_since_most_recent_Other_Delinquent_CPA__account_":"","Number_of_other_accounts_opened_4to12_months_ago":"0","Percent_2_Arrears_of_Last_6_Other_Available_Histories":"0","Number_of_Times_0_Arrears_of_Last_24_Other_Available_Histories":"77","Worst_current_status_on_active_non_delinquent_non_revolving_accounts":"0","Outstanding_Balance_on_delinquent_revolving_CPA_accounts":"0","Worst_Arrears_on_Other_PPs_ever":"1","Worst_status_in_the_last_6_months_on_Other_accounts_opened_for_at_least_12_months":"1","Number_of_Other_Fixed_Installment_PPs_Ever":"0","Total_value_of_Other_Delinquent_accounts":"0","Percent_0_Arrears_of_Last_3_Other_Available_Histories":"93","Number_of_Habitually_Slow_Other_PPs":"0","Percent_2_Arrears_of_Last_24_Other_Available_Histories":"0","Number_of_Times_3_Arrears_of_Last_24_Other_Available_Histories":"0","Number_of_Other_PPs_Ever":"7","Capital_Amount_of_Other_PPs_Opened_in_Last_180_Days":"33489","Number_of_Open_Revolving_Other_PPs":"2","Current_Balance_of_All_Other_PPs":"42960","Number_of_Other_PPs_in_the_Last_90_Days":"0","Worst_current_status_on_active_non_delinquent_revolving_accounts":"0","Total_number_of_other_Delinquent_Accounts":"0","Months_Since_Most_Recent_opened_Other_PP":"3","Number_of_Times_2_Arrears_of_Last_12_Other_Available_Histories":"0","Worst_status_in_the_last_6_months_on_Other_accounts_opened_4to12_months_ago":"","Number_of_Closed_Fixed_Installment_Other_PPs":"0","Number_of_Times_3_Arrears_of_Last_3_Other_Available_Histories":"0","Worst_status_in_the_last_3_months_on_Other_accounts_opened_4to12_months_ago":"","Percent_0_Arrears_of_Last_24_Other_Available_Histories":"93","Worst_Arrears_on_Other_PPs_in_the_Last_Year":"1","Total_outstanding_balance_on_Other_active_accounts":"42960","Worst_status_in_the_last_3_months_on_Other_accounts_opened_for_at_least_12_months":"1","Total_Balance_of_Fixed_Installment_Other_PPs":"0","Number_of_Other_PPs_in_the_Last_2_Years":"4","Percent_2_Arrears_of_Last_3_Other_Available_Histories":"0","Outstanding_Balance_on_non_delinquent_revolving_CPA_opened_L6m":"0","Total_Installment_of_Revolving_Other_PPs":"773","Number_of_Open_Fixed_Installment_Other_PPs":"0","Number_of_other_accounts_opened_for_at_least_12_months":"6","Worst_Arrears_on_Open_Other_PPs":"1","Number_of_Times_2_Arrears_of_Last_6_Other_Available_Histories":"0","Number_of_Closed_Other_PPs":"3","Number_of_Times_0_Arrears_of_Last_3_Other_Available_Histories":"15","Number_of_Absconded_Other_PPs":"0","Months_Since_Oldest_Opened_Other_PPs":"54","Number_of_Written_Off_Other_PPs":"0","Worst_Arrears_on_Closed_Other_PPs":"0","Number_of_Times_1_Arrears_of_Last_6_Other_Available_Histories":"4","Percent_3_Arrears_of_Last_6_Other_Available_Histories":"0","Capital_Amount_of_Other_PPs_Opened_in_the_Last_30_Days":"0","Worst_Arrears_on_Other_PPs_in_the_Last_90_Days":"1","Monthly_CPA_Installment_Other":"2018","Number_of_Other_Revolving_PPs_Ever":"2","Percent_2_Arrears_of_Last_12_Other_Available_Histories":"0","Total_Credit_Limit_of_Revolving_Other_PPs":"10749","Worst_status_in_the_last_3_months_for_active_non_delinquent_CPA_accounts_opened_in_the_last_12_months":"0","Total_number_of_other_Active_accounts":"4","Percent_0_Arrears_of_Last_6_Other_Available_Histories":"86","Number_of_Times_3_Arrears_of_Last_6_Other_Available_Histories":"0"},"Communication":{"Percent_3_Arrears_of_Last_24_Communication_Available_Histories":"0","Total_number_of__active_non_delinquent_CPA_accounts_opened_L6m":"0","Number_of_Communication_PPs_in_the_Last_2_Years":"0","Number_of_Disputed_Communication_PPs":"0","Number_of_Communication_PPs_in_the_Last_180_Days":"0","Outstanding_CPA_Balance_Communciation":"0","Number_of_Communication_PPs_in_the_Last_5_Years":"0","Total_number_of_Communication_Delinquent_Accounts":"0","Number_of_Communication_PPs_in_the_Last_3_Years":"0","Capital_Amount_of_Communication_PPs_Opened_Last_2_Years":"0","Days_since_most_recent_communication_Delinquent_CPA__account_":"","Capital_Amount_of_Communication_PPs_Opened_Last_90_Days":"0","Percent_0_Arrears_of_Last_6_Communication_Available_Histories":"0","Current_Balance_of_Communication_PPs":"0","Percent_1_Arrears_of_Last_6_Communication_Available_Histories":"0","Worst_Arrears_on_Open_Communication_PPs":"","Total_Credit_Limit_of_Fixed_Installment_Communication_PPS":"0","Number_of_Times_0_Arrears_of_Last_3_Communication_Available_Histories":"0","Number_of_Open_Fixed_Installment_Communication_PPs":"0","Total_outstanding_balance_on_Communication_active_accounts":"0","Total_Credit_Limit_of_Revolving_Communication_PPs":"0","Percent_2_Arrears_of_Last_3_Communication_Available_Histories":"0","Total_value_of_Communication_Delinquent_accounts":"0","Number_of_Habitually_Slow_Communication_PPs":"0","Worst_Arrears_on_Communication_PPs_in_the_Last_180_Days":"","Number_of_Currently_Open_Communication_PPs":"0","Total_Balance_of_Communication_Open_Account_PPs":"0","Number_of_Open_Revolving_Communication_PPs":"0","Number_of_Communication_PPs_in_the_Last_Year":"0","Percent_3_Arrears_of_Last_12_Communication_Available_Histories":"0","Number_of_Times_1_Arrears_of_Last_12_Communication_Available_Histories":"0","Worst_status_last_3_months_for_active__non_delinquent_CPA_accounts_opened_for_more_than_12months_":"","Capital_Amount_of_Communication_PPs_Opened_Last_180_Days":"0","Number_of_Communication_Revolving_PPs_Ever":"0","Worst_Arrears_on_Any_Communication_PPs":"","Number_of_Times_0_Arrears_of_Last_6_Communication_Available_Histories":"0","Percent_1_Arrears_of_Last_3_Communication_Available_Histories":"0","Number_of_Communication_accounts_opened_for_at_least_12_months":"0","Worst_Arrears_on_Communication_PPs_in_the_Last_90_Days":"","Number_of_Times_1_Arrears_of_Last_6_Communication_Available_Histories":"0","Number_of_Times_3_Arrears_of_Last_3_Communication_Available_Histories":"0","Total_Installment_of_Revolving_Communication_PPs":"0","Worst_Arrears_Level_of_Most_Recent_Communication_Opened_PP":"","Capital_Amount_of_Communication_PPs_Opened_Last_Year":"0","Capital_Amount_of_Communication_PPs_Opened_Last_30_Days":"0","Number_of_Communication_PPs_in_the_Last_4_Years":"0","Total_Installment_of_Communication_Open_Account_PPs":"0","Worst_status_in_the_last_3_months_on_Communication_accounts_opened_4to12_months_ago":"","Worst_status_in_the_last_6_months_on_Communication_accounts_opened_for_at_least_12_months":"","Worst_status_in_the_last_3_months_on_Communication_accounts_opened_for_at_least_12_months":"","Worst_current_status_on_active_non_delinquent_non_revolving_accounts":"","Number_of_Communication_PPs_in_the_Last_90_Days":"0","Number_of_Times_1_Arrears_of_Last_3_Communication_Available_Histories":"0","Outstanding_Balance_on_delinquent_revolving_CPA_accounts":"0","Percent_1_Arrears_of_Last_24_Communication_Available_Histories":"0","Percent_3_Arrears_of_Last_6_Communication_Available_Histories":"0","Number_of_Times_2_Arrears_of_Last_6_Communication_Available_Histories":"0","Months_Since_Oldest_Opened_Communication_PPs":"","Number_of_Times_3_Arrears_of_Last_24_Communication_Available_Histories":"0","Number_of_Closed_Revolving_Communication_PPs":"0","Worst_Arrears_on_Communication_PPs_in_the_Last_Year":"","Worst_Current_Status_on_active_Communication_CPA_accounts":"","Number_of_Times_2_Arrears_of_Last_12_Communication_Available_Histories":"0","Worst_current_status_on_active_non_delinquent_revolving_accounts":"","Monthly_CPA_Installment_Communication":"0","Worst_status_in_the_last_6_months_on_Communication_accounts_opened_4to12_months_ago":"","Percent_2_Arrears_of_Last_24_Communication_Available_Histories":"0","Number_of_Times_0_Arrears_of_Last_24_Communication_Available_Histories":"0","Total_Balance_of_Revolving_Communication_PPs":"0","Number_of_Times_1_Arrears_of_Last_24_Communication_Available_Histories":"0","Number_of_Times_2_Arrears_of_Last_24_Communication_Available_Histories":"0","Number_of_Times_3_Arrears_of_Last_6_Communication_Available_Histories":"0","Number_of_Times_2_Arrears_of_Last_3_Communication_Available_Histories":"0","Percent_3_Arrears_of_Last_3_Communication_Available_Histories":"0","Total_Balance_of_Fixed_Installment_Comms_PP":"0","Outstanding_Balance_on_non_delinquent_revolving_CPA_opened_L6m":"0","Percent_2_Arrears_of_Last_6_Communication_Available_Histories":"0","Percent_0_Arrears_of_Last_24_Communication_Available_Histories":"0","Worst_status_in_the_last_4to6_months_for_Communication_active_non_delinquent_CPA_accounts_":"","Percent_2_Arrears_of_Last_12_Communication_Available_Histories":"0","Number_of_Written_Off_Communication_PPs":"0","Worst_Arrears_on_Closed_Communication_PPs":"","Percent_1_Arrears_of_Last_12_Communication_Available_Histories":"0","Number_of_Times_0_Arrears_of_Last_12_Communication_Available_Histories":"0","Number_of_Closed_Communication_PPs":"0","Months_Since_Most_Recent_Opened_Communication_PPs":"","Total_Installment_of_Fixed_Installment_Communication_PPs":"0","Percent_0_Arrears_of_Last_3_Communication_Available_Histories":"0","Number_of_Communication_accounts_opened_4to12_months_ago":"0","Number_of_Absconded_Communication_PPs":"0","Worst_status_in_the_last_3_months_for_active_non_delinquent_CPA_accounts_opened_in_the_last_12_months":"","Total_Credit_Limit_of_Communication_Open_Account_PPs":"0","Number_of_Communication_PPs_Ever":"0","Number_of_Communication_Fixed_Installment_PPs_Ever":"0","Monthly_Installment_Value_of_Currently_Open_Communication_PPs":"0","Number_of_Communication_PPs_in_the_Last_30_Days":"0","Total_number_of_Communication_Active_accounts_":"0","Number_of_Closed_Fixed_Installment_Communication_PPs":"0","Percent_0_Arrears_of_Last_12_Communication_Available_Histories":"0","Number_of_Times_3_Arrears_of_Last_12_Communication_Available_Histories":"0"},"Retail":{"Percent_3_Arrears_of_Last_12_Retail_Available_Histories":"0","Number_of_Times_0_Arrears_of_Last_12_Retail_Available_Histories":"41","Number_of_Currently_Open_Retail_PPs":"3","Total_number_of__active_non_delinquent_CPA_accounts_opened_L6m":"1","Number_of_Retail_PPs_in_the_Last_2_Years":"4","Number_of_Times_0_Arrears_of_Last_24_Retail_Available_Histories":"56","Percent_3_Arrears_of_Last_3_Retail_Available_Histories":"0","Number_of_Retail_PPs_in_the_Last_30_Days":"0","Number_of_Times_2_Arrears_of_Last_12_Retail_Available_Histories":"0","Number_of_Times_0_Arrears_of_Last_6_Retail_Available_Histories":"21","Percent_1_Arrears_of_Last_12_Retail_Available_Histories":"8","Current_Balance_of_Retail_PPs":"39449","Percent_2_Arrears_of_Last_3_Retail_Available_Histories":"0","Number_of_Times_1_Arrears_of_Last_3_Retail_Available_Histories":"1","Total_Installment_of_Fixed_Installment_Retail_PPs":"0","Number_of_Absconded_Retail_PPs":"0","Months_Since_Most_Recent_Opened_Retail_PPs":"3","Months_Since_Oldest_Opened_Retail_PPs":"54","Total_Credit_Limit_of_Retail_Open_Account_PPs":"0","Number_of_Habitually_Slow_Retail_PPs":"0","Worst_Arrears_on_Closed_Retail_PPs":"0","Number_of_Times_3_Arrears_of_Last_3_Retail_Available_Histories":"0","Number_of_Retail_PPs_in_the_Last_3_Years":"4","Number_of_Times_3_Arrears_of_Last_24_Retail_Available_Histories":"0","Number_of_Times_3_Arrears_of_Last_12_Retail_Available_Histories":"0","Worst_Arrears_on_Open_Retail_PPs":"1","Number_of_Times_2_Arrears_of_Last_24_Retail_Available_Histories":"0","Number_of_Retail_Revolving_PPs_Ever":"1","Number_of_Retail_PPs_Ever":"6","Worst_status_in_the_last_3_months_on_Retail_accounts_opened_for_at_least_12_months":"1","Capital_Amount_of_Retail_PPs_Opened_in_the_Last_90_Days":"0","Total_Installment_of_Retail_Open_Account_PPs":"0","Total_number_of_Retail_Active_accounts_":"3","Monthly_CPA_Installment_Retail":"1750","Number_of_Retail_PPs_in_the_Last_4_Years":"5","Worst_status_last_3_months_for_active__non_delinquent_CPA_accounts_opened_for_more_than_12months_":"1","Total_Credit_Limit_of_Fixed_Installment_Retail_PPS":"0","Number_of_Times_2_Arrears_of_Last_6_Retail_Available_Histories":"0","Total_Installment_of_Revolving_Retail_PPs":"505","Percent_1_Arrears_of_Last_3_Retail_Available_Histories":"7","Outstanding_CPA_Balance_Retail":"39330","Percent_2_Arrears_of_Last_24_Retail_Available_Histories":"0","Number_of_Retail_accounts_opened_4to12_months_ago":"0","Number_of_Retail_accounts_opened_for_at_least_12_months":"5","Percent_0_Arrears_of_Last_3_Retail_Available_Histories":"92","Number_of_Disputed_Retail_PPs":"0","Number_of_Retail_PPs_in_the_Last_90_Days":"0","Worst_Arrears_on_Retail_PPs_in_the_Last_Year":"1","Number_of_Open_Revolving_Retail_PPs":"1","Number_of_Times_0_Arrears_of_Last_3_Retail_Available_Histories":"13","Worst_Arrears_on_Retail_PPs_in_the_Last_180_Days":"1","Worst_current_status_on_active_non_delinquent_non_revolving_accounts":"0","Outstanding_Balance_on_delinquent_revolving_CPA_accounts":"0","Worst_Current_Status_on_active_Retail_CPA_accounts":"0","Number_of_Closed_Revolving_Retail_PPs":"0","Percent_1_Arrears_of_Last_24_Retail_Available_Histories":"6","Percent_0_Arrears_of_Last_12_Retail_Available_Histories":"91","Worst_status_in_the_last_3_months_on_Retail_accounts_opened_4to12_months_ago":"","Percent_2_Arrears_of_Last_12_Retail_Available_Histories":"0","Number_of_Times_1_Arrears_of_Last_12_Retail_Available_Histories":"4","Number_of_Written_Off_Retail_PPs":"0","Number_of_Open_Fixed_Installment_Retail_PPs":"0","Number_of_Closed_Retail_PPs":"3","Worst_Arrears_on_Any_Retail_PPs":"1","Days_since_most_recent_retail_Delinquent_CPA__account_":"","Total_number_of_Retail_Delinquent_Accounts":"0","Number_of_Times_1_Arrears_of_Last_24_Retail_Available_Histories":"4","Worst_current_status_on_active_non_delinquent_revolving_accounts":"0","Number_of_Times_1_Arrears_of_Last_6_Retail_Available_Histories":"4","Number_of_Retail_PPs_in_the_Last_Year":"1","Total_outstanding_balance_on_Retail_active_accounts":"39449","Worst_Arrears_on_Retail_PPs_in_the_Last_90_Days":"1","Capital_Amount_of_Retail_PPs_Opened_in_Last_180_Days":"33489","Number_of_Times_2_Arrears_of_Last_3_Retail_Available_Histories":"0","Number_of_Retail_PPs_in_the_Last_180_Days":"1","Percent_3_Arrears_of_Last_24_Retail_Available_Histories":"0","Total_Balance_of_Fixed_Installment_Retail_PPs":"0","Percent_1_Arrears_of_Last_6_Retail_Available_Histories":"16","Capital_Amount_of_Retail_PPs_Opened_in_the_Last_Year":"33489","Outstanding_Balance_on_non_delinquent_revolving_CPA_opened_L6m":"0","Percent_3_Arrears_of_Last_6_Retail_Available_Histories":"0","Total_Credit_Limit_of_Revolving_Retail_PPs":"7249","Capital_Amount_of_Retail_PPs_Opened_in_the_Last_30_Days":"0","Worst_status_in_the_last_6_months_on_Retail_accounts_opened_for_at_least_12_months":"1","Total_Balance_of_Retail_Open_Account_PPs":"0","Monthly_Installment_Value_of_Currently_Open_Retail_PPs":"1869","Capital_Amount_of_Retail_PPs_Opened_in_the_Last_2_Years":"80047","Worst_status_in_the_last_6_months_on_Retail_accounts_opened_4to12_months_ago":"","Number_of_Closed_Fixed_Installment_Retail_PPs":"0","Percent_0_Arrears_of_Last_24_Retail_Available_Histories":"93","Worst_status_in_the_last_4to6_months_for_Retail_active_non_delinquent_CPA_accounts_":"1","Percent_2_Arrears_of_Last_6_Retail_Available_Histories":"0","Total_value_of_Retail_Delinquent_accounts":"0","Percent_0_Arrears_of_Last_6_Retail_Available_Histories":"84","Worst_Arrears_Level_of_Most_Recent_Retail_Opened_PP":"0","Number_of_Retail_Fixed_Installment_PPs_Ever":"0","Worst_status_in_the_last_3_months_for_active_non_delinquent_CPA_accounts_opened_in_the_last_12_months":"0","Number_of_Retail_PPs_in_the_Last_5_Years":"6","Number_of_Times_3_Arrears_of_Last_6_Retail_Available_Histories":"0","Total_Balance_of_Revolving_Retail_PPs":"5329"},"Own":{"Worst_status_in_the_last_4to6_months_for_all_active_non_delinquent_CPA_accounts_":"","Total_number_of__active_non_delinquent_CPA_accounts_opened_L6m":"0","Worst_status_in_the_last_3_months_on_Own_accounts_opened_for_at_least_12_months":"","Number_of_Own_PPs_in_the_Last_3_Years":"0","Months_Since_Most_Recent_Opened_Own_PP":"","Number_of_Times_2_Arrears_of_Last_12_Own_Available_Histories":"0","Total_Balance_of_Revolving_Own_PPs":"0","Number_of_own_accounts_opened_for_at_least_12_months":"0","Total_Installment_of_Own_Open_Account_PPs":"0","Number_of_Times_1_Arrears_of_Last_24_Own_Available_Histories":"0","Number_of_Own_PPs_in_the_Last_4_Years":"0","Worst_status_in_the_last_6_months_on_Own_accounts_opened_4to12_months_ago":"","Capital_Amount_of_Own_PPs_Opened_in_the_Last_180_Days":"0","Worst_status_in_the_last_6_months_on_Own_accounts_opened_for_at_least_12_months":"","Number_of_Own_Revolving_PPs_Ever":"0","Total_value_of_Own_Delinquent_accounts":"0","Capital_Amount_of_Own_PPs_Opened_in_the_Last_2_Years":"0","Percentage_0_Arrears_of_Last_3_Own_Available_Histories":"0","Percentage_0_Arrears_of_Last_12_Own_Available_Histories":"0","Worst_Arrears_Level_of_Most_Recent_Own_Opened_PP_":"","Percentage_3_Arrears_of_Last_12_Own_Available_Histories":"0","Number_of_Closed_Fixed_Installment_Own_PPs":"0","Number_of_Times_0_Arrears_of_Last_6_Own_Available_Histories":"0","Number_of_Own_accounts_opened_4to12_months_ago":"0","Total_Balance_of_Fixed_Installment_Own_PPs":"0","Number_of_Currently_Open_Own_PPs":"0","Capital_Amount_of_Own_PPs_Opened_in_the_Last_90_Days":"0","Total_Credit_Limit_of_Fixed_Installment_Own_PPS":"0","Worst_status_in_the_last_3_months_on_Own_accounts_opened_4to12_months_ago":"","Number_of_Own_PPs_in_the_Last_180_Days":"0","Worst_status_last_3_months_for_active__non_delinquent_CPA_accounts_opened_for_more_than_12months_":"","Monthly_Installment_Value_of_Currently_Open_Own_PPs":"0","Number_of_Times_2_Arrears_of_Last_3_Own_Available_Histories":"0","Number_of_Times_0_Arrears_of_Last_12_Own_Available_Histories":"0","Worst_Arrears_on_Closed_Own_PPs":"","Number_of_Times_0_Arrears_of_Last_24_Own_Available_Histories":"0","Days_since_most_recent_Own_Delinquent_CPA__account_":"","Number_of_Habitually_Slow_Own_PPs":"0","Number_of_Times_2_Arrears_of_Last_24_Own_Available_Histories":"0","Percentage_3_Arrears_of_Last_24_Own_Available_Histories":"0","Percentage_1_Arrears_of_Last_6_Own_Available_Histories":"0","Number_of_Open_Fixed_Installment_Own_PPs":"0","Capital_Amount_of_Own_PPs_Opened_in_the_Last_30_Days":"0","Total_outstanding_balance_on_Own_active_accounts":"0","Worst_Arrears_on_Own_PPs_in_the_Last_180_Days":"","Percentage_2_Arrears_of_Last_12_Own_Available_Histories":"0","Total_Installment_of_Fixed_Installment_Own_PPs":"0","Worst_current_status_on_active_non_delinquent_non_revolving_accounts":"","Number_of_Absconded_Own_PPs":"0","Outstanding_CPA_Balance_Own":"0","Outstanding_Balance_on_delinquent_revolving_CPA_accounts":"0","Number_of_Own_PPs_in_the_Last_30_Days":"0","Worst_Arrears_on_Own_PPs_in_the_Last_Year":"","Percentage_2_Arrears_of_Last_3_Own_Available_Histories":"0","Worst_Arrears_on_Open_Own_PPs":"","Number_of_Own_PPs_in_the_Last_90_Days":"0","Number_of_Times_3_Arrears_of_Last_24_Own_Available_Histories":"0","Monthly_CPA_Installment_Own":"0","Worst_current_status_on_active_non_delinquent_revolving_accounts":"","Total_Balance_of_Own_Open_Account_PPs":"0","Total_Credit_Limit_of_Revolving_Own_PPs":"0","Percentage_3_Arrears_of_Last_6_Own_Available_Histories":"0","Number_of_Times_1_Arrears_of_Last_12_Own_Available_Histories":"0","Number_of_Times_0_Arrears_of_Last_3_Own_Available_Histories":"0","Number_of_Disputed_Own_PPs":"0","Number_of_Times_3_Arrears_of_Last_3_Own_Available_Histories":"0","Percentage_2_Arrears_of_Last_24_Own_Available_Histories":"0","Number_of_Own_PPs_in_the_Last_2_Years":"0","Percentage_2_Arrears_of_Last_6_Own_Available_Histories":"0","Worst_Arrears_on_Own_PPs_in_the_Last_90_Days":"","Number_of_Times_3_Arrears_of_Last_6_Own_Available_Histories":"0","Percentage_3_Arrears_of_Last_3_Own_Available_Histories":"0","Percentage_1_Arrears_of_Last_3_Own_Available_Histories":"0","Percentage_1_Arrears_of_Last_24_Own_Available_Histories":"0","Outstanding_Balance_on_non_delinquent_revolving_CPA_opened_L6m":"0","Number_of_Own_PPs_in_the_Last_Year":"0","Number_of_Times_3_Arrears_of_Last_12_Own_Available_Histories":"0","Capital_Amount_of_Own_PPs_Opened_in_the_Last_Year":"0","Percentage_0_Arrears_of_Last_24_Own_Available_Histories":"0","Number_of_Times_2_Arrears_of_Last_6_Own_Available_Histories":"0","Total_number_of_Own_Delinquent_Accounts":"0","Number_of_Own_Installment_PPs_Ever":"0","Percentage_1_Arrears_of_Last_12_Own_Available_Histories":"0","Number_of_Times_1_Arrears_of_Last_6_Own_Available_Histories":"0","Number_of_Closed_Revolving_Own_PPs":"0","Total_Credit_Limit_of_Own_Open_Account_PPs":"0","Number_of_Closed_Own_PPs":"0","Number_of_Own_PPs_in_the_Last_5_Years":"0","Total_no_of_Own_Active_accounts":"0","Worst_Arrears_on_Own_PPs_ever":"","Number_of_Own_PPs_Ever":"0","Number_of_Written_Off_Own_PPs":"0","Worst_status_in_the_last_3_months_for_active_non_delinquent_CPA_accounts_opened_in_the_last_12_months":"","Current_Balance_of_Own_PPs":"0","Percentage_0_Arrears_of_Last_6_Own_Available_Histories":"0","Number_of_Times_1_Arrears_of_Last_3_Own_Available_Histories":"0","Worst_Current_Status_on_active_own_CPA_accounts":"","Total_Installment_of_Revolving_Own_PPs":"0","Number_of_Open_Revolving_Own_PPs":"0","Months_Since_Oldest_Opened_Own_PPs":""},"High_Risk_Accounts":{"Percent_1_Arrears_of_Last_6_All_Available_Histories":"0","Total_number_of__active_non_delinquent_CPA_accounts_opened_L6m":"0","Number_of_Closed_All_PPs":"0","Number_of_Times_3_Arrears_of_Last_3_All_Available_Histories":"0","Number_of_all_accounts_opened_for_at_least_12_months":"0","Number_of_Times_1_Arrears_of_Last_12_All_Available_Histories":"0","Worst_Arrears_on_All_PPs_in_the_Last_Year":"","Number_of_Times_1_Arrears_of_Last_3_All_Available_Histories":"0","Number_of_All_PPs_in_the_Last_180_Days":"0","Worst_Arrears_on_All_PPs_in_the_Last_90_Days":"","Total_outstanding_balance_on_All_active_accounts":"0","Total_number_of_all_Active_accounts_":"0","Worst_status_in_the_last_3_months_on_All_accounts_opened_4to12_months_ago":"","Percent_3_Arrears_of_Last_12_All_Available_Histories":"0","Number_of_Times_2_Arrears_of_Last_12_All_Available_Histories":"0","Number_of_Revolving_Unsecured_Credit_Transactions_under_R8_000_ever":"0","Number_of_Currently_Open_All_PPs":"0","Number_of_Times_1_Arrears_of_Last_24_All_Available_Histories":"0","Percent_0_Arrears_of_Last_6_All_Available_Histories":"0","Worst_status_last_3_months_for_active__non_delinquent_CPA_accounts_opened_for_more_than_12months_":"","Percent_3_Arrears_of_Last_24_All_Available_Histories":"0","Number_of_Times_1_Arrears_of_Last_6_All_Available_Histories":"0","Percent_1_Arrears_of_Last_3_All_Available_Histories":"0","Number_of_all_accounts_opened_4to12_months_ago":"0","Percent_2_Arrears_of_Last_24_All_Available_Histories":"0","Number_of_All_PPs_in_the_Last_5_Years":"0","Number_of_Times_2_Arrears_of_Last_6_All_Available_Histories":"0","Number_of_All_PPs_in_the_Last_4_Years":"0","Months_Since_Most_Recent_Opened_PP":"","Total_number_of_all_Delinquent_Accounts":"0","Number_of_Times_0_Arrears_of_Last_12_All_Available_Histories":"0","Percent_2_Arrears_of_Last_12_All_Available_Histories":"0","Outstanding_Balance_on_delinquent_revolving_CPA_accounts":"0","Total_Monthly_CPA_Installment_All":"0","Number_of_Times_3_Arrears_of_Last_6_All_Available_Histories":"0","Number_of_All_PPs_Ever":"0","Worst_Current_Status_on_active_All_CPA_accounts":"","Worst_Arrears_on_Closed_All_PPs":"","Number_of_Times_0_Arrears_of_Last_6_All_Available_Histories":"0","Number_of_Times_3_Arrears_of_Last_12_All_Available_Histories":"0","Cumulative_Installment_Value":"0","Worst_current_status_on_active_non_delinquent_revolving_accounts":"","Percent_1_Arrears_of_Last_24_All_Available_Histories":"0","Worst_Arrears_on_Open_All_PPs":"","Number_of_All_PPs_in_the_Last_Year":"0","Worst_status_in_the_last_6_months_on_All_accounts_opened_4to12_months_ago":"","Number_of_Unsecured_Credit_Transactions_under_R8_000_ever":"0","Number_of_Times_3_Arrears_of_Last_24_All_Available_Histories":"0","Worst_Arrears_on_All_PPs_in_the_Last_180_Days":"","Percent_2_Arrears_of_Last_6_All_Available_Histories":"0","Number_of_All_PPs_in_the_Last_90_Days":"0","Percent_0_Arrears_of_Last_3_All_Available_Histories":"0","Cumulative_Outstanding_Balance":"0","Percent_0_Arrears_of_Last_24_All_Available_Histories":"0","Percent_3_Arrears_of_Last_6_All_Available_Histories":"0","Outstanding_Balance_on_non_delinquent_revolving_CPA_opened_L6m":"0","Percent_2_Arrears_of_Last_3_All_Available_Histories":"0","Percent_1_Arrears_of_Last_12_All_Available_Histories":"0","Number_of_Times_0_Arrears_of_Last_24_All_Available_Histories":"0","Total_value_of_All_Delinquent_accounts":"0","Worst_Arrears_on_Any_All_PPs_ever":"","Days_since_most_recent_All_Delinquent_CPA__account_":"","Months_Since_Oldest_Opened_PPs_ever_all":"","Number_of_Times_2_Arrears_of_Last_3_All_Available_Histories":"0","Number_of_All_PPs_in_the_Last_3_Years":"0","Number_of_All_PPs_in_the_Last_30_Days":"0","Number_of_Times_2_Arrears_of_Last_24_All_Available_Histories":"0","Worst_status_in_the_last_6_months_on_All_accounts_opened_for_at_least_12_months":"","Total_Outstanding_CPA_Balance_All":"0","Number_of_All_PPs_in_the_Last_2_Years":"0","Percent_0_Arrears_of_Last_12_All_Available_Histories":"0","Worst_status_in_the_last_3_months_for_active_non_delinquent_CPA_accounts_opened_in_the_last_12_months":"","Number_of_Times_0_Arrears_of_Last_3_Available_Histories":"0","Worst_status_in_the_last_3_months_on_All_accounts_opened_for_at_least_12_months":"","Percent_3_Arrears_of_Last_3_All_Available_Histories":"0"},"Bank":{"Total_number_of__active_non_delinquent_CPA_accounts_opened_L6m":"0","Capital_Amount_of_Bank_PPs_Opened_in_the_Last_Year":"0","Number_of_Bank_accounts_opened_for_at_least_12_months":"0","Number_of_Times_2_Arrears_of_Last_3_Bank_Available_Histories":"0","Worst_Current_Status_on_active_Bank_CPA_accounts":"","Number_of_Open_Fixed_Installment_Bank_PPs":"0","Percent_0_Arrears_of_Last_6_Bank_Available_Histories":"0","Worst_Arrears_Level_of_Most_Recent_Bank_Opened_PP":"","Percent_3_Arrears_of_Last_24_Bank_Available_Histories":"0","Total_number_of_Bank_Delinquent_Accounts":"0","Number_of_Times_2_Arrears_of_Last_24_Bank_Available_Histories":"0","Worst_status_in_the_last_3_months_on_Bank_accounts_opened_4to12_months_ago":"","Number_of_Times_1_Arrears_of_Last_24_Bank_Available_Histories":"0","Worst_status_in_the_last_4to6_months_for_Bank_active_non_delinquent_CPA_accounts_":"","Percent_1_Arrears_of_Last_6_Bank_Available_Histories":"0","Number_of_Bank_PPs_in_the_Last_30_Days":"0","Current_Balance_of_Bank_PPs":"0","Number_of_Currently_Open_Bank_PPs":"0","Monthly_Installment_Value_of_Currently_Open_Bank_PPs":"0","Number_of_Bank_PPs_in_the_Last_180_Days":"0","Number_of_Bank_PPs_in_the_Last_3_Years":"0","Percent_3_Arrears_of_Last_12_Bank_Available_Histories":"0","Total_number_of_Bank_Active_accounts_":"0","Total_value_of_Bank_Delinquent_accounts":"0","Percent_0_Arrears_of_Last_12_Bank_Available_Histories":"0","Worst_Arrears_on_Open_Bank_PPs":"","Number_of_Written_Off_Bank_PPs":"0","Capital_Amount_of_Bank_PPs_Opened_in_the_Last_30_Days":"0","Percent_2_Arrears_of_Last_3_Bank_Available_Histories":"0","Number_of_Times_0_Arrears_of_Last_24_Bank_Available_Histories":"0","Total_Credit_Limit_of_Fixed_Installment_Bank_PPS":"0","Number_of_Closed_Fixed_Installment_Bank_PPs":"0","Percent_3_Arrears_of_Last_3_Bank_Available_Histories":"0","Total_Credit_Limit_of_Revolving_Bank_PPs":"0","Number_of_Bank_Revolving_PPs_Ever":"0","Total_Balance_of_Revolving_Bank_PPs":"0","Total_Credit_Limit_of_Bank_Open_Account_PPs":"0","Percent_1_Arrears_of_Last_3_Bank_Available_Histories":"0","Total_outstanding_balance_on_Bank_active_accounts":"0","Months_Since_Most_Recent_Opened_Bank_PPs":"","Worst_status_last_3_months_for_active__non_delinquent_CPA_accounts_opened_for_more_than_12months_":"","Percent_1_Arrears_of_Last_12_Bank_Available_Histories":"0","Number_of_Times_2_Arrears_of_Last_12_Bank_Available_Histories":"0","Months_Since_Oldest_Opened_Bank_PPs":"","Number_of_Times_3_Arrears_of_Last_3_Bank_Available_Histories":"0","Number_of_Bank_PPs_in_the_Last_Year":"0","Number_of_Times_1_Arrears_of_Last_3_Bank_Available_Histories":"0","Percent_1_Arrears_of_Last_24_Bank_Available_Histories":"0","Worst_Arrears_on_Bank_PPs_in_the_Last_Year":"","Percent_2_Arrears_of_Last_6_Bank_Available_Histories":"0","Total_Balance_of_Fixed_Installment_Bank_PPs":"0","Total_Installment_of_Bank_Open_Account_PPs":"0","Number_of_Bank_Fixed_Installment_PPs_Ever":"0","Worst_current_status_on_active_non_delinquent_non_revolving_accounts":"","Number_of_Habitually_Slow_Bank_PPs":"0","Outstanding_Balance_on_delinquent_revolving_CPA_accounts":"0","Percent_0_Arrears_of_Last_24_Bank_Available_Histories":"0","Worst_status_in_the_last_6_months_on_Bank_accounts_opened_4to12_months_ago":"","Worst_status_in_the_last_3_months_on_Bank_accounts_opened_for_at_least_12_months":"","Number_of_Closed_Bank_PPs":"0","Capital_Amount_of_Bank_PPs_Opened_in_the_Last_180_Days":"0","Monthly_CPA_Installment_Bank":"0","Outstanding_CPA_Balance_Bank":"0","Capital_Amount_of_Bank_PPs_Opened_in_the_Last_90_Days":"0","Worst_Arrears_on_Closed_Bank_PPs":"","Number_of_Bank_PPs_in_the_Last_90_Days":"0","Worst_status_in_the_last_6_months_on_Bank_accounts_opened_for_at_least_12_months":"","Worst_current_status_on_active_non_delinquent_revolving_accounts":"","Number_of_Absconded_Bank_PPs":"0","Worst_Arrears_on_Bank_PPs_in_the_Last_90_Days":"","Total_Installment_of_Revolving_Bank_PPs":"0","Number_of_Times_3_Arrears_of_Last_12_Bank_Available_Histories":"0","Total_Installment_of_Fixed_Installment_Bank_PPs":"0","Number_of_Times_0_Arrears_of_Last_6_Bank_Available_Histories":"0","Number_of_Open_Revolving_Bank_PPs":"0","Number_of_Bank_PPs_in_the_Last_4_Years":"0","Worst_Arrears_on_Bank_PPs_in_the_Last_180_Days":"","Number_of_Times_3_Arrears_of_Last_24_Bank_Available_Histories":"0","Number_of_Bank_PPs_in_the_Last_2_Years":"0","Percent_2_Arrears_of_Last_24_Bank_Available_Histories":"0","Outstanding_Balance_on_non_delinquent_revolving_CPA_opened_L6m":"0","Number_of_Times_3_Arrears_of_Last_6_Bank_Available_Histories":"0","Percent_2_Arrears_of_Last_12_Bank_Available_Histories":"0","Number_of_Bank_PPs_Ever":"0","Number_of_Times_0_Arrears_of_Last_3_Bank_Available_Histories":"0","Number_of_Bank_accounts_opened_4to12_months_ago":"0","Number_of_Times_1_Arrears_of_Last_12_Bank_Available_Histories":"0","Number_of_Times_2_Arrears_of_Last_6_Bank_Available_Histories":"0","Total_Balance_of_Bank_Open_Account_PPs":"0","Number_of_Closed_Revolving_Bank_PPs":"0","Days_since_most_recent_Bank_Delinquent_CPA__account_":"","Percent_0_Arrears_of_Last_3_Bank_Available_Histories":"0","Number_of_Times_1_Arrears_of_Last_6_Bank_Available_Histories":"0","Percent_3_Arrears_of_Last_6_Bank_Available_Histories":"0","Worst_Arrears_on_Any_Bank_PPs":"","Capital_Amount_of_Bank_PPs_Opened_in_the_Last_2_Years":"0","Number_of_Bank_PPs_in_the_Last_5_Years":"0","Worst_status_in_the_last_3_months_for_active_non_delinquent_CPA_accounts_opened_in_the_last_12_months":"","Number_of_Times_0_Arrears_of_Last_12_Bank_Available_Histories":"0","Number_of_Disputed_Bank_PPs":"0"},"AllValue":{"Worst_status_in_the_last_4to6_months_for_all_active_non_delinquent_CPA_accounts_":"1","Percent_1_Arrears_of_Last_6_All_Available_Histories":"13","Total_number_of__active_non_delinquent_CPA_accounts_opened_L6m":"1","Number_of_Closed_All_PPs":"3","Number_of_Times_3_Arrears_of_Last_3_All_Available_Histories":"0","Number_of_all_accounts_opened_for_at_least_12_months":"6","Number_of_Times_1_Arrears_of_Last_12_All_Available_Histories":"5","Total_outstanding_CPA_balance_on_CPA_home_loan_accounts":"0","Total_outstanding_CPA_balance_on_active_CPA_accounts_excluding_home_loans":"42960","Worst_Arrears_on_All_PPs_in_the_Last_Year":"1","Capital_Amount_of_All_PPs_Opened_in_the_Last_90_Days":"0","Number_of_Open_Fixed_Installment_All_PPs":"0","Number_of_Times_1_Arrears_of_Last_3_All_Available_Histories":"1","Number_of_All_PPs_in_the_Last_180_Days":"1","Worst_Arrears_on_All_PPs_in_the_Last_90_Days":"1","Number_of_Closed_Revolving_All_PPs":"0","Total_outstanding_balance_on_All_active_accounts":"42960","Total_Balance_of_All_Open_Account_PPs":"0","Total_number_of_all_Active_accounts_":"4","Worst_status_in_the_last_3_months_on_All_accounts_opened_4to12_months_ago":"","Percent_3_Arrears_of_Last_12_All_Available_Histories":"0","Number_of_Times_2_Arrears_of_Last_12_All_Available_Histories":"0","Number_of_All_Revolving_PPs_Ever":"2","Number_of_All_Fixed_Installment_PPs_Ever":"0","Total_Balance_of_Revolving_All_PPs":"8840","Number_of_Currently_Open_All_PPs":"4","Number_of_Times_1_Arrears_of_Last_24_All_Available_Histories":"5","Number_of_Habitually_Slow_All_PPs":"0","Total_Installment_of_Revolving_All_PPs":"773","Percent_0_Arrears_of_Last_6_All_Available_Histories":"86","Total_Installment_of_All_Open_Account_PPs":"0","Capital_Amount_of_All_PPs_Opened_in_the_Last_30_Days":"0","Worst_status_last_3_months_for_active__non_delinquent_CPA_accounts_opened_for_more_than_12months_":"1","Percent_3_Arrears_of_Last_24_All_Available_Histories":"0","Number_of_Times_1_Arrears_of_Last_6_All_Available_Histories":"4","Total_Credit_Limit_of_All_Open_Account_PPs":"0","Percent_1_Arrears_of_Last_3_All_Available_Histories":"6","Current_Balance_of_All_PPs":"42960","Number_of_all_accounts_opened_4to12_months_ago":"0","Monthly_Installment_Value_of_Currently_Open_All_PPs":"2137","Percent_2_Arrears_of_Last_24_All_Available_Histories":"0","Number_of_Absconded_All_PPs":"0","Number_of_All_PPs_in_the_Last_5_Years":"7","Number_of_Times_2_Arrears_of_Last_6_All_Available_Histories":"0","Number_of_All_PPs_in_the_Last_4_Years":"6","Months_Since_Most_Recent_Opened_PP":"3","Total_number_of_all_Delinquent_Accounts":"0","Number_of_Times_0_Arrears_of_Last_12_All_Available_Histories":"50","Total_outstanding_CPA_balance_on_accounts_opened_for_at_least_12_months_excluding_home_loans":"8959","Percent_2_Arrears_of_Last_12_All_Available_Histories":"0","Total_outstanding_CPA_balance_excluding_home_loans":"42960","Worst_current_status_on_active_non_delinquent_non_revolving_accounts":"0","Number_of_Written_Off_All_PPs":"0","Outstanding_Balance_on_delinquent_revolving_CPA_accounts":"0","Total_Monthly_CPA_Installment_All":"2018","Number_of_Times_3_Arrears_of_Last_6_All_Available_Histories":"0","Number_of_All_PPs_Ever":"7","Worst_Current_Status_on_active_All_CPA_accounts":"0","Total_Balance_of_Fixed_Installment_All_PPs":"0","Worst_Arrears_on_Closed_All_PPs":"0","Number_of_Times_0_Arrears_of_Last_6_All_Available_Histories":"26","Number_of_Times_3_Arrears_of_Last_12_All_Available_Histories":"0","Cumulative_Installment_Value":"2137","Number_of_Open_Revolving_All_PPs":"2","Worst_current_status_on_active_non_delinquent_revolving_accounts":"0","Percent_1_Arrears_of_Last_24_All_Available_Histories":"6","Worst_Arrears_on_Open_All_PPs":"1","Capital_Amount_of_All_PPs_Opened_in_the_Last_2_Years":"80047","Capital_Amount_of_All_PPs_Opened_in_the_Last_180_Days":"33489","Worst_status_in_the_last_6_months_on_non_delinquent_home_loan_accounts":"","Number_of_All_PPs_in_the_Last_Year":"1","Worst_status_in_the_last_6_months_on_All_accounts_opened_4to12_months_ago":"","Number_of_Closed_Fixed_Installment_All_PPs":"0","Number_of_Times_3_Arrears_of_Last_24_All_Available_Histories":"0","Worst_Arrears_on_All_PPs_in_the_Last_180_Days":"1","Percent_2_Arrears_of_Last_6_All_Available_Histories":"0","Number_of_All_PPs_in_the_Last_90_Days":"0","Percent_0_Arrears_of_Last_3_All_Available_Histories":"93","Cumulative_Outstanding_Balance":"42960","Total_Credit_Limit_of_Fixed_Installment_All_PPS":"0","Number_of_Disputed_All_PPs":"0","Total_Credit_Limit_of_Revolving_All_PPs":"10749","Percent_0_Arrears_of_Last_24_All_Available_Histories":"93","Percent_3_Arrears_of_Last_6_All_Available_Histories":"0","Worst_Arrears_Level_of_the_Account_Opened_Most_Recently":"0","Outstanding_Balance_on_non_delinquent_revolving_CPA_opened_L6m":"0","Percent_2_Arrears_of_Last_3_All_Available_Histories":"0","Percent_1_Arrears_of_Last_12_All_Available_Histories":"9","Number_of_Times_0_Arrears_of_Last_24_All_Available_Histories":"77","Total_value_of_All_Delinquent_accounts":"0","Worst_Arrears_on_Any_All_PPs_ever":"1","Days_since_most_recent_All_Delinquent_CPA__account_":"","Months_Since_Oldest_Opened_PPs_ever_all":"54","Number_of_Times_2_Arrears_of_Last_3_All_Available_Histories":"0","Months_since_most_recent_non_Delinquent_CPA__Home_loan_account_opened":"","Number_of_All_PPs_in_the_Last_3_Years":"4","Number_of_All_PPs_in_the_Last_30_Days":"0","Total_outstanding_CPA_balance_on_CPA_nondelinquent_home_loan_accounts_opened_in_the_last_12_months":"0","Number_of_Times_2_Arrears_of_Last_24_All_Available_Histories":"0","Worst_status_in_the_last_6_months_on_All_accounts_opened_for_at_least_12_months":"1","Total_Outstanding_CPA_Balance_All":"42841","Number_of_All_PPs_in_the_Last_2_Years":"4","Total_outstanding_CPA_balance_on_accounts_opened_4to12_months_ago_excluding_home_loans":"0","Percent_0_Arrears_of_Last_12_All_Available_Histories":"90","Worst_status_in_the_last_3_months_for_active_non_delinquent_CPA_accounts_opened_in_the_last_12_months":"0","Number_of_Times_0_Arrears_of_Last_3_Available_Histories":"15","Total_Installment_of_Fixed_Installment_All_PPs":"0","Worst_status_in_the_last_3_months_on_All_accounts_opened_for_at_least_12_months":"1","Capital_Amount_of_All_PPs_Opened_in_the_Last_Year":"33489","Percent_3_Arrears_of_Last_3_All_Available_Histories":"0"}},"NLR":{"Own":{"Number_of_NLR_accounts_opened_4to12_months_ago":"0","Percent_2_Arrears_of_Last_24_Own_Available_Histories":"0","Monthly_NLR_Installment_Own":"0","Total_value_of_NLR_Delinquent_accounts":"0","Number_of_Own_PPs_in_the_Last_3_Years":"0","Number_of_Times_2_Arrears_of_Last_12_Own_Available_Histories":"0","Percent_3_Arrears_of_Last_12_Own_Available_Histories":"0","Total_Balance_of_Revolving_Own_PPs":"0","Percent_1_Arrears_of_Last_12_Own_Available_Histories":"0","Number_of_Times_1_Arrears_of_Last_24_Own_Available_Histories":"0","Number_of_Own_PPs_in_the_Last_4_Years":"0","Worst_status_in_the_last_3_months_on_NLR_accounts_opened_for_at_least_12_months":"","Capital_Amount_of_Own_PPs_Opened_in_the_Last_180_Days":"0","Number_of_Own_Revolving_PPs_Ever":"0","Capital_Amount_of_Own_PPs_Opened_in_the_Last_2_Years":"0","Percent_2_Arrears_of_Last_12_Own_Available_Histories":"0","Days_since_most_recent_NLR_Delinquent___account_":"","Worst_status_in_the_last_3_months_for_active_non_delinquent__accounts_opened_in_the_last_12_months":"","Percent_1_Arrears_of_Last_24_Own_Available_Histories":"0","Number_of_Own_Fixed_Installment_PPs_Ever":"0","Number_of_Closed_Fixed_Installment_Own_PPs":"0","Number_of_Times_0_Arrears_of_Last_6_Own_Available_Histories":"0","Percent_0_Arrears_of_Last_6_Own_Available_Histories":"0","Total_Balance_of_Fixed_Installment_Own_PPs":"0","Percent_2_Arrears_of_Last_3_Own_Available_Histories":"0","Number_of_Currently_Open_Own_PPs":"0","Capital_Amount_of_Own_PPs_Opened_in_the_Last_90_Days":"0","Total_Credit_Limit_of_Fixed_Installment_Own_PPS":"0","Total_Outstanding_One_Month_Balance_":"0","Number_of_Own_PPs_in_the_Last_180_Days":"0","Worst_status_in_the_last_4to6_months_for_NLR_active_non_delinquent__accounts_":"","Monthly_Installment_Value_of_Currently_Open_Own_PPs":"0","Number_of_Times_2_Arrears_of_Last_3_Own_Available_Histories":"0","Worst_status_in_the_last_3_months_on_NLR_accounts_opened_4to12_months_ago":"","Number_of_Times_0_Arrears_of_Last_12_Own_Available_Histories":"0","Worst_Arrears_on_Closed_Own_PPs":"","Number_of_Times_0_Arrears_of_Last_24_Own_Available_Histories":"0","Number_of_Habitually_Slow_Own_PPs":"0","Number_of_Times_2_Arrears_of_Last_24_Own_Available_Histories":"0","Total_number_of_NLR_Delinquent_Accounts_":"0","Worst_Arrears_on_Own_PPs_in_the_Last_90_days":"","Number_of_Open_Fixed_Installment_Own_PPs":"0","Worst_status_last_3_months_for_active__non_delinquent__accounts_opened_for_more_than_12months_":"","Months_Since_Most_Recent_Opened_PP":"","Worst_Current_Status_on_active_NLR__accounts":"","Worst_Arrears_on_Own_PPs_in_the_Last_180_days":"","Capital_Amount_of_Own_PPs_Opened_in_the_Last_30_Days":"0","Total_outstanding_balance_on_NLR_active_accounts":"0","Total_Installment_of_Fixed_Installment_Own_PPs":"0","Worst_current_status_on_active_non_delinquent_non_revolving_accounts":"","Number_of_Absconded_Own_PPs":"0","Number_of_Own_PPs_in_the_Last_30_Days":"0","Worst_Arrears_on_Own_PPs_in_the_Last_Year":"","Worst_Arrears_on_Open_Own_PPs":"","Number_of_Own_PPs_in_the_Last_90_Days":"0","Outstanding_Balance_on_delinquent_revolving_NLR_accounts":"0","Number_of_Times_3_Arrears_of_Last_24_Own_Available_Histories":"0","Cumulative_Installment_Value":"0","Worst_current_status_on_active_non_delinquent_revolving_accounts":"","Percent_0_Arrears_of_Last_12_Own_Available_Histories":"0","Total_Credit_Limit_of_Revolving_Own_PPs":"0","Number_of_Times_1_Arrears_of_Last_12_Own_Available_Histories":"0","Number_of_Disputed_Own_PPs":"0","Percent_3_Arrears_of_Last_3_Own_Available_Histories":"0","Number_of_Times_3_Arrears_of_Last_3_Own_Available_Histories":"0","Number_of_Own_PPs_in_the_Last_2_Years":"0","Number_of_Times_3_Arrears_of_Last_6_Own_Available_Histories":"0","Number_of_own_PPs_Ever":"0","Cumulative_Outstanding_Balance":"0","Outstanding_NLR_Balance_Own":"0","Worst_status_in_the_last_6_months_on_NLR_accounts_opened_for_at_least_12_months":"","Percent_1_Arrears_of_Last_3_Own_Available_Histories":"0","Percent_3_Arrears_of_Last_6_Own_Available_Histories":"0","Worst_Arrears_Level_of_the_Account_Opened_Most_Recently":"","Number_of_Own_PPs_in_the_Last_Year":"0","Number_of_Times_3_Arrears_of_Last_12_Own_Available_Histories":"0","Worst_status_in_the_last_6_months_on_NLR_accounts_opened_4to12_months_ago":"","Capital_Amount_of_Own_PPs_Opened_in_the_Last_Year":"0","Number_of_Times_2_Arrears_of_Last_6_Own_Available_Histories":"0","Total_number_of_NLR_Active_accounts":"0","Number_of_Times_1_Arrears_of_Last_6_Own_Available_Histories":"0","Percent_0_Arrears_of_Last_24_Own_Available_Histories":"0","Number_of_Closed_Revolving_Own_PPs":"0","Total_Monthly_One_Month_Installment_":"0","Percent_2_Arrears_of_Last_6_Own_Available_Histories":"0","Number_of_NLR_accounts_opened_for_at_least_12_months":"0","Number_of_Closed_Own_PPs":"0","Number_of_Own_PPs_in_the_Last_5_Years":"0","Percent_1_Arrears_of_Last_6_Own_Available_Histories":"0","Worst_Arrears_on_Own_PPs_ever":"","Percent_0_Arrears_of_Last_3_Own_Available_Histories":"0","Number_of_Written_Off_Own_PPs":"0","Months_Since_Oldest_Opened_PPs_ever_own":"","Current_Balance_of_Own_PPs":"0","Number_of_Times_0_Arrears_of_Last_3_Available_Histories":"0","Outstanding_Balance_on_non_delinquent_revolving_NLR_opened_L6m":"0","Number_of_Times_1_Arrears_of_Last_3_Own_Available_Histories":"0","Total_Installment_of_Revolving_Own_PPs":"0","Total_number_of__active_non_delinquent_NLR_accounts_opened_L6m":"0","Number_of_Open_Revolving_Own_PPs":"0","Percent_3_Arrears_of_Last_24_Own_Available_Histories":"0"},"Other":{"Number_of_NLR_accounts_opened_4to12_months_ago":"0","Number_of_Currently_Open_Other_PPs":"0","Percent_1_Arrears_of_Last_12_Other_Available_Histories":"0","Percent_3_Arrears_of_Last_3_Other_Available_Histories":"0","Number_of_Other_PPs_in_the_Last_4_Years":"0","Total_value_of_NLR_Delinquent_accounts":"0","Worst_Arrears_on_Other_PPs_in_the_Last_90_days":"","Number_of_Times_0_Arrears_of_Last_6_Other_Available_Histories":"0","Capital_Amount_of_Other_PPs_Opened_in_the_Last_180_Days":"0","Percent_1_Arrears_of_Last_24_Other_Available_Histories":"0","Total_Balance_of_Revolving_Other_PPs":"0","Number_of_Other_PPs_in_the_Last_30_Days":"0","Worst_status_in_the_last_3_months_on_NLR_accounts_opened_for_at_least_12_months":"","Number_of_Times_1_Arrears_of_Last_24_Other_Available_Histories":"0","Days_since_most_recent_NLR_Delinquent___account_":"","Total_Credit_Limit_of_Fixed_Installment_Other_PPS":"0","Worst_status_in_the_last_3_months_for_active_non_delinquent__accounts_opened_in_the_last_12_months":"","Number_of_Other_PPs_in_the_Last_5_Years":"0","Total_Installment_of_Fixed_Installment_Other_PPs":"0","Number_of_Closed_Revolving_Other_PPs":"0","Worst_status_last_3_months_for_active__non_delinquent_accounts_opened_for_more_than_12months_":"","Capital_Amount_of_Other_PPs_Opened_in_the_Last_2_Years":"0","Capital_Amount_of_Other_PPs_Opened_in_the_Last_90_Days":"0","Number_of_Other_PPs_in_the_Last_Year":"0","Number_of_Times_0_Arrears_of_Last_12_Other_Available_Histories":"0","Number_of_Other_PPs_in_the_Last_3_Years":"0","Percent_1_Arrears_of_Last_6_Other_Available_Histories":"0","Capital_Amount_of_Other_PPs_Opened_in_the_Last_Year":"0","Monthly_Installment_Value_of_Currently_Open_Other_PPs":"0","Total_Outstanding_One_Month_Balance_":"0","Percent_0_Arrears_of_Last_12_Other_Available_Histories":"0","Total_number_of_NLR_Delinquent_Accounts":"0","Number_of_Times_3_Arrears_of_Last_12_Other_Available_Histories":"0","Number_of_Times_2_Arrears_of_Last_3_Other_Available_Histories":"0","Worst_status_in_the_last_4to6_months_for_NLR_active_non_delinquent__accounts_":"","Percent_1_Arrears_of_Last_3_Other_Available_Histories":"0","Worst_status_in_the_last_3_months_on_NLR_accounts_opened_4to12_months_ago":"","Number_of_Times_1_Arrears_of_Last_12_Other_Available_Histories":"0","Number_of_Disputed_Other_PPs":"0","Number_of_Other_PPs_in_the_Last_180_Days":"0","Number_of_Times_1_Arrears_of_Last_3_Other_Available_Histories":"0","Percent_3_Arrears_of_Last_12_Other_Available_Histories":"0","Months_Since_Most_Recent_Opened_PP":"","Number_of_Times_2_Arrears_of_Last_24_Other_Available_Histories":"0","Worst_Current_Status_on_active_NLR__accounts":"","Percent_3_Arrears_of_Last_24_Other_Available_Histories":"0","Percent_2_Arrears_of_Last_6_Other_Available_Histories":"0","Number_of_Times_0_Arrears_of_Last_24_Other_Available_Histories":"0","Total_outstanding_balance_on_NLR_active_accounts":"0","Worst_current_status_on_active_non_delinquent_non_revolving_accounts":"","Worst_Arrears_on_Other_PPs_ever":"","Number_of_Other_Fixed_Installment_PPs_Ever":"0","Outstanding_Balance_on_delinquent_revolving_NLR_accounts":"0","Percent_0_Arrears_of_Last_3_Other_Available_Histories":"0","Number_of_Habitually_Slow_Other_PPs":"0","Percent_2_Arrears_of_Last_24_Other_Available_Histories":"0","Number_of_Times_3_Arrears_of_Last_24_Other_Available_Histories":"0","Number_of_Other_PPs_Ever":"0","Number_of_Open_Revolving_Other_PPs":"0","Cumulative_Installment_Value":"0","Number_of_Other_PPs_in_the_Last_90_Days":"0","Worst_current_status_on_active_non_delinquent_revolving_accounts":"","Current_Balance_of_Other_PPs":"0","Number_of_Times_2_Arrears_of_Last_12_Other_Available_Histories":"0","Number_of_Closed_Fixed_Installment_Other_PPs":"0","Cumulative_Outstanding_Balance":"0","Worst_status_in_the_last_6_months_on_NLR_accounts_opened_for_at_least_12_months":"","Number_of_Times_3_Arrears_of_Last_3_Other_Available_Histories":"0","Percent_0_Arrears_of_Last_24_Other_Available_Histories":"0","Worst_Arrears_on_Other_PPs_in_the_Last_Year":"","Total_Balance_of_Fixed_Installment_Other_PPs":"0","Number_of_Other_PPs_in_the_Last_2_Years":"0","Percent_2_Arrears_of_Last_3_Other_Available_Histories":"0","Worst_Arrears_Level_of_the_Account_Opened_Most_Recently":"","Total_Installment_of_Revolving_Other_PPs":"0","Number_of_Open_Fixed_Installment_Other_PPs":"0","Worst_status_in_the_last_6_months_on_NLR_accounts_opened_4to12_months_ago":"","Worst_Arrears_on_Open_Other_PPs":"","Months_Since_Oldest_Opened_PPs_ever_Other":"","Number_of_Times_2_Arrears_of_Last_6_Other_Available_Histories":"0","Number_of_Closed_Other_PPs":"0","Number_of_Absconded_Other_PPs":"0","Number_of_Written_Off_Other_PPs":"0","Total_Monthly_One_Month_Installment_":"0","Worst_Arrears_on_Closed_Other_PPs":"","Number_of_NLR_accounts_opened_for_at_least_12_months":"0","Number_of_Times_1_Arrears_of_Last_6_Other_Available_Histories":"0","Percent_3_Arrears_of_Last_6_Other_Available_Histories":"0","Capital_Amount_of_Other_PPs_Opened_in_the_Last_30_Days":"0","Monthly_NLR_Installment_Other":"0","Number_of_Other_Revolving_PPs_Ever":"0","Percent_2_Arrears_of_Last_12_Other_Available_Histories":"0","Total_Credit_Limit_of_Revolving_Other_PPs":"0","Outstanding_NLR_Balance_Other":"0","Percent_0_Arrears_of_Last_6_Other_Available_Histories":"0","Number_of_Times_0_Arrears_of_Last_3_Available_Histories":"0","Outstanding_Balance_on_non_delinquent_revolving_NLR_opened_L6m":"0","Number_of_Times_3_Arrears_of_Last_6_Other_Available_Histories":"0","Total_number_of__active_non_delinquent_NLR_accounts_opened_L6m":"0","Total_number_of_NLR_Active_accounts_":"0","Worst_Arrears_on_Other_PPs_in_the_Last_180_days":""},"AllValue":{"Number_of_NLR_accounts_opened_4to12_months_ago":"0","Percent_1_Arrears_of_Last_6_All_Available_Histories":"0","Number_of_Closed_All_PPs":"0","Number_of_Times_3_Arrears_of_Last_3_All_Available_Histories":"0","Number_of_Times_1_Arrears_of_Last_12_All_Available_Histories":"0","Total_value_of_NLR_Delinquent_accounts":"0","Worst_Arrears_on_All_PPs_in_the_Last_Year":"","Capital_Amount_of_All_PPs_Opened_in_the_Last_90_Days":"0","Number_of_Open_Fixed_Installment_All_PPs":"0","Number_of_Times_1_Arrears_of_Last_3_All_Available_Histories":"0","Worst_status_in_the_last_3_months_on_NLR_accounts_opened_for_at_least_12_months":"","Worst_Arrears_on_All_PPs_in_the_Last_180_days":"","Number_of_Closed_Revolving_All_PPs":"0","Days_since_most_recent_NLR_Delinquent___account_":"","Worst_status_in_the_last_3_months_for_active_non_delinquent__accounts_opened_in_the_last_12_months":"","Worst_status_last_3_months_for_active__non_delinquent_accounts_opened_for_more_than_12months_":"","Percent_3_Arrears_of_Last_12_All_Available_Histories":"0","Number_of_Times_2_Arrears_of_Last_12_All_Available_Histories":"0","Number_of_All_Revolving_PPs_Ever":"0","Number_of_All_Fixed_Installment_PPs_Ever":"0","Total_Balance_of_Revolving_All_PPs":"0","Number_of_Currently_Open_All_PPs":"0","Number_of_Times_1_Arrears_of_Last_24_All_Available_Histories":"0","Number_of_Habitually_Slow_All_PPs":"0","Total_Outstanding_One_Month_Balance_":"0","Total_Installment_of_Revolving_All_PPs":"0","Number_of_All_PPs_in_the_Last_180_days":"0","Percent_0_Arrears_of_Last_6_All_Available_Histories":"0","Total_number_of_NLR_Delinquent_Accounts":"0","Capital_Amount_of_All_PPs_Opened_in_the_Last_30_Days":"0","Worst_status_in_the_last_4to6_months_for_NLR_active_non_delinquent__accounts_":"","Worst_status_in_the_last_3_months_on_NLR_accounts_opened_4to12_months_ago":"","Percent_3_Arrears_of_Last_24_All_Available_Histories":"0","Number_of_Times_1_Arrears_of_Last_6_All_Available_Histories":"0","Percent_1_Arrears_of_Last_3_All_Available_Histories":"0","Current_Balance_of_All_PPs":"0","Monthly_Installment_Value_of_Currently_Open_All_PPs":"0","Percent_2_Arrears_of_Last_24_All_Available_Histories":"0","Number_of_Absconded_All_PPs":"0","Number_of_All_PPs_in_the_Last_5_Years":"0","Number_of_Times_2_Arrears_of_Last_6_All_Available_Histories":"0","Worst_Arrears_on_All_PPs_in_the_Last_90_days":"","Number_of_All_PPs_in_the_Last_4_Years":"0","Months_Since_Most_Recent_Opened_PP":"","Worst_Current_Status_on_active_NLR__accounts":"","Number_of_Times_0_Arrears_of_Last_12_All_Available_Histories":"0","Percent_2_Arrears_of_Last_12_All_Available_Histories":"0","Total_outstanding_balance_on_NLR_active_accounts":"0","Worst_current_status_on_active_non_delinquent_non_revolving_accounts":"","Number_of_Written_Off_All_PPs":"0","Total_Outstanding_NLR_Balance_All":"0","Number_of_Times_3_Arrears_of_Last_6_All_Available_Histories":"0","Number_of_All_PPs_Ever":"0","Total_Balance_of_Fixed_Installment_All_PPs":"0","Outstanding_Balance_on_delinquent_revolving_NLR_accounts":"0","Worst_Arrears_on_Closed_All_PPs":"","Number_of_Times_0_Arrears_of_Last_6_All_Available_Histories":"0","Number_of_Times_3_Arrears_of_Last_12_All_Available_Histories":"0","Cumulative_Installment_Value":"0","Number_of_Open_Revolving_All_PPs":"0","Worst_current_status_on_active_non_delinquent_revolving_accounts":"","Percent_1_Arrears_of_Last_24_All_Available_Histories":"0","Worst_Arrears_on_Open_All_PPs":"","Capital_Amount_of_All_PPs_Opened_in_the_Last_2_Years":"0","Capital_Amount_of_All_PPs_Opened_in_the_Last_180_Days":"0","Months_Since_Oldest_Opened_PPs_ever_All":"","Number_of_All_PPs_in_the_Last_Year":"0","Total_Monthly_NLR_Installment_All":"0","Number_of_Closed_Fixed_Installment_All_PPs":"0","Number_of_Times_3_Arrears_of_Last_24_All_Available_Histories":"0","Percent_2_Arrears_of_Last_6_All_Available_Histories":"0","Number_of_All_PPs_in_the_Last_90_Days":"0","Percent_0_Arrears_of_Last_3_All_Available_Histories":"0","Cumulative_Outstanding_Balance":"0","Total_Credit_Limit_of_Fixed_Installment_All_PPS":"0","Number_of_Disputed_All_PPs":"0","Worst_status_in_the_last_6_months_on_NLR_accounts_opened_for_at_least_12_months":"","Total_Credit_Limit_of_Revolving_All_PPs":"0","Percent_0_Arrears_of_Last_24_All_Available_Histories":"0","Percent_3_Arrears_of_Last_6_All_Available_Histories":"0","Worst_Arrears_Level_of_the_Account_Opened_Most_Recently":"","Worst_Arrears_on_All_PPs_ever":"","Percent_2_Arrears_of_Last_3_All_Available_Histories":"0","Percent_1_Arrears_of_Last_12_All_Available_Histories":"0","Worst_status_in_the_last_6_months_on_NLR_accounts_opened_4to12_months_ago":"","Number_of_Times_0_Arrears_of_Last_24_All_Available_Histories":"0","Number_of_Times_2_Arrears_of_Last_3_All_Available_Histories":"0","Total_Monthly_One_Month_Installment_":"0","Number_of_All_PPs_in_the_Last_3_Years":"0","Number_of_All_PPs_in_the_Last_30_Days":"0","Number_of_NLR_accounts_opened_for_at_least_12_months":"0","Number_of_Times_2_Arrears_of_Last_24_All_Available_Histories":"0","Number_of_All_PPs_in_the_Last_2_Years":"0","Percent_0_Arrears_of_Last_12_All_Available_Histories":"0","Number_of_Times_0_Arrears_of_Last_3_Available_Histories":"0","Total_Installment_of_Fixed_Installment_All_PPs":"0","Outstanding_Balance_on_non_delinquent_revolving_NLR_opened_L6m":"0","Total_number_of__active_non_delinquent_NLR_accounts_opened_L6m":"0","Capital_Amount_of_All_PPs_Opened_in_the_Last_Year":"0","Total_number_of_NLR_Active_accounts_":"0","Percent_3_Arrears_of_Last_3_All_Available_Histories":"0"}}},"NLR_Past_24_Months":{"Positive_loans":"0","Highest_months_in_arrears":""},"Adverses":{"CPA":{"Number_of_Adverses_in_the_Previous_6_Months":"0","Number_of_CPA_adverses_ever":"0","Number_of_Adverses_in_the_Last_30_days":"0","Total_Value_of_all_Adverses":"0","Number_of_Adverses_in_the_Last_2_years":"0","Highest_Adverse_Value":"0","Number_of_Adverses_in_the_Last_3_years":"0","Months_since_most_recent_CPA_adverse":"","Total_value_of_all_CPA_adverses":"0","Number_of_Adverses_in_the_Last_year":"0","Number_of_Adverses_in_the_Last_19_to_36_Months":"0","Number_of_Adverses_in_the_Last_4_years":"0","Number_of_Adverses_in_the_Last_90_days":"0","Months_Since_Most_Recent_Adverse":"","Number_of_Adverses_in_the_Last_5_years":"0","Total_Number_of_Adverses_Ever":"0","Months_Since_Highest_Adverse":"","Number_of_Adverses_in_the_Last_180_days":"0","Value_of_Most_Recent_Adverse":"0"},"NLR":{"Number_of_Adverses_in_the_Previous_6_Months":"0","Total_value_of_all_NLR_adverses":"0","Number_of_NLR_adverses_ever":"0","Number_of_Adverses_in_the_Last_30_days":"0","Total_Value_of_all_Adverses":"0","Number_of_Adverses_in_the_Last_2_years":"0","Highest_Adverse_Value":"0","Number_of_Adverses_in_the_Last_3_years":"0","Number_of_Adverses_in_the_Last_year":"0","Number_of_Adverses_in_the_Last_19_to_36_Months":"0","Number_of_Adverses_in_the_Last_4_years":"0","Number_of_Adverses_in_the_Last_90_days":"0","Months_Since_Most_Recent_Adverse":"","Months_since_most_recent_NLR_adverse":"","Number_of_Adverses_in_the_Last_5_years":"0","Total_Number_of_Adverses_Ever":"0","Months_Since_Highest_Adverse":"","Number_of_Adverses_in_the_Last_180_days":"0","Value_of_Most_Recent_Adverse":"0"}},"NLR_Past_12_Months":{"Positive_loans":"0"},"CPA_CumulativeArrears":"480","CPA_Past_24_Months":{"Positive_loans":"4","Highest_months_in_arrears":"1"}},"Telephones":{"Telephone":[{"PhonePrefix":"042","PhoneType":{"type":"Work"}},{"PhonePrefix":"042","PhoneType":{"type":"Work"}},{"PhonePrefix":"071","PhoneType":{"type":"Work"}},{"PhonePrefix":"063","PhoneType":{"type":"Cell"}},{"PhonePrefix":"063","PhoneType":{"type":"Cell"}},{"PhonePrefix":"078","PhoneType":{"type":"Cell"}},{"PhonePrefix":"063","PhoneType":{"type":"Home"}}]}},"user-uuid":"ebec598b-00b5-4fad-87c8-092a5388b1c7"}