{"account-id":"185800","client-ref":"0298305832-1501929084","bureau-id":"EX","pulled-timestamp":"2017-08-05T10:31:24","report-id":"37544972","report":{"Addresses":{"Address":[{"ReportDate":"20170512","Relation":"Primary Address","City":"","ZipCode":"6139","CityArea":""},{"ReportDate":"20170512","Relation":"Primary Address","City":"","ZipCode":"6139","CityArea":"GRAHAMSTOWN"},{"ReportDate":"20170512","Relation":"Primary Address","City":"","ZipCode":"0000","CityArea":""},{"ReportDate":"20160430","Relation":"Primary Address","City":"","ZipCode":"6139","CityArea":"GRAHAMSTAD"},{"ReportDate":"20160430","Relation":"Primary Address","City":"GRAHAMSTOW","ZipCode":"0000","CityArea":""},{"ReportDate":"20150707","Relation":"Primary Address","City":"6139","ZipCode":"0000","CityArea":"GRAHAMSTOWN"},{"ReportDate":"20150707","Relation":"Primary Address","City":"","ZipCode":"6139","CityArea":"GRAHAMSTOWN"},{"ReportDate":"20150707","Relation":"Primary Address","City":"GRAHAMSTOW","ZipCode":"0000","CityArea":""},{"ReportDate":"20150407","Relation":"Primary Address","City":"GRAHAMSTOW","ZipCode":"0000","CityArea":"GRAHAMSTOWN"},{"ReportDate":"20150407","Relation":"Primary Address","City":"","ZipCode":"6139","CityArea":"GRAHAMSTOWN"},{"ReportDate":"20150407","Relation":"Primary Address","City":"","ZipCode":"6139","CityArea":"GRAHAMSTOWN"},{"ReportDate":"20131130","Relation":"Primary Address","City":"","ZipCode":"5326","CityArea":"QUEENSTOWN"},{"ReportDate":"20131130","Relation":"Primary Address","City":"","ZipCode":"0083","CityArea":"PRETORIA"}]},"SubscriberInfo":{"LastUpdateDate":"","ParentSubscriber":"","BusinessType":"0","Phone":"","SAFPSMemberRegNbr":"","LegalName":""},"Detect":{"DisputeIndicator":"N","IDverification":{"SurnameVerified":"Yes","InitialsVerified":"Yes","IDverified":"Yes"},"DebtRestructure":{"code":""}},"Defaults":{"CPA":{"Other":[{"EndUseCode":"O","Repayment_Frequency_Code":"03","Installment":"5160","Ownership_Type_Code":"00","History_of_most_recent_12_months":"??9999876543","No_of_Participants_Joint_Loan":"  0","PaymentStatus":"09","CreditLimit":"7500","Ownership_Type_Description":"Other","Subscriber":"NEDCARD","StatusDate":"20170119","LastPayment":"6706","OverdueAmount":"4290","CurrentBalance":"5160","Subscriber_Code":"0","Account_Sold_Third_Party_Indicator":" 0","Payment_Type_Description":"Other","OpenBalance":"7500","Repayment_Frequency_Desc":"Monthly","AccountType":{"value":"Credit card","code":"C "},"Third_Party_Name":"","Worst_history_in_the_last_12_months":"L","BalanceDate":"20170630","Worst_Payment_History":"L","PaymentCycle":{"Payment":[{"StatusDate":"20170801","Months":"??","Status":{"value":"No data","code":"??"}},{"StatusDate":"20170701","Months":"??","Status":{"value":"No data","code":"??"}},{"StatusDate":"20170601","Months":"09","Status":{"value":"Handed over","code":"L "}},{"StatusDate":"20170501","Months":"09","Status":{"value":"Handed over","code":"L "}},{"StatusDate":"20170401","Months":"09","Status":{"value":"Handed over","code":"L "}},{"StatusDate":"20170301","Months":"09","Status":{"value":"Handed over","code":"L "}},{"StatusDate":"20170201","Months":"08","Status":{"value":"Handed over","code":"L "}},{"StatusDate":"20170101","Months":"07","Status":{"value":"Handed over","code":"L "}},{"StatusDate":"20161201","Months":"06","Status":{"value":"Open or current","code":"  "}},{"StatusDate":"20161101","Months":"05","Status":{"value":"Open or current","code":"  "}},{"StatusDate":"20161001","Months":"04","Status":{"value":"Open or current","code":"  "}},{"StatusDate":"20160901","Months":"03","Status":{"value":"Open or current","code":"  "}},{"StatusDate":"20160801","Months":"02","Status":{"value":"Open or current","code":"  "}},{"StatusDate":"20160701","Months":"01","Status":{"value":"Open or current","code":"  "}},{"StatusDate":"20160601","Months":"00","Status":{"value":"Open or current","code":"  "}},{"StatusDate":"20160501","Months":"01","Status":{"value":"Open or current","code":"  "}},{"StatusDate":"20160401","Months":"01","Status":{"value":"Open or current","code":"  "}},{"StatusDate":"20160301","Months":"00","Status":{"value":"Open or current","code":"  "}},{"StatusDate":"20160201","Months":"01","Status":{"value":"Open or current","code":"  "}},{"StatusDate":"20160101","Months":"00","Status":{"value":"Open or current","code":"  "}},{"StatusDate":"20151201","Months":"03","Status":{"value":"Open or current","code":"  "}},{"StatusDate":"20151101","Months":"02","Status":{"value":"Open or current","code":"  "}},{"StatusDate":"20151001","Months":"01","Status":{"value":"Open or current","code":"  "}},{"StatusDate":"20150901","Months":"00","Status":{"value":"Open or current","code":"  "}},{"StatusDate":"20150801","Months":"00","Status":{"value":"Open or current","code":"  "}},{"StatusDate":"20150701","Months":"00","Status":{"value":"Open or current","code":"  "}},{"StatusDate":"20150601","Months":"00","Status":{"value":"Open or current","code":"  "}},{"StatusDate":"20150501","Months":"01","Status":{"value":"Open or current","code":"  "}},{"StatusDate":"20150401","Months":"00","Status":{"value":"Open or current","code":"  "}}]},"AccountNo":"ee83324301ead2ae4f2199b016cb6bd296b6fdb6165b81a76c1860efe841db8b","Industry_Code":"","Deferred_Payment_Date":"00000000","OpenDate":"20150409","LastPaymentDate":"20170525","Payment_Type_Code":"00","Status":{"value":"Handed over","code":"L"}}]}},"Session":{"Environment":"PRODUCTION","User_ID":"CLEARPROD","RequestType":"XML2","Version":"1.0.0","GroupName":"014227","Group_ID":"014227","Subscriber_ID":"014227","FullName":"CLEARPROD"},"ScoreBlock":{"Delphi":[{"ScoreName":"Delphi New Business G4.1 Banki ","Scorecard_Identifier":"402","RequestID":"17","Score":"580","ReasonCode":"D206D203D205D201D204"}]},"Accounts":{"CPA":{"Other":[{"EndUseCode":"O","Repayment_Frequency_Code":"03","Installment":"285","Ownership_Type_Code":"00","History_of_most_recent_12_months":"?0000010100?","No_of_Participants_Joint_Loan":"  0","PaymentStatus":"00","CreditLimit":"11000","RepaymentPeriod":"0000","Ownership_Type_Description":"Other","Subscriber":"FOSCHINI (RCS)","StatusDate":"00000000","LastPayment":"285","OverdueAmount":"0","CurrentBalance":"2789","Subscriber_Code":"60050","Account_Sold_Third_Party_Indicator":" 0","Payment_Type_Description":"Other","OpenBalance":"11000","Repayment_Frequency_Desc":"Monthly","AccountType":{"value":"Revolving","code":"R "},"Third_Party_Name":"","Worst_history_in_the_last_12_months":"1","BalanceDate":"20170712","Worst_Payment_History":"1","PaymentCycle":{"Payment":[{"StatusDate":"20170801","Months":"??","Status":{"value":"No data","code":"??"}},{"StatusDate":"20170701","Months":"00","Status":{"value":"Open or current","code":"  "}},{"StatusDate":"20170601","Months":"00","Status":{"value":"Open or current","code":"  "}},{"StatusDate":"20170501","Months":"00","Status":{"value":"Open or current","code":"  "}},{"StatusDate":"20170401","Months":"00","Status":{"value":"Open or current","code":"  "}},{"StatusDate":"20170301","Months":"00","Status":{"value":"Open or current","code":"  "}},{"StatusDate":"20170201","Months":"01","Status":{"value":"Open or current","code":"  "}},{"StatusDate":"20170101","Months":"00","Status":{"value":"Open or current","code":"  "}},{"StatusDate":"20161201","Months":"01","Status":{"value":"Open or current","code":"  "}},{"StatusDate":"20161101","Months":"00","Status":{"value":"Open or current","code":"  "}},{"StatusDate":"20161001","Months":"00","Status":{"value":"Open or current","code":"  "}},{"StatusDate":"20160901","Months":"??","Status":{"value":"Open or current","code":"  "}},{"StatusDate":"20160801","Months":"00","Status":{"value":"Open or current","code":"  "}},{"StatusDate":"20160701","Months":"00","Status":{"value":"Open or current","code":"  "}}]},"AccountNo":"7252f1a78538f7f5f06bb3069b3a102e8de8b4aff26238bf247e2b940d8b6430","Industry_Code":"R","Deferred_Payment_Date":"00000000","OpenDate":"20160704","LastPaymentDate":"20170625","Payment_Type_Code":"00","Status":{"value":"Open or current","code":" "}},{"EndUseCode":"O","Repayment_Frequency_Code":"03","Installment":"0","Ownership_Type_Code":"00","History_of_most_recent_12_months":"??0088888888","No_of_Participants_Joint_Loan":"  0","PaymentStatus":"00","CreditLimit":"4000","RepaymentPeriod":"0000","Ownership_Type_Description":"Other","Subscriber":"JET STORES","StatusDate":"20170525","LastPayment":"0","OverdueAmount":"0","CurrentBalance":"0","Subscriber_Code":"50030","Account_Sold_Third_Party_Indicator":" 0","Payment_Type_Description":"Other","OpenBalance":"4000","Repayment_Frequency_Desc":"Monthly","AccountType":{"value":"Revolving","code":"R "},"Third_Party_Name":"","Worst_history_in_the_last_12_months":"8","BalanceDate":"20170607","Worst_Payment_History":"8","PaymentCycle":{"Payment":[{"StatusDate":"20170801","Months":"??","Status":{"value":"No data","code":"??"}},{"StatusDate":"20170701","Months":"??","Status":{"value":"No data","code":"??"}},{"StatusDate":"20170601","Months":"00","Status":{"value":"Account closed","code":"C "}},{"StatusDate":"20170501","Months":"00","Status":{"value":"Account closed","code":"C "}},{"StatusDate":"20170401","Months":"08","Status":{"value":"Open or current","code":"  "}},{"StatusDate":"20170301","Months":"08","Status":{"value":"Open or current","code":"  "}},{"StatusDate":"20170201","Months":"08","Status":{"value":"Open or current","code":"  "}},{"StatusDate":"20170101","Months":"08","Status":{"value":"Open or current","code":"  "}},{"StatusDate":"20161201","Months":"08","Status":{"value":"Open or current","code":"  "}},{"StatusDate":"20161101","Months":"08","Status":{"value":"Open or current","code":"  "}},{"StatusDate":"20161001","Months":"08","Status":{"value":"Open or current","code":"  "}},{"StatusDate":"20160901","Months":"08","Status":{"value":"Open or current","code":"  "}},{"StatusDate":"20160801","Months":"08","Status":{"value":"Open or current","code":"  "}},{"StatusDate":"20160701","Months":"08","Status":{"value":"Open or current","code":"  "}},{"StatusDate":"20160601","Months":"08","Status":{"value":"Open or current","code":"  "}},{"StatusDate":"20160501","Months":"08","Status":{"value":"Open or current","code":"  "}},{"StatusDate":"20160401","Months":"08","Status":{"value":"Open or current","code":"  "}},{"StatusDate":"20160301","Months":"08","Status":{"value":"Open or current","code":"  "}},{"StatusDate":"20160201","Months":"07","Status":{"value":"Open or current","code":"  "}},{"StatusDate":"20160101","Months":"06","Status":{"value":"Open or current","code":"  "}},{"StatusDate":"20151201","Months":"05","Status":{"value":"Open or current","code":"  "}},{"StatusDate":"20151101","Months":"04","Status":{"value":"Open or current","code":"  "}},{"StatusDate":"20151001","Months":"03","Status":{"value":"Open or current","code":"  "}},{"StatusDate":"20150901","Months":"02","Status":{"value":"Open or current","code":"  "}},{"StatusDate":"20150801","Months":"01","Status":{"value":"Open or current","code":"  "}},{"StatusDate":"20150701","Months":"00","Status":{"value":"Open or current","code":"  "}},{"StatusDate":"20150601","Months":"00","Status":{"value":"Open or current","code":"  "}},{"StatusDate":"20150501","Months":"01","Status":{"value":"Open or current","code":"  "}},{"StatusDate":"20150401","Months":"00","Status":{"value":"Open or current","code":"  "}}]},"AccountNo":"27615fa4d9613d6bc6b0c07c857cfe71a37ce666b84e39f6692b56eee586738e","Industry_Code":"R","Deferred_Payment_Date":"00000000","OpenDate":"20150326","LastPaymentDate":"20170525","Payment_Type_Code":"00","Status":{"value":"Account closed","code":"C"}}]},"NLR":{"Other":[{"EndUseCode":"O","InterestRateType":"P","Repayment_Frequency_Code":"03","Installment":"0","Ownership_Type_Code":"00","History_of_most_recent_12_months":"?????0023311","No_of_Participants_Joint_Loan":"  0","PaymentStatus":"00","CreditLimit":"7114","RepaymentPeriod":"0005","Ownership_Type_Description":"Other","Subscriber":"CAPITEC BANK  LIMITED","StatusDate":"20170324","LastPayment":"1182","Charges":"000000000","OverdueAmount":"0","CurrentBalance":"0","Subscriber_Code":"191964","Account_Sold_Third_Party_Indicator":" 0","Payment_Type_Description":"Debt Under Restructure","OpenBalance":"7114","SettlementDate":"00/00/0000","Repayment_Frequency_Desc":"Monthly","LoanType":"0","Last_Update_Date":"20170331","AccountType":{"value":"Other","code":"1 "},"Third_Party_Name":"","Principal_Debt":"000000000","Worst_history_in_the_last_12_months":"3","BalanceDate":"20170331","Worst_Payment_History":"3","PaymentCycle":{"Payment":[{"StatusDate":"20170801","Months":"??","Status":{"value":"No data","code":"??"}},{"StatusDate":"20170701","Months":"??","Status":{"value":"No data","code":"??"}},{"StatusDate":"20170601","Months":"??","Status":{"value":"No data","code":"??"}},{"StatusDate":"20170501","Months":"??","Status":{"value":"No data","code":"??"}},{"StatusDate":"20170401","Months":"??","Status":{"value":"No data","code":"??"}},{"StatusDate":"20170301","Months":"00","Status":{"value":"Account closed","code":"C "}},{"StatusDate":"20170201","Months":"00","Status":{"value":"Extension of loan","code":"E "}},{"StatusDate":"20170101","Months":"02","Status":{"value":"Open or current","code":"  "}},{"StatusDate":"20161201","Months":"03","Status":{"value":"Open or current","code":"  "}},{"StatusDate":"20161101","Months":"03","Status":{"value":"Open or current","code":"  "}},{"StatusDate":"20161001","Months":"01","Status":{"value":"Open or current","code":"  "}},{"StatusDate":"20160901","Months":"01","Status":{"value":"Open or current","code":"  "}},{"StatusDate":"20160801","Months":"00","Status":{"value":"Open or current","code":"  "}}]},"Interest_Amount":"000000000","AccountNo":"e792832de38bcd8d187e4ae0d52903e7d758dc7b1a3ba273f1634115533c07ce","Industry_Code":"","Deferred_Payment_Date":"00000000","Ref_Number":"","OpenDate":"20160810","LastPaymentDate":"20170324","Payment_Type_Code":"06","Status":{"value":"Account closed","code":"C"}},{"EndUseCode":"O","InterestRateType":"P","Repayment_Frequency_Code":"03","Installment":"0","Ownership_Type_Code":"00","History_of_most_recent_12_months":"????????????","No_of_Participants_Joint_Loan":"  0","PaymentStatus":"00","CreditLimit":"2000","RepaymentPeriod":"0005","Ownership_Type_Description":"Other","Subscriber":"CAPITEC BANK  LIMITED","StatusDate":"20160625","LastPayment":"999999999","Charges":"000000000","OverdueAmount":"0","CurrentBalance":"0","Subscriber_Code":"191964","Account_Sold_Third_Party_Indicator":" 0","Payment_Type_Description":"Other","OpenBalance":"2000","SettlementDate":"00/00/0000","Repayment_Frequency_Desc":"Monthly","LoanType":"0","Last_Update_Date":"20160718","AccountType":{"value":"Other","code":"1 "},"Third_Party_Name":"","Principal_Debt":"000000000","Worst_history_in_the_last_12_months":"","BalanceDate":"20160718","Worst_Payment_History":"2","PaymentCycle":{"Payment":[{"StatusDate":"20170801","Months":"??","Status":{"value":"No data","code":"??"}},{"StatusDate":"20170701","Months":"??","Status":{"value":"No data","code":"??"}},{"StatusDate":"20170601","Months":"??","Status":{"value":"No data","code":"??"}},{"StatusDate":"20170501","Months":"??","Status":{"value":"No data","code":"??"}},{"StatusDate":"20170401","Months":"??","Status":{"value":"No data","code":"??"}},{"StatusDate":"20170301","Months":"??","Status":{"value":"No data","code":"??"}},{"StatusDate":"20170201","Months":"??","Status":{"value":"No data","code":"??"}},{"StatusDate":"20170101","Months":"??","Status":{"value":"No data","code":"??"}},{"StatusDate":"20161201","Months":"??","Status":{"value":"No data","code":"??"}},{"StatusDate":"20161101","Months":"??","Status":{"value":"No data","code":"??"}},{"StatusDate":"20161001","Months":"??","Status":{"value":"No data","code":"??"}},{"StatusDate":"20160901","Months":"??","Status":{"value":"No data","code":"??"}},{"StatusDate":"20160801","Months":"??","Status":{"value":"No data","code":"??"}},{"StatusDate":"20160701","Months":"00","Status":{"value":"Account closed","code":"C "}},{"StatusDate":"20160601","Months":"??","Status":{"value":"Account closed","code":"C "}},{"StatusDate":"20160501","Months":"00","Status":{"value":"Open or current","code":"  "}},{"StatusDate":"20160401","Months":"02","Status":{"value":"Open or current","code":"  "}},{"StatusDate":"20160301","Months":"01","Status":{"value":"Open or current","code":"  "}},{"StatusDate":"20160201","Months":"00","Status":{"value":"Open or current","code":"  "}}]},"Interest_Amount":"000000000","AccountNo":"34d6a068847040ca06a6349d4c37f82f58df01afbaea931b552e616824b46c17","Industry_Code":"","Deferred_Payment_Date":"00000000","Ref_Number":"","OpenDate":"20160204","LastPaymentDate":"20160625","Payment_Type_Code":"00","Status":{"value":"Account closed","code":"C"}},{"EndUseCode":"O","InterestRateType":"P","Repayment_Frequency_Code":"03","Installment":"0","Ownership_Type_Code":"00","History_of_most_recent_12_months":"????????????","No_of_Participants_Joint_Loan":"  0","PaymentStatus":"00","CreditLimit":"3899","RepaymentPeriod":"0004","Ownership_Type_Description":"Other","Subscriber":"CAPITEC BANK  LIMITED","StatusDate":"20160123","LastPayment":"0","Charges":"000000000","OverdueAmount":"0","CurrentBalance":"0","Subscriber_Code":"191964","Account_Sold_Third_Party_Indicator":" 0","Payment_Type_Description":"Other","OpenBalance":"3899","SettlementDate":"00/00/0000","Repayment_Frequency_Desc":"Monthly","LoanType":"0","Last_Update_Date":"20160131","AccountType":{"value":"Other","code":"1 "},"Third_Party_Name":"","Principal_Debt":"000000000","Worst_history_in_the_last_12_months":"","BalanceDate":"20160131","Worst_Payment_History":"0","PaymentCycle":{"Payment":[{"StatusDate":"20170801","Months":"??","Status":{"value":"No data","code":"??"}},{"StatusDate":"20170701","Months":"??","Status":{"value":"No data","code":"??"}},{"StatusDate":"20170601","Months":"??","Status":{"value":"No data","code":"??"}},{"StatusDate":"20170501","Months":"??","Status":{"value":"No data","code":"??"}},{"StatusDate":"20170401","Months":"??","Status":{"value":"No data","code":"??"}},{"StatusDate":"20170301","Months":"??","Status":{"value":"No data","code":"??"}},{"StatusDate":"20170201","Months":"??","Status":{"value":"No data","code":"??"}},{"StatusDate":"20170101","Months":"??","Status":{"value":"No data","code":"??"}},{"StatusDate":"20161201","Months":"??","Status":{"value":"No data","code":"??"}},{"StatusDate":"20161101","Months":"??","Status":{"value":"No data","code":"??"}},{"StatusDate":"20161001","Months":"??","Status":{"value":"No data","code":"??"}},{"StatusDate":"20160901","Months":"??","Status":{"value":"No data","code":"??"}},{"StatusDate":"20160801","Months":"??","Status":{"value":"No data","code":"??"}},{"StatusDate":"20160701","Months":"??","Status":{"value":"No data","code":"??"}},{"StatusDate":"20160601","Months":"??","Status":{"value":"No data","code":"??"}},{"StatusDate":"20160501","Months":"??","Status":{"value":"No data","code":"??"}},{"StatusDate":"20160401","Months":"??","Status":{"value":"No data","code":"??"}},{"StatusDate":"20160301","Months":"??","Status":{"value":"No data","code":"??"}},{"StatusDate":"20160201","Months":"??","Status":{"value":"No data","code":"??"}},{"StatusDate":"20160101","Months":"00","Status":{"value":"Account closed","code":"C "}},{"StatusDate":"20151201","Months":"00","Status":{"value":"Open or current","code":"  "}},{"StatusDate":"20151101","Months":"00","Status":{"value":"Extension of loan","code":"E "}},{"StatusDate":"20151001","Months":"00","Status":{"value":"Open or current","code":"  "}},{"StatusDate":"20150901","Months":"00","Status":{"value":"Open or current","code":"  "}}]},"Interest_Amount":"000000000","AccountNo":"db702be90834c96befc566f22dab5bbe217fb8b549e1f4108f2d0db06f09114b","Industry_Code":"","Deferred_Payment_Date":"00000000","Ref_Number":"","OpenDate":"20150908","LastPaymentDate":"20160123","Payment_Type_Code":"00","Status":{"value":"Account closed","code":"C"}},{"EndUseCode":"O","InterestRateType":"P","Repayment_Frequency_Code":"03","Installment":"0","Ownership_Type_Code":"00","History_of_most_recent_12_months":"????????????","No_of_Participants_Joint_Loan":"  0","PaymentStatus":"00","CreditLimit":"4637","RepaymentPeriod":"0005","Ownership_Type_Description":"Other","Subscriber":"CAPITEC BANK  LIMITED","StatusDate":"20151120","LastPayment":"0","Charges":"000000000","OverdueAmount":"0","CurrentBalance":"0","Subscriber_Code":"191964","Account_Sold_Third_Party_Indicator":" 0","Payment_Type_Description":"Other","OpenBalance":"4637","SettlementDate":"00/00/0000","Repayment_Frequency_Desc":"Monthly","LoanType":"0","Last_Update_Date":"20151120","AccountType":{"value":"Other","code":"1 "},"Third_Party_Name":"","Principal_Debt":"000000000","Worst_history_in_the_last_12_months":"","BalanceDate":"20151120","Worst_Payment_History":"0","PaymentCycle":{"Payment":[{"StatusDate":"20170801","Months":"??","Status":{"value":"No data","code":"??"}},{"StatusDate":"20170701","Months":"??","Status":{"value":"No data","code":"??"}},{"StatusDate":"20170601","Months":"??","Status":{"value":"No data","code":"??"}},{"StatusDate":"20170501","Months":"??","Status":{"value":"No data","code":"??"}},{"StatusDate":"20170401","Months":"??","Status":{"value":"No data","code":"??"}},{"StatusDate":"20170301","Months":"??","Status":{"value":"No data","code":"??"}},{"StatusDate":"20170201","Months":"??","Status":{"value":"No data","code":"??"}},{"StatusDate":"20170101","Months":"??","Status":{"value":"No data","code":"??"}},{"StatusDate":"20161201","Months":"??","Status":{"value":"No data","code":"??"}},{"StatusDate":"20161101","Months":"??","Status":{"value":"No data","code":"??"}},{"StatusDate":"20161001","Months":"??","Status":{"value":"No data","code":"??"}},{"StatusDate":"20160901","Months":"??","Status":{"value":"No data","code":"??"}},{"StatusDate":"20160801","Months":"??","Status":{"value":"No data","code":"??"}},{"StatusDate":"20160701","Months":"??","Status":{"value":"No data","code":"??"}},{"StatusDate":"20160601","Months":"??","Status":{"value":"No data","code":"??"}},{"StatusDate":"20160501","Months":"??","Status":{"value":"No data","code":"??"}},{"StatusDate":"20160401","Months":"??","Status":{"value":"No data","code":"??"}},{"StatusDate":"20160301","Months":"??","Status":{"value":"No data","code":"??"}},{"StatusDate":"20160201","Months":"??","Status":{"value":"No data","code":"??"}},{"StatusDate":"20160101","Months":"??","Status":{"value":"No data","code":"??"}},{"StatusDate":"20151201","Months":"??","Status":{"value":"No data","code":"??"}},{"StatusDate":"20151101","Months":"00","Status":{"value":"Account closed","code":"C "}},{"StatusDate":"20151001","Months":"00","Status":{"value":"Open or current","code":"  "}},{"StatusDate":"20150901","Months":"00","Status":{"value":"Open or current","code":"  "}},{"StatusDate":"20150801","Months":"00","Status":{"value":"Open or current","code":"  "}},{"StatusDate":"20150701","Months":"00","Status":{"value":"Open or current","code":"  "}}]},"Interest_Amount":"000000000","AccountNo":"c8f3bac338da50f5fbf5d26f22e8682094538c76514120c0aa9f7f287e736a50","Industry_Code":"","Deferred_Payment_Date":"00000000","Ref_Number":"","OpenDate":"20150707","LastPaymentDate":"20151120","Payment_Type_Code":"00","Status":{"value":"Account closed","code":"C"}}]}},"Enquiry":{"CPA":{"Other":[{"EnquiryDate":"20170216","SubscriberName":"SBSA CHEQUE","Subscriber_Operator":"CHEQUE","SubscriberTel":""},{"EnquiryDate":"20160929","SubscriberName":"STD","Subscriber_Operator":"STD02","SubscriberTel":""},{"EnquiryDate":"20160923","SubscriberName":"SBSA CARD","Subscriber_Operator":"CARD2","SubscriberTel":""}]}},"ReturnData":{"ExecTime":"0.91","Title":"","Address":{"ReportDate":"20170512","Relation":"Primary Address","City":"","ZipCode":"6139","CityArea":""},"Date":"2017-08-05","Match":"1","Birthday":"199101","SessionID":"9Y38L60W259J","Time":"12:30"},"InputData":{"Consumer":"","RSA_ID":"Yes","Birthday":"199101"},"Summary":{"Enquiries":{"CPA":{"Other":{"Number_of_Other_Enquiries_in_the_Last_4_years":"3","Number_of_Other_Enquiries_in_the_Last_2_years":"3","Months_Since_Oldest_Other_Enquiry":"10","Number_of_Other_Enquiries_in_the_Last_7_days":"0","Months_Since_Recent_Other_Enquiry":"5","Number_of_Other_Enquiries_in_the_Last_year":"3","Number_of_Other_Enquiries_in_the_Last_90_days":"0","Days_Since_Recent_Other_Enquiry":"170","Total_Number_of_Other_Enquiries_Ever":"3","Number_of_Other_Enquiries_in_the_Last_3_years":"3","Number_of_Other_Enquiries_in_the_Last_5_years":"3","Number_of_Other_Enquiries_in_the_Last_180_days":"1","Number_of_Other_Enquiries_in_the_Last_30_days":"0"},"Communication":{"Number_of_Comms_Enquiries_in_the_Last_180_days":"0","Months_Since_Recent_Comms_Enquiry":"","Number_of_Comms_Enquiries_in_the_Last_year":"0","Days_Since_Recent_Comms_Enquiry":"","Number_of_Comms_Enquiries_in_the_Last_30_days":"0","Number_of_Comms_Enquiries_in_the_Last_2_years":"0","Total_Number_of_Comms_Enquiries_Ever":"0","Months_Since_Oldest_Comms_Enquiry":"","Number_of_Comms_Enquiries_in_the_Last_4_years":"0","Number_of_Comms_Enquiries_in_the_Last_3_years":"0","Number_of_Comms_Enquiries_in_the_Last_90_days":"0","Number_of_Comms_Enquiries_in_the_Last_7_days":"0","Number_of_Comms_Enquiries_in_the_Last_5_years":"0"},"Retail":{"Number_of_Retail_Enquiries_in_the_Last_2_years":"0","Number_of_Retail_Enquiries_in_the_Last_4_years":"0","Number_of_Retail_Enquiries_in_the_Last_90_days":"0","Days_Since_Recent_Retail_Enquiry":"","Total_Number_of_Retail_Enquiries_Ever":"0","Months_Since_Recent_Retail_Enquiry":"","Months_Since_Oldest_Retail_Enquiry":"","Number_of_Retail_Enquiries_in_the_Last_year":"0","Number_of_Retail_Enquiries_in_the_Last_30_days":"0","Number_of_Retail_Enquiries_in_the_Last_3_years":"0","Number_of_Retail_Enquiries_in_the_Last_5_years":"0","Number_of_Retail_Enquiries_in_the_Last_7_days":"0","Number_of_Retail_Enquiries_in_the_Last_180_days":"0"},"Own":{"Number_of_Own_Enquiries_in_the_Last_180_days":"0","Number_of_Own_Enquiries_in_the_Last_3_years":"0","Months_Since_Oldest_Own_Enquiry":"","Number_of_Own_Enquiries_in_the_Last_7_days":"0","Number_of_Own_Enquiries_in_the_Last_90_days":"0","Number_of_Own_Enquiries_in_the_Last_4_years":"0","Total_Number_of_Own_Enquiries_Ever":"0","Number_of_Own_Enquiries_in_the_Last_5_years":"0","Number_of_Own_Enquiries_in_the_Last_30_days":"0","Number_of_Own_Enquiries_in_the_Last_2_years":"0","Number_of_Own_Enquiries_in_the_Last_28_days":"0","Number_of_Own_Enquiries_in_the_Last_year":"0","Days_Since_Recent_Own_Enquiry":"","Months_Since_Recent_Own_Enquiry":""},"Bank":{"Total_Number_of_Bank_Enquiries_Ever":"3","Number_of_Bank_Enquiries_in_the_Last_3_years":"3","Number_of_Bank_Enquiries_in_the_Last_2_years":"3","Number_of_Bank_Enquiries_in_the_Last_5_years":"3","Number_of_Bank_Enquiries_in_the_Last_7_days":"0","Number_of_Bank_Enquiries_in_the_Last_year":"3","Number_of_Bank_Enquiries_in_the_Last_180_days":"1","Months_Since_Recent_Bank_Enquiry":"5","Months_Since_Oldest_Bank_Enquiry":"10","Days_Since_Recent_Bank_Enquiry":"170","Number_of_Bank_Enquiries_in_the_Last_30_days":"0","Number_of_Bank_Enquiries_in_the_Last_4_years":"3","Number_of_Bank_Enquiries_in_the_Last_90_days":"0"},"AllValue":{"Months_Since_Oldest_All_Enquiry":"10","Number_of_All_Enquiries_in_the_Last_3_years":"3","Number_of_All_Enquiries_in_the_Last_5_years":"3","Number_of_All_Enquiries_in_the_Last_90_days":"0","Number_of_All_Enquiries_in_the_Last_2_years":"3","Total_Number_of_All_Enquiries_Ever":"3","Number_of_All_Enquiries_in_the_Last_180_days":"1","Days_Since_Recent_All_Enquiry":"170","Months_Since_Recent_All_Enquiry":"5","Number_of_All_Enquiries_in_the_Last_7_days":"0","Number_of_All_Enquiries_in_the_Last_30_days":"0","Number_of_All_Enquiries_in_the_Last_4_years":"3","Number_of_All_Enquiries_in_the_Last_year":"3"}},"NLR":{"Own":{"Number_of_Own_Enquiries_in_the_Last_180_days":"0","Number_of_Own_Enquiries_Ever":"0","Number_of_Own_Enquiries_in_the_Last_3_years":"0","Months_Since_Oldest_Own_Enquiry":"","Number_of_Own_Enquiries_in_the_Last_7_days":"0","Number_of_Own_Enquiries_in_the_Last_90_days":"0","Number_of_Own_Enquiries_in_the_Last_4_years":"0","Number_of_Own_Enquiries_in_the_Last_5_years":"0","Number_of_Own_Enquiries_in_the_Last_30_days":"0","Number_of_Own_Enquiries_in_the_Last_2_years":"0","Number_of_Own_Enquiries_in_the_Last_year":"0","Days_Since_Recent_Own_Enquiry":"","Months_Since_Recent_Own_Enquiry":""},"Other":{"Number_of_Other_Enquiries_in_the_Last_4_years":"0","Number_of_Other_Enquiries_in_the_Last_2_years":"0","Months_Since_Oldest_Other_Enquiry":"","Number_of_Other_Enquiries_in_the_Last_7_days":"0","Number_of_Other_Enquiries_Ever":"0","Months_Since_Recent_Other_Enquiry":"","Number_of_Other_Enquiries_in_the_Last_year":"0","Number_of_Other_Enquiries_in_the_Last_90_days":"0","Days_Since_Recent_Other_Enquiry":"","Number_of_Other_Enquiries_in_the_Last_3_years":"0","Number_of_Other_Enquiries_in_the_Last_5_years":"0","Number_of_Other_Enquiries_in_the_Last_180_days":"0","Number_of_Other_Enquiries_in_the_Last_30_days":"0"},"AllValue":{"Months_Since_Oldest_All_Enquiry":"","Number_of_All_Enquiries_in_the_Last_3_years":"0","Number_of_All_Enquiries_in_the_Last_5_years":"0","Number_of_All_Enquiries_in_the_Last_90_days":"0","Number_of_All_Enquiries_Ever":"0","NLR_Enquiry_Reference_Number":"0","Number_of_All_Enquiries_in_the_Last_2_years":"0","Number_of_All_Enquiries_in_the_Last_180_days":"0","Days_Since_Recent_All_Enquiry":"","Months_Since_Recent_All_Enquiry":"","Number_of_All_Enquiries_in_the_Last_7_days":"0","Number_of_All_Enquiries_in_the_Last_30_days":"0","Number_of_All_Enquiries_in_the_Last_4_years":"0","Number_of_All_Enquiries_in_the_Last_year":"0"}}},"NLR_CumulativeArrears":"000000000000","Notices":{"Number_of_Notices_in_the_Last_90_days":"0","Number_of_Notices_in_the_Last_2_years":"0","Number_of_Notices_in_the_Last_3_years":"0","Number_of_Notices_in_the_Last_year":"0","Number_of_Notices_in_the_Last_30_days":"0","Number_of_Notices_in_the_Last_19_to_36_Months":"0","Number_of_Notices_in_the_Last_7_to_18_Months":"0","Number_of_Notices_in_the_Last_180_days":"0","Total_Number_of_Notices_Ever":"0","Number_of_Notices_in_the_Previous_6_Months":"0","Number_of_Notices_Older_than_37_Months":"0","Number_of_Notices_in_the_Last_4_years":"0","Number_of_Notices_in_the_Last_5_years":"0"},"CPA_Past_36_Months":{"Positive_loans":"1","Highest_months_in_arrears":"L"},"All_Negatives":{"All_Value_of_Most_Recent_Negative":"5160","All_Number_of_Negatives_in_the_Last_90_days":"0","All_Highest_Negative_Value":"5160","All_Number_of_Negatives_in_the_Last_2_years":"1","All_Number_of_Negatives_in_the_Last_30_days":"0","All_Months_Since_Most_Recent_Negative":"6","All_Number_of_Negatives_in_the_Last_3_years":"1","All_Number_of_Negatives_in_the_Last_180_days":"0","All_Number_of_Negatives_in_the_Last_4_years":"1","All_Number_of_Negatives_in_the_Last_year":"1","All_Number_of_Negatives_in_the_Last_5_years":"1","All_Total_Number_of_Negatives_Ever":"1","All_Months_Since_Highest_Negative":"6"},"Trace":{"Number_of_Traces_in_the_Last_year":"0","Number_of_Traces_in_the_Last_2_years":"0","Number_of_Traces_in_the_Last_30_days":"0","Number_of_Traces_in_the_Last_4_years":"0","Number_of_Traces_in_the_Last_3_years":"0","Number_of_Traces_in_the_Last_5_years":"0","Number_of_Traces_in_the_Last_180_days":"0","Number_of_Traces_in_the_Last_60_days":"0","Total_Number_of_Traces_Ever":"0","Number_of_Traces_in_the_Last_90_days":"0"},"Judgements":{"Number_of_Judgments_in_the_Previous_6_Months":"0","Value_of_Most_Recent_Judgment":"0","Number_of_Judgments_in_the_Last_90_days":"0","Highest_Judgment_Value":"0","Total_Value_of_Other_Judgments":"0","Total_Number_of_Other_Judgments":"0","Number_of_Judgments_in_the_Last_3_years":"0","Number_of_Judgments_in_the_Last_19_to_36_Months":"0","Total_Number_of_Medical_Judgments":"0","Number_of_Judgments_in_the_Last_30_days":"0","Months_Since_Highest_Judgment":"","Number_of_Judgments_in_the_Last_2_years":"0","Number_of_Judgments_in_the_Last_7_to_18_Months":"0","Months_Since_Most_Recent_Judgment":"","Number_of_Judgments_in_the_Last_4_years":"0","Number_of_Judgments_in_the_Last_year":"0","Number_of_Judgments_in_the_Last_5_years":"0","Total_Judgment_Value":"0","Total_Value_of_Medical_Judgments":"0","Number_of_Judgments_in_the_Last_180_days":"0","Number_of_Judgments_Older_than_37_Months":"0","Total_Number_of_Judgments_Ever":"0"},"Negatives":{"Number_of_Negatives_in_the_Last_180_days":"0","Number_of_Negatives_in_the_Last_3_years":"1","Value_of_Most_Recent_Negative":"5160","Number_of_Negatives_in_the_Last_2_years":"1","Total_Number_of_Negatives_Ever":"1","Months_Since_Most_Recent_Negative":"6","Number_of_Negatives_in_the_Last_90_days":"0","Number_of_Negatives_in_the_Last_5_years":"1","Number_of_Negatives_in_the_Last_30_days":"0","Number_of_Negatives_in_the_Last_4_years":"1","Months_Since_Highest_Negative":"6","Highest_Negative_Value":"5160","Number_of_Negatives_in_the_Last_year":"1"},"TotalCreditLimitOpenCreditCardAccounts":"000000000000","Collections":{"Number_of_Collections_in_the_Last_30_days":"0","Number_of_Payments_in_the_Last_3_Months":"0","Number_of_Collections_in_the_Last_90_days":"0","Total_Collection_Capital_Value":"0","Highest_Collection_Value":"0","Total_amount_Collected_on_Collections_opened_in_the_Last_6_Months":"0","Total_Collections_Amount_Collected_Ever":"0","Total_amount_Collected_on_Collections_opened_in_the_Last_12_Months":"0","Number_of_Payments_in_the_Last_12_Months":"0","Months_Since_Most_Recent_Collection":"","Number_of_Collections_in_the_Last_2_years":"0","Number_of_Collections_in_the_Last_5_years":"0","Number_of_Payments_in_the_Last_6_Months":"0","Number_of_Collections_in_the_Last_4_years":"0","Months_Since_Highest_Collection":"","Number_of_Collections_in_the_Last_3_years":"0","Total_Number_of_Collections_Ever":"0","Number_of_Collections_in_the_Last_year":"0","Value_of_Most_Recent_Collection":"0","Number_of_Collections_in_the_Last_180_days":"0","Total_amount_Collected_on_Collections_opened_in_the_Last_3_Months":"0"},"NLR_Past_36_Months":{"Positive_loans":"4","Highest_months_in_arrears":"3"},"CPA_Past_12_Months":{"Positive_loans":"1"},"Payment_Profiles":{"CPA":{"Other":{"Worst_status_in_the_last_4to6_months_for_all_active_non_delinquent_CPA_accounts_":"0","Number_of_Currently_Open_Other_PPs":"2","Percent_1_Arrears_of_Last_12_Other_Available_Histories":"68","Total_number_of__active_non_delinquent_CPA_accounts_opened_L6m":"0","Percent_3_Arrears_of_Last_3_Other_Available_Histories":"44","Number_of_Other_PPs_in_the_Last_4_Years":"3","Worst_Arrears_Level_of_Most_Recent_Other_Opened_PP":"9","Number_of_Times_0_Arrears_of_Last_6_Other_Available_Histories":"7","Worst_Current_Status_on_active_Other_CPA_accounts":"0","Percent_1_Arrears_of_Last_24_Other_Available_Histories":"68","Total_Balance_of_Revolving_Other_PPs":"2789","Number_of_Other_PPs_in_the_Last_30_Days":"0","Total_Credit_Limit_of_Other_Open_Account_PPs":"0","Total_Installment_of_Other_Open_Account_PPs":"0","Number_of_Times_1_Arrears_of_Last_24_Other_Available_Histories":"41","Total_Credit_Limit_of_Fixed_Installment_Other_PPS":"0","Number_of_Other_PPs_in_the_Last_5_Years":"3","Total_Installment_of_Fixed_Installment_Other_PPs":"0","Number_of_Closed_Revolving_Other_PPs":"1","Capital_Amount_of_Other_PPs_Opened_in_the_Last_2_Years":"18500","Capital_Amount_of_Other_PPs_Opened_in_the_Last_90_Days":"0","Number_of_Other_PPs_in_the_Last_Year":"1","Number_of_Times_0_Arrears_of_Last_12_Other_Available_Histories":"11","Number_of_Other_PPs_in_the_Last_3_Years":"3","Percent_1_Arrears_of_Last_6_Other_Available_Histories":"61","Capital_Amount_of_Other_PPs_Opened_in_the_Last_Year":"7500","Monthly_Installment_Value_of_Currently_Open_Other_PPs":"5445","Worst_Arrears_on_Other_PPs_in_the_Last_180_Days":"9","Total_Balance_of_Other_Open_Account_PPs":"0","Percent_0_Arrears_of_Last_12_Other_Available_Histories":"31","Number_of_Times_3_Arrears_of_Last_12_Other_Available_Histories":"20","Number_of_Times_2_Arrears_of_Last_3_Other_Available_Histories":"4","Worst_status_last_3_months_for_active__non_delinquent_CPA_accounts_opened_for_more_than_12months_":"0","Percent_1_Arrears_of_Last_3_Other_Available_Histories":"44","Number_of_Times_1_Arrears_of_Last_12_Other_Available_Histories":"24","Number_of_Disputed_Other_PPs":"0","Number_of_Other_PPs_in_the_Last_180_Days":"0","Number_of_Times_1_Arrears_of_Last_3_Other_Available_Histories":"4","Outstanding_CPA_Balance_Other":"2789","Percent_3_Arrears_of_Last_12_Other_Available_Histories":"57","Number_of_Times_2_Arrears_of_Last_24_Other_Available_Histories":"33","Percent_3_Arrears_of_Last_24_Other_Available_Histories":"50","Days_since_most_recent_Other_Delinquent_CPA__account_":"198","Number_of_other_accounts_opened_4to12_months_ago":"1","Percent_2_Arrears_of_Last_6_Other_Available_Histories":"55","Number_of_Times_0_Arrears_of_Last_24_Other_Available_Histories":"19","Worst_current_status_on_active_non_delinquent_non_revolving_accounts":"","Outstanding_Balance_on_delinquent_revolving_CPA_accounts":"0","Worst_Arrears_on_Other_PPs_ever":"L","Worst_status_in_the_last_6_months_on_Other_accounts_opened_for_at_least_12_months":"9","Number_of_Other_Fixed_Installment_PPs_Ever":"0","Total_value_of_Other_Delinquent_accounts":"5160","Percent_0_Arrears_of_Last_3_Other_Available_Histories":"55","Number_of_Habitually_Slow_Other_PPs":"0","Percent_2_Arrears_of_Last_24_Other_Available_Histories":"55","Number_of_Times_3_Arrears_of_Last_24_Other_Available_Histories":"30","Number_of_Other_PPs_Ever":"3","Capital_Amount_of_Other_PPs_Opened_in_Last_180_Days":"0","Number_of_Open_Revolving_Other_PPs":"1","Current_Balance_of_All_Other_PPs":"7949","Number_of_Other_PPs_in_the_Last_90_Days":"0","Worst_current_status_on_active_non_delinquent_revolving_accounts":"0","Total_number_of_other_Delinquent_Accounts":"1","Months_Since_Most_Recent_opened_Other_PP":"6","Number_of_Times_2_Arrears_of_Last_12_Other_Available_Histories":"21","Worst_status_in_the_last_6_months_on_Other_accounts_opened_4to12_months_ago":"","Number_of_Closed_Fixed_Installment_Other_PPs":"0","Number_of_Times_3_Arrears_of_Last_3_Other_Available_Histories":"4","Worst_status_in_the_last_3_months_on_Other_accounts_opened_4to12_months_ago":"","Percent_0_Arrears_of_Last_24_Other_Available_Histories":"31","Worst_Arrears_on_Other_PPs_in_the_Last_Year":"L","Total_outstanding_balance_on_Other_active_accounts":"2789","Worst_status_in_the_last_3_months_on_Other_accounts_opened_for_at_least_12_months":"9","Total_Balance_of_Fixed_Installment_Other_PPs":"0","Number_of_Other_PPs_in_the_Last_2_Years":"2","Percent_2_Arrears_of_Last_3_Other_Available_Histories":"44","Outstanding_Balance_on_non_delinquent_revolving_CPA_opened_L6m":"0","Total_Installment_of_Revolving_Other_PPs":"285","Number_of_Open_Fixed_Installment_Other_PPs":"0","Number_of_other_accounts_opened_for_at_least_12_months":"2","Worst_Arrears_on_Open_Other_PPs":"L","Number_of_Times_2_Arrears_of_Last_6_Other_Available_Histories":"10","Number_of_Closed_Other_PPs":"1","Number_of_Times_0_Arrears_of_Last_3_Other_Available_Histories":"5","Number_of_Absconded_Other_PPs":"0","Months_Since_Oldest_Opened_Other_PPs":"28","Number_of_Written_Off_Other_PPs":"0","Worst_Arrears_on_Closed_Other_PPs":"8","Number_of_Times_1_Arrears_of_Last_6_Other_Available_Histories":"11","Percent_3_Arrears_of_Last_6_Other_Available_Histories":"55","Capital_Amount_of_Other_PPs_Opened_in_the_Last_30_Days":"0","Worst_Arrears_on_Other_PPs_in_the_Last_90_Days":"9","Monthly_CPA_Installment_Other":"285","Number_of_Other_Revolving_PPs_Ever":"2","Percent_2_Arrears_of_Last_12_Other_Available_Histories":"60","Total_Credit_Limit_of_Revolving_Other_PPs":"15000","Worst_status_in_the_last_3_months_for_active_non_delinquent_CPA_accounts_opened_in_the_last_12_months":"","Total_number_of_other_Active_accounts":"1","Percent_0_Arrears_of_Last_6_Other_Available_Histories":"38","Number_of_Times_3_Arrears_of_Last_6_Other_Available_Histories":"10"},"Communication":{"Percent_3_Arrears_of_Last_24_Communication_Available_Histories":"0","Total_number_of__active_non_delinquent_CPA_accounts_opened_L6m":"0","Number_of_Communication_PPs_in_the_Last_2_Years":"0","Number_of_Disputed_Communication_PPs":"0","Number_of_Communication_PPs_in_the_Last_180_Days":"0","Outstanding_CPA_Balance_Communciation":"0","Number_of_Communication_PPs_in_the_Last_5_Years":"0","Total_number_of_Communication_Delinquent_Accounts":"0","Number_of_Communication_PPs_in_the_Last_3_Years":"0","Capital_Amount_of_Communication_PPs_Opened_Last_2_Years":"0","Days_since_most_recent_communication_Delinquent_CPA__account_":"","Capital_Amount_of_Communication_PPs_Opened_Last_90_Days":"0","Percent_0_Arrears_of_Last_6_Communication_Available_Histories":"0","Current_Balance_of_Communication_PPs":"0","Percent_1_Arrears_of_Last_6_Communication_Available_Histories":"0","Worst_Arrears_on_Open_Communication_PPs":"","Total_Credit_Limit_of_Fixed_Installment_Communication_PPS":"0","Number_of_Times_0_Arrears_of_Last_3_Communication_Available_Histories":"0","Number_of_Open_Fixed_Installment_Communication_PPs":"0","Total_outstanding_balance_on_Communication_active_accounts":"0","Total_Credit_Limit_of_Revolving_Communication_PPs":"0","Percent_2_Arrears_of_Last_3_Communication_Available_Histories":"0","Total_value_of_Communication_Delinquent_accounts":"0","Number_of_Habitually_Slow_Communication_PPs":"0","Worst_Arrears_on_Communication_PPs_in_the_Last_180_Days":"","Number_of_Currently_Open_Communication_PPs":"0","Total_Balance_of_Communication_Open_Account_PPs":"0","Number_of_Open_Revolving_Communication_PPs":"0","Number_of_Communication_PPs_in_the_Last_Year":"0","Percent_3_Arrears_of_Last_12_Communication_Available_Histories":"0","Number_of_Times_1_Arrears_of_Last_12_Communication_Available_Histories":"0","Worst_status_last_3_months_for_active__non_delinquent_CPA_accounts_opened_for_more_than_12months_":"","Capital_Amount_of_Communication_PPs_Opened_Last_180_Days":"0","Number_of_Communication_Revolving_PPs_Ever":"0","Worst_Arrears_on_Any_Communication_PPs":"","Number_of_Times_0_Arrears_of_Last_6_Communication_Available_Histories":"0","Percent_1_Arrears_of_Last_3_Communication_Available_Histories":"0","Number_of_Communication_accounts_opened_for_at_least_12_months":"0","Worst_Arrears_on_Communication_PPs_in_the_Last_90_Days":"","Number_of_Times_1_Arrears_of_Last_6_Communication_Available_Histories":"0","Number_of_Times_3_Arrears_of_Last_3_Communication_Available_Histories":"0","Total_Installment_of_Revolving_Communication_PPs":"0","Worst_Arrears_Level_of_Most_Recent_Communication_Opened_PP":"","Capital_Amount_of_Communication_PPs_Opened_Last_Year":"0","Capital_Amount_of_Communication_PPs_Opened_Last_30_Days":"0","Number_of_Communication_PPs_in_the_Last_4_Years":"0","Total_Installment_of_Communication_Open_Account_PPs":"0","Worst_status_in_the_last_3_months_on_Communication_accounts_opened_4to12_months_ago":"","Worst_status_in_the_last_6_months_on_Communication_accounts_opened_for_at_least_12_months":"","Worst_status_in_the_last_3_months_on_Communication_accounts_opened_for_at_least_12_months":"","Worst_current_status_on_active_non_delinquent_non_revolving_accounts":"","Number_of_Communication_PPs_in_the_Last_90_Days":"0","Number_of_Times_1_Arrears_of_Last_3_Communication_Available_Histories":"0","Outstanding_Balance_on_delinquent_revolving_CPA_accounts":"0","Percent_1_Arrears_of_Last_24_Communication_Available_Histories":"0","Percent_3_Arrears_of_Last_6_Communication_Available_Histories":"0","Number_of_Times_2_Arrears_of_Last_6_Communication_Available_Histories":"0","Months_Since_Oldest_Opened_Communication_PPs":"","Number_of_Times_3_Arrears_of_Last_24_Communication_Available_Histories":"0","Number_of_Closed_Revolving_Communication_PPs":"0","Worst_Arrears_on_Communication_PPs_in_the_Last_Year":"","Worst_Current_Status_on_active_Communication_CPA_accounts":"","Number_of_Times_2_Arrears_of_Last_12_Communication_Available_Histories":"0","Worst_current_status_on_active_non_delinquent_revolving_accounts":"","Monthly_CPA_Installment_Communication":"0","Worst_status_in_the_last_6_months_on_Communication_accounts_opened_4to12_months_ago":"","Percent_2_Arrears_of_Last_24_Communication_Available_Histories":"0","Number_of_Times_0_Arrears_of_Last_24_Communication_Available_Histories":"0","Total_Balance_of_Revolving_Communication_PPs":"0","Number_of_Times_1_Arrears_of_Last_24_Communication_Available_Histories":"0","Number_of_Times_2_Arrears_of_Last_24_Communication_Available_Histories":"0","Number_of_Times_3_Arrears_of_Last_6_Communication_Available_Histories":"0","Number_of_Times_2_Arrears_of_Last_3_Communication_Available_Histories":"0","Percent_3_Arrears_of_Last_3_Communication_Available_Histories":"0","Total_Balance_of_Fixed_Installment_Comms_PP":"0","Outstanding_Balance_on_non_delinquent_revolving_CPA_opened_L6m":"0","Percent_2_Arrears_of_Last_6_Communication_Available_Histories":"0","Percent_0_Arrears_of_Last_24_Communication_Available_Histories":"0","Worst_status_in_the_last_4to6_months_for_Communication_active_non_delinquent_CPA_accounts_":"","Percent_2_Arrears_of_Last_12_Communication_Available_Histories":"0","Number_of_Written_Off_Communication_PPs":"0","Worst_Arrears_on_Closed_Communication_PPs":"","Percent_1_Arrears_of_Last_12_Communication_Available_Histories":"0","Number_of_Times_0_Arrears_of_Last_12_Communication_Available_Histories":"0","Number_of_Closed_Communication_PPs":"0","Months_Since_Most_Recent_Opened_Communication_PPs":"","Total_Installment_of_Fixed_Installment_Communication_PPs":"0","Percent_0_Arrears_of_Last_3_Communication_Available_Histories":"0","Number_of_Communication_accounts_opened_4to12_months_ago":"0","Number_of_Absconded_Communication_PPs":"0","Worst_status_in_the_last_3_months_for_active_non_delinquent_CPA_accounts_opened_in_the_last_12_months":"","Total_Credit_Limit_of_Communication_Open_Account_PPs":"0","Number_of_Communication_PPs_Ever":"0","Number_of_Communication_Fixed_Installment_PPs_Ever":"0","Monthly_Installment_Value_of_Currently_Open_Communication_PPs":"0","Number_of_Communication_PPs_in_the_Last_30_Days":"0","Total_number_of_Communication_Active_accounts_":"0","Number_of_Closed_Fixed_Installment_Communication_PPs":"0","Percent_0_Arrears_of_Last_12_Communication_Available_Histories":"0","Number_of_Times_3_Arrears_of_Last_12_Communication_Available_Histories":"0"},"Retail":{"Percent_3_Arrears_of_Last_12_Retail_Available_Histories":"43","Number_of_Times_0_Arrears_of_Last_12_Retail_Available_Histories":"11","Number_of_Currently_Open_Retail_PPs":"1","Total_number_of__active_non_delinquent_CPA_accounts_opened_L6m":"0","Number_of_Retail_PPs_in_the_Last_2_Years":"1","Number_of_Times_0_Arrears_of_Last_24_Retail_Available_Histories":"13","Percent_3_Arrears_of_Last_3_Retail_Available_Histories":"16","Number_of_Retail_PPs_in_the_Last_30_Days":"0","Number_of_Times_2_Arrears_of_Last_12_Retail_Available_Histories":"10","Number_of_Times_0_Arrears_of_Last_6_Retail_Available_Histories":"7","Percent_1_Arrears_of_Last_12_Retail_Available_Histories":"52","Current_Balance_of_Retail_PPs":"2789","Percent_2_Arrears_of_Last_3_Retail_Available_Histories":"16","Number_of_Times_1_Arrears_of_Last_3_Retail_Available_Histories":"1","Total_Installment_of_Fixed_Installment_Retail_PPs":"0","Number_of_Absconded_Retail_PPs":"0","Months_Since_Most_Recent_Opened_Retail_PPs":"13","Months_Since_Oldest_Opened_Retail_PPs":"28","Total_Credit_Limit_of_Retail_Open_Account_PPs":"0","Number_of_Habitually_Slow_Retail_PPs":"0","Worst_Arrears_on_Closed_Retail_PPs":"8","Number_of_Times_3_Arrears_of_Last_3_Retail_Available_Histories":"1","Number_of_Retail_PPs_in_the_Last_3_Years":"2","Number_of_Times_3_Arrears_of_Last_24_Retail_Available_Histories":"19","Number_of_Times_3_Arrears_of_Last_12_Retail_Available_Histories":"10","Worst_Arrears_on_Open_Retail_PPs":"1","Number_of_Times_2_Arrears_of_Last_24_Retail_Available_Histories":"20","Number_of_Retail_Revolving_PPs_Ever":"2","Number_of_Retail_PPs_Ever":"2","Worst_status_in_the_last_3_months_on_Retail_accounts_opened_for_at_least_12_months":"0","Capital_Amount_of_Retail_PPs_Opened_in_the_Last_90_Days":"0","Total_Installment_of_Retail_Open_Account_PPs":"0","Total_number_of_Retail_Active_accounts_":"1","Monthly_CPA_Installment_Retail":"285","Number_of_Retail_PPs_in_the_Last_4_Years":"2","Worst_status_last_3_months_for_active__non_delinquent_CPA_accounts_opened_for_more_than_12months_":"0","Total_Credit_Limit_of_Fixed_Installment_Retail_PPS":"0","Number_of_Times_2_Arrears_of_Last_6_Retail_Available_Histories":"4","Total_Installment_of_Revolving_Retail_PPs":"285","Percent_1_Arrears_of_Last_3_Retail_Available_Histories":"16","Outstanding_CPA_Balance_Retail":"2789","Percent_2_Arrears_of_Last_24_Retail_Available_Histories":"55","Number_of_Retail_accounts_opened_4to12_months_ago":"0","Number_of_Retail_accounts_opened_for_at_least_12_months":"2","Percent_0_Arrears_of_Last_3_Retail_Available_Histories":"83","Number_of_Disputed_Retail_PPs":"0","Number_of_Retail_PPs_in_the_Last_90_Days":"0","Worst_Arrears_on_Retail_PPs_in_the_Last_Year":"8","Number_of_Open_Revolving_Retail_PPs":"1","Number_of_Times_0_Arrears_of_Last_3_Retail_Available_Histories":"5","Worst_Arrears_on_Retail_PPs_in_the_Last_180_Days":"8","Worst_current_status_on_active_non_delinquent_non_revolving_accounts":"","Outstanding_Balance_on_delinquent_revolving_CPA_accounts":"0","Worst_Current_Status_on_active_Retail_CPA_accounts":"0","Number_of_Closed_Revolving_Retail_PPs":"1","Percent_1_Arrears_of_Last_24_Retail_Available_Histories":"63","Percent_0_Arrears_of_Last_12_Retail_Available_Histories":"47","Worst_status_in_the_last_3_months_on_Retail_accounts_opened_4to12_months_ago":"","Percent_2_Arrears_of_Last_12_Retail_Available_Histories":"43","Number_of_Times_1_Arrears_of_Last_12_Retail_Available_Histories":"12","Number_of_Written_Off_Retail_PPs":"0","Number_of_Open_Fixed_Installment_Retail_PPs":"0","Number_of_Closed_Retail_PPs":"1","Worst_Arrears_on_Any_Retail_PPs":"8","Days_since_most_recent_retail_Delinquent_CPA__account_":"","Total_number_of_Retail_Delinquent_Accounts":"0","Number_of_Times_1_Arrears_of_Last_24_Retail_Available_Histories":"23","Worst_current_status_on_active_non_delinquent_revolving_accounts":"0","Number_of_Times_1_Arrears_of_Last_6_Retail_Available_Histories":"5","Number_of_Retail_PPs_in_the_Last_Year":"0","Total_outstanding_balance_on_Retail_active_accounts":"2789","Worst_Arrears_on_Retail_PPs_in_the_Last_90_Days":"0","Capital_Amount_of_Retail_PPs_Opened_in_Last_180_Days":"0","Number_of_Times_2_Arrears_of_Last_3_Retail_Available_Histories":"1","Number_of_Retail_PPs_in_the_Last_180_Days":"0","Percent_3_Arrears_of_Last_24_Retail_Available_Histories":"52","Total_Balance_of_Fixed_Installment_Retail_PPs":"0","Percent_1_Arrears_of_Last_6_Retail_Available_Histories":"41","Capital_Amount_of_Retail_PPs_Opened_in_the_Last_Year":"0","Outstanding_Balance_on_non_delinquent_revolving_CPA_opened_L6m":"0","Percent_3_Arrears_of_Last_6_Retail_Available_Histories":"33","Total_Credit_Limit_of_Revolving_Retail_PPs":"15000","Capital_Amount_of_Retail_PPs_Opened_in_the_Last_30_Days":"0","Worst_status_in_the_last_6_months_on_Retail_accounts_opened_for_at_least_12_months":"8","Total_Balance_of_Retail_Open_Account_PPs":"0","Monthly_Installment_Value_of_Currently_Open_Retail_PPs":"285","Capital_Amount_of_Retail_PPs_Opened_in_the_Last_2_Years":"11000","Worst_status_in_the_last_6_months_on_Retail_accounts_opened_4to12_months_ago":"","Number_of_Closed_Fixed_Installment_Retail_PPs":"0","Percent_0_Arrears_of_Last_24_Retail_Available_Histories":"36","Worst_status_in_the_last_4to6_months_for_Retail_active_non_delinquent_CPA_accounts_":"0","Percent_2_Arrears_of_Last_6_Retail_Available_Histories":"33","Total_value_of_Retail_Delinquent_accounts":"0","Percent_0_Arrears_of_Last_6_Retail_Available_Histories":"58","Worst_Arrears_Level_of_Most_Recent_Retail_Opened_PP":"1","Number_of_Retail_Fixed_Installment_PPs_Ever":"0","Worst_status_in_the_last_3_months_for_active_non_delinquent_CPA_accounts_opened_in_the_last_12_months":"","Number_of_Retail_PPs_in_the_Last_5_Years":"2","Number_of_Times_3_Arrears_of_Last_6_Retail_Available_Histories":"4","Total_Balance_of_Revolving_Retail_PPs":"2789"},"Own":{"Worst_status_in_the_last_4to6_months_for_all_active_non_delinquent_CPA_accounts_":"","Total_number_of__active_non_delinquent_CPA_accounts_opened_L6m":"0","Worst_status_in_the_last_3_months_on_Own_accounts_opened_for_at_least_12_months":"","Number_of_Own_PPs_in_the_Last_3_Years":"0","Months_Since_Most_Recent_Opened_Own_PP":"","Number_of_Times_2_Arrears_of_Last_12_Own_Available_Histories":"0","Total_Balance_of_Revolving_Own_PPs":"0","Number_of_own_accounts_opened_for_at_least_12_months":"0","Total_Installment_of_Own_Open_Account_PPs":"0","Number_of_Times_1_Arrears_of_Last_24_Own_Available_Histories":"0","Number_of_Own_PPs_in_the_Last_4_Years":"0","Worst_status_in_the_last_6_months_on_Own_accounts_opened_4to12_months_ago":"","Capital_Amount_of_Own_PPs_Opened_in_the_Last_180_Days":"0","Worst_status_in_the_last_6_months_on_Own_accounts_opened_for_at_least_12_months":"","Number_of_Own_Revolving_PPs_Ever":"0","Total_value_of_Own_Delinquent_accounts":"0","Capital_Amount_of_Own_PPs_Opened_in_the_Last_2_Years":"0","Percentage_0_Arrears_of_Last_3_Own_Available_Histories":"0","Percentage_0_Arrears_of_Last_12_Own_Available_Histories":"0","Worst_Arrears_Level_of_Most_Recent_Own_Opened_PP_":"","Percentage_3_Arrears_of_Last_12_Own_Available_Histories":"0","Number_of_Closed_Fixed_Installment_Own_PPs":"0","Number_of_Times_0_Arrears_of_Last_6_Own_Available_Histories":"0","Number_of_Own_accounts_opened_4to12_months_ago":"0","Total_Balance_of_Fixed_Installment_Own_PPs":"0","Number_of_Currently_Open_Own_PPs":"0","Capital_Amount_of_Own_PPs_Opened_in_the_Last_90_Days":"0","Total_Credit_Limit_of_Fixed_Installment_Own_PPS":"0","Worst_status_in_the_last_3_months_on_Own_accounts_opened_4to12_months_ago":"","Number_of_Own_PPs_in_the_Last_180_Days":"0","Worst_status_last_3_months_for_active__non_delinquent_CPA_accounts_opened_for_more_than_12months_":"","Monthly_Installment_Value_of_Currently_Open_Own_PPs":"0","Number_of_Times_2_Arrears_of_Last_3_Own_Available_Histories":"0","Number_of_Times_0_Arrears_of_Last_12_Own_Available_Histories":"0","Worst_Arrears_on_Closed_Own_PPs":"","Number_of_Times_0_Arrears_of_Last_24_Own_Available_Histories":"0","Days_since_most_recent_Own_Delinquent_CPA__account_":"","Number_of_Habitually_Slow_Own_PPs":"0","Number_of_Times_2_Arrears_of_Last_24_Own_Available_Histories":"0","Percentage_3_Arrears_of_Last_24_Own_Available_Histories":"0","Percentage_1_Arrears_of_Last_6_Own_Available_Histories":"0","Number_of_Open_Fixed_Installment_Own_PPs":"0","Capital_Amount_of_Own_PPs_Opened_in_the_Last_30_Days":"0","Total_outstanding_balance_on_Own_active_accounts":"0","Worst_Arrears_on_Own_PPs_in_the_Last_180_Days":"","Percentage_2_Arrears_of_Last_12_Own_Available_Histories":"0","Total_Installment_of_Fixed_Installment_Own_PPs":"0","Worst_current_status_on_active_non_delinquent_non_revolving_accounts":"","Number_of_Absconded_Own_PPs":"0","Outstanding_CPA_Balance_Own":"0","Outstanding_Balance_on_delinquent_revolving_CPA_accounts":"0","Number_of_Own_PPs_in_the_Last_30_Days":"0","Worst_Arrears_on_Own_PPs_in_the_Last_Year":"","Percentage_2_Arrears_of_Last_3_Own_Available_Histories":"0","Worst_Arrears_on_Open_Own_PPs":"","Number_of_Own_PPs_in_the_Last_90_Days":"0","Number_of_Times_3_Arrears_of_Last_24_Own_Available_Histories":"0","Monthly_CPA_Installment_Own":"0","Worst_current_status_on_active_non_delinquent_revolving_accounts":"","Total_Balance_of_Own_Open_Account_PPs":"0","Total_Credit_Limit_of_Revolving_Own_PPs":"0","Percentage_3_Arrears_of_Last_6_Own_Available_Histories":"0","Number_of_Times_1_Arrears_of_Last_12_Own_Available_Histories":"0","Number_of_Times_0_Arrears_of_Last_3_Own_Available_Histories":"0","Number_of_Disputed_Own_PPs":"0","Number_of_Times_3_Arrears_of_Last_3_Own_Available_Histories":"0","Percentage_2_Arrears_of_Last_24_Own_Available_Histories":"0","Number_of_Own_PPs_in_the_Last_2_Years":"0","Percentage_2_Arrears_of_Last_6_Own_Available_Histories":"0","Worst_Arrears_on_Own_PPs_in_the_Last_90_Days":"","Number_of_Times_3_Arrears_of_Last_6_Own_Available_Histories":"0","Percentage_3_Arrears_of_Last_3_Own_Available_Histories":"0","Percentage_1_Arrears_of_Last_3_Own_Available_Histories":"0","Percentage_1_Arrears_of_Last_24_Own_Available_Histories":"0","Outstanding_Balance_on_non_delinquent_revolving_CPA_opened_L6m":"0","Number_of_Own_PPs_in_the_Last_Year":"0","Number_of_Times_3_Arrears_of_Last_12_Own_Available_Histories":"0","Capital_Amount_of_Own_PPs_Opened_in_the_Last_Year":"0","Percentage_0_Arrears_of_Last_24_Own_Available_Histories":"0","Number_of_Times_2_Arrears_of_Last_6_Own_Available_Histories":"0","Total_number_of_Own_Delinquent_Accounts":"0","Number_of_Own_Installment_PPs_Ever":"0","Percentage_1_Arrears_of_Last_12_Own_Available_Histories":"0","Number_of_Times_1_Arrears_of_Last_6_Own_Available_Histories":"0","Number_of_Closed_Revolving_Own_PPs":"0","Total_Credit_Limit_of_Own_Open_Account_PPs":"0","Number_of_Closed_Own_PPs":"0","Number_of_Own_PPs_in_the_Last_5_Years":"0","Total_no_of_Own_Active_accounts":"0","Worst_Arrears_on_Own_PPs_ever":"","Number_of_Own_PPs_Ever":"0","Number_of_Written_Off_Own_PPs":"0","Worst_status_in_the_last_3_months_for_active_non_delinquent_CPA_accounts_opened_in_the_last_12_months":"","Current_Balance_of_Own_PPs":"0","Percentage_0_Arrears_of_Last_6_Own_Available_Histories":"0","Number_of_Times_1_Arrears_of_Last_3_Own_Available_Histories":"0","Worst_Current_Status_on_active_own_CPA_accounts":"","Total_Installment_of_Revolving_Own_PPs":"0","Number_of_Open_Revolving_Own_PPs":"0","Months_Since_Oldest_Opened_Own_PPs":""},"High_Risk_Accounts":{"Percent_1_Arrears_of_Last_6_All_Available_Histories":"0","Total_number_of__active_non_delinquent_CPA_accounts_opened_L6m":"0","Number_of_Closed_All_PPs":"0","Number_of_Times_3_Arrears_of_Last_3_All_Available_Histories":"0","Number_of_all_accounts_opened_for_at_least_12_months":"0","Number_of_Times_1_Arrears_of_Last_12_All_Available_Histories":"0","Worst_Arrears_on_All_PPs_in_the_Last_Year":"","Number_of_Times_1_Arrears_of_Last_3_All_Available_Histories":"0","Number_of_All_PPs_in_the_Last_180_Days":"0","Worst_Arrears_on_All_PPs_in_the_Last_90_Days":"","Total_outstanding_balance_on_All_active_accounts":"0","Total_number_of_all_Active_accounts_":"0","Worst_status_in_the_last_3_months_on_All_accounts_opened_4to12_months_ago":"","Percent_3_Arrears_of_Last_12_All_Available_Histories":"0","Number_of_Times_2_Arrears_of_Last_12_All_Available_Histories":"0","Number_of_Revolving_Unsecured_Credit_Transactions_under_R8_000_ever":"0","Number_of_Currently_Open_All_PPs":"0","Number_of_Times_1_Arrears_of_Last_24_All_Available_Histories":"0","Percent_0_Arrears_of_Last_6_All_Available_Histories":"0","Worst_status_last_3_months_for_active__non_delinquent_CPA_accounts_opened_for_more_than_12months_":"","Percent_3_Arrears_of_Last_24_All_Available_Histories":"0","Number_of_Times_1_Arrears_of_Last_6_All_Available_Histories":"0","Percent_1_Arrears_of_Last_3_All_Available_Histories":"0","Number_of_all_accounts_opened_4to12_months_ago":"0","Percent_2_Arrears_of_Last_24_All_Available_Histories":"0","Number_of_All_PPs_in_the_Last_5_Years":"0","Number_of_Times_2_Arrears_of_Last_6_All_Available_Histories":"0","Number_of_All_PPs_in_the_Last_4_Years":"0","Months_Since_Most_Recent_Opened_PP":"","Total_number_of_all_Delinquent_Accounts":"0","Number_of_Times_0_Arrears_of_Last_12_All_Available_Histories":"0","Percent_2_Arrears_of_Last_12_All_Available_Histories":"0","Outstanding_Balance_on_delinquent_revolving_CPA_accounts":"0","Total_Monthly_CPA_Installment_All":"0","Number_of_Times_3_Arrears_of_Last_6_All_Available_Histories":"0","Number_of_All_PPs_Ever":"0","Worst_Current_Status_on_active_All_CPA_accounts":"","Worst_Arrears_on_Closed_All_PPs":"","Number_of_Times_0_Arrears_of_Last_6_All_Available_Histories":"0","Number_of_Times_3_Arrears_of_Last_12_All_Available_Histories":"0","Cumulative_Installment_Value":"0","Worst_current_status_on_active_non_delinquent_revolving_accounts":"","Percent_1_Arrears_of_Last_24_All_Available_Histories":"0","Worst_Arrears_on_Open_All_PPs":"","Number_of_All_PPs_in_the_Last_Year":"0","Worst_status_in_the_last_6_months_on_All_accounts_opened_4to12_months_ago":"","Number_of_Unsecured_Credit_Transactions_under_R8_000_ever":"0","Number_of_Times_3_Arrears_of_Last_24_All_Available_Histories":"0","Worst_Arrears_on_All_PPs_in_the_Last_180_Days":"","Percent_2_Arrears_of_Last_6_All_Available_Histories":"0","Number_of_All_PPs_in_the_Last_90_Days":"0","Percent_0_Arrears_of_Last_3_All_Available_Histories":"0","Cumulative_Outstanding_Balance":"0","Percent_0_Arrears_of_Last_24_All_Available_Histories":"0","Percent_3_Arrears_of_Last_6_All_Available_Histories":"0","Outstanding_Balance_on_non_delinquent_revolving_CPA_opened_L6m":"0","Percent_2_Arrears_of_Last_3_All_Available_Histories":"0","Percent_1_Arrears_of_Last_12_All_Available_Histories":"0","Number_of_Times_0_Arrears_of_Last_24_All_Available_Histories":"0","Total_value_of_All_Delinquent_accounts":"0","Worst_Arrears_on_Any_All_PPs_ever":"","Days_since_most_recent_All_Delinquent_CPA__account_":"","Months_Since_Oldest_Opened_PPs_ever_all":"","Number_of_Times_2_Arrears_of_Last_3_All_Available_Histories":"0","Number_of_All_PPs_in_the_Last_3_Years":"0","Number_of_All_PPs_in_the_Last_30_Days":"0","Number_of_Times_2_Arrears_of_Last_24_All_Available_Histories":"0","Worst_status_in_the_last_6_months_on_All_accounts_opened_for_at_least_12_months":"","Total_Outstanding_CPA_Balance_All":"0","Number_of_All_PPs_in_the_Last_2_Years":"0","Percent_0_Arrears_of_Last_12_All_Available_Histories":"0","Worst_status_in_the_last_3_months_for_active_non_delinquent_CPA_accounts_opened_in_the_last_12_months":"","Number_of_Times_0_Arrears_of_Last_3_Available_Histories":"0","Worst_status_in_the_last_3_months_on_All_accounts_opened_for_at_least_12_months":"","Percent_3_Arrears_of_Last_3_All_Available_Histories":"0"},"Bank":{"Total_number_of__active_non_delinquent_CPA_accounts_opened_L6m":"0","Capital_Amount_of_Bank_PPs_Opened_in_the_Last_Year":"7500","Number_of_Bank_accounts_opened_for_at_least_12_months":"0","Number_of_Times_2_Arrears_of_Last_3_Bank_Available_Histories":"3","Worst_Current_Status_on_active_Bank_CPA_accounts":"","Number_of_Open_Fixed_Installment_Bank_PPs":"0","Percent_0_Arrears_of_Last_6_Bank_Available_Histories":"0","Worst_Arrears_Level_of_Most_Recent_Bank_Opened_PP":"9","Percent_3_Arrears_of_Last_24_Bank_Available_Histories":"45","Total_number_of_Bank_Delinquent_Accounts":"1","Number_of_Times_2_Arrears_of_Last_24_Bank_Available_Histories":"13","Worst_status_in_the_last_3_months_on_Bank_accounts_opened_4to12_months_ago":"","Number_of_Times_1_Arrears_of_Last_24_Bank_Available_Histories":"18","Worst_status_in_the_last_4to6_months_for_Bank_active_non_delinquent_CPA_accounts_":"","Percent_1_Arrears_of_Last_6_Bank_Available_Histories":"100","Number_of_Bank_PPs_in_the_Last_30_Days":"0","Current_Balance_of_Bank_PPs":"5160","Number_of_Currently_Open_Bank_PPs":"1","Monthly_Installment_Value_of_Currently_Open_Bank_PPs":"5160","Number_of_Bank_PPs_in_the_Last_180_Days":"0","Number_of_Bank_PPs_in_the_Last_3_Years":"1","Percent_3_Arrears_of_Last_12_Bank_Available_Histories":"83","Total_number_of_Bank_Active_accounts_":"0","Total_value_of_Bank_Delinquent_accounts":"5160","Percent_0_Arrears_of_Last_12_Bank_Available_Histories":"0","Worst_Arrears_on_Open_Bank_PPs":"L","Number_of_Written_Off_Bank_PPs":"0","Capital_Amount_of_Bank_PPs_Opened_in_the_Last_30_Days":"0","Percent_2_Arrears_of_Last_3_Bank_Available_Histories":"100","Number_of_Times_0_Arrears_of_Last_24_Bank_Available_Histories":"6","Total_Credit_Limit_of_Fixed_Installment_Bank_PPS":"0","Number_of_Closed_Fixed_Installment_Bank_PPs":"0","Percent_3_Arrears_of_Last_3_Bank_Available_Histories":"100","Total_Credit_Limit_of_Revolving_Bank_PPs":"0","Number_of_Bank_Revolving_PPs_Ever":"0","Total_Balance_of_Revolving_Bank_PPs":"0","Total_Credit_Limit_of_Bank_Open_Account_PPs":"0","Percent_1_Arrears_of_Last_3_Bank_Available_Histories":"100","Total_outstanding_balance_on_Bank_active_accounts":"0","Months_Since_Most_Recent_Opened_Bank_PPs":"6","Worst_status_last_3_months_for_active__non_delinquent_CPA_accounts_opened_for_more_than_12months_":"","Percent_1_Arrears_of_Last_12_Bank_Available_Histories":"100","Number_of_Times_2_Arrears_of_Last_12_Bank_Available_Histories":"11","Months_Since_Oldest_Opened_Bank_PPs":"6","Number_of_Times_3_Arrears_of_Last_3_Bank_Available_Histories":"3","Number_of_Bank_PPs_in_the_Last_Year":"1","Number_of_Times_1_Arrears_of_Last_3_Bank_Available_Histories":"3","Percent_1_Arrears_of_Last_24_Bank_Available_Histories":"75","Worst_Arrears_on_Bank_PPs_in_the_Last_Year":"L","Percent_2_Arrears_of_Last_6_Bank_Available_Histories":"100","Total_Balance_of_Fixed_Installment_Bank_PPs":"0","Total_Installment_of_Bank_Open_Account_PPs":"0","Number_of_Bank_Fixed_Installment_PPs_Ever":"0","Worst_current_status_on_active_non_delinquent_non_revolving_accounts":"","Number_of_Habitually_Slow_Bank_PPs":"0","Outstanding_Balance_on_delinquent_revolving_CPA_accounts":"0","Percent_0_Arrears_of_Last_24_Bank_Available_Histories":"25","Worst_status_in_the_last_6_months_on_Bank_accounts_opened_4to12_months_ago":"","Worst_status_in_the_last_3_months_on_Bank_accounts_opened_for_at_least_12_months":"9","Number_of_Closed_Bank_PPs":"0","Capital_Amount_of_Bank_PPs_Opened_in_the_Last_180_Days":"0","Monthly_CPA_Installment_Bank":"0","Outstanding_CPA_Balance_Bank":"0","Capital_Amount_of_Bank_PPs_Opened_in_the_Last_90_Days":"0","Worst_Arrears_on_Closed_Bank_PPs":"","Number_of_Bank_PPs_in_the_Last_90_Days":"0","Worst_status_in_the_last_6_months_on_Bank_accounts_opened_for_at_least_12_months":"9","Worst_current_status_on_active_non_delinquent_revolving_accounts":"","Number_of_Absconded_Bank_PPs":"0","Worst_Arrears_on_Bank_PPs_in_the_Last_90_Days":"9","Total_Installment_of_Revolving_Bank_PPs":"0","Number_of_Times_3_Arrears_of_Last_12_Bank_Available_Histories":"10","Total_Installment_of_Fixed_Installment_Bank_PPs":"0","Number_of_Times_0_Arrears_of_Last_6_Bank_Available_Histories":"0","Number_of_Open_Revolving_Bank_PPs":"0","Number_of_Bank_PPs_in_the_Last_4_Years":"1","Worst_Arrears_on_Bank_PPs_in_the_Last_180_Days":"9","Number_of_Times_3_Arrears_of_Last_24_Bank_Available_Histories":"11","Number_of_Bank_PPs_in_the_Last_2_Years":"1","Percent_2_Arrears_of_Last_24_Bank_Available_Histories":"54","Outstanding_Balance_on_non_delinquent_revolving_CPA_opened_L6m":"0","Number_of_Times_3_Arrears_of_Last_6_Bank_Available_Histories":"6","Percent_2_Arrears_of_Last_12_Bank_Available_Histories":"91","Number_of_Bank_PPs_Ever":"1","Number_of_Times_0_Arrears_of_Last_3_Bank_Available_Histories":"0","Number_of_Bank_accounts_opened_4to12_months_ago":"1","Number_of_Times_1_Arrears_of_Last_12_Bank_Available_Histories":"12","Number_of_Times_2_Arrears_of_Last_6_Bank_Available_Histories":"6","Total_Balance_of_Bank_Open_Account_PPs":"0","Number_of_Closed_Revolving_Bank_PPs":"0","Days_since_most_recent_Bank_Delinquent_CPA__account_":"198","Percent_0_Arrears_of_Last_3_Bank_Available_Histories":"0","Number_of_Times_1_Arrears_of_Last_6_Bank_Available_Histories":"6","Percent_3_Arrears_of_Last_6_Bank_Available_Histories":"100","Worst_Arrears_on_Any_Bank_PPs":"L","Capital_Amount_of_Bank_PPs_Opened_in_the_Last_2_Years":"7500","Number_of_Bank_PPs_in_the_Last_5_Years":"1","Worst_status_in_the_last_3_months_for_active_non_delinquent_CPA_accounts_opened_in_the_last_12_months":"","Number_of_Times_0_Arrears_of_Last_12_Bank_Available_Histories":"0","Number_of_Disputed_Bank_PPs":"0"},"AllValue":{"Worst_status_in_the_last_4to6_months_for_all_active_non_delinquent_CPA_accounts_":"0","Percent_1_Arrears_of_Last_6_All_Available_Histories":"61","Total_number_of__active_non_delinquent_CPA_accounts_opened_L6m":"0","Number_of_Closed_All_PPs":"1","Number_of_Times_3_Arrears_of_Last_3_All_Available_Histories":"4","Number_of_all_accounts_opened_for_at_least_12_months":"2","Number_of_Times_1_Arrears_of_Last_12_All_Available_Histories":"24","Total_outstanding_CPA_balance_on_CPA_home_loan_accounts":"0","Total_outstanding_CPA_balance_on_active_CPA_accounts_excluding_home_loans":"2789","Worst_Arrears_on_All_PPs_in_the_Last_Year":"L","Capital_Amount_of_All_PPs_Opened_in_the_Last_90_Days":"0","Number_of_Open_Fixed_Installment_All_PPs":"0","Number_of_Times_1_Arrears_of_Last_3_All_Available_Histories":"4","Number_of_All_PPs_in_the_Last_180_Days":"0","Worst_Arrears_on_All_PPs_in_the_Last_90_Days":"9","Number_of_Closed_Revolving_All_PPs":"1","Total_outstanding_balance_on_All_active_accounts":"2789","Total_Balance_of_All_Open_Account_PPs":"0","Total_number_of_all_Active_accounts_":"1","Worst_status_in_the_last_3_months_on_All_accounts_opened_4to12_months_ago":"","Percent_3_Arrears_of_Last_12_All_Available_Histories":"57","Number_of_Times_2_Arrears_of_Last_12_All_Available_Histories":"21","Number_of_All_Revolving_PPs_Ever":"2","Number_of_All_Fixed_Installment_PPs_Ever":"0","Total_Balance_of_Revolving_All_PPs":"2789","Number_of_Currently_Open_All_PPs":"2","Number_of_Times_1_Arrears_of_Last_24_All_Available_Histories":"41","Number_of_Habitually_Slow_All_PPs":"0","Total_Installment_of_Revolving_All_PPs":"285","Percent_0_Arrears_of_Last_6_All_Available_Histories":"38","Total_Installment_of_All_Open_Account_PPs":"0","Capital_Amount_of_All_PPs_Opened_in_the_Last_30_Days":"0","Worst_status_last_3_months_for_active__non_delinquent_CPA_accounts_opened_for_more_than_12months_":"0","Percent_3_Arrears_of_Last_24_All_Available_Histories":"50","Number_of_Times_1_Arrears_of_Last_6_All_Available_Histories":"11","Total_Credit_Limit_of_All_Open_Account_PPs":"0","Percent_1_Arrears_of_Last_3_All_Available_Histories":"44","Current_Balance_of_All_PPs":"7949","Number_of_all_accounts_opened_4to12_months_ago":"1","Monthly_Installment_Value_of_Currently_Open_All_PPs":"5445","Percent_2_Arrears_of_Last_24_All_Available_Histories":"55","Number_of_Absconded_All_PPs":"0","Number_of_All_PPs_in_the_Last_5_Years":"3","Number_of_Times_2_Arrears_of_Last_6_All_Available_Histories":"10","Number_of_All_PPs_in_the_Last_4_Years":"3","Months_Since_Most_Recent_Opened_PP":"6","Total_number_of_all_Delinquent_Accounts":"1","Number_of_Times_0_Arrears_of_Last_12_All_Available_Histories":"11","Total_outstanding_CPA_balance_on_accounts_opened_for_at_least_12_months_excluding_home_loans":"2789","Percent_2_Arrears_of_Last_12_All_Available_Histories":"60","Total_outstanding_CPA_balance_excluding_home_loans":"7949","Worst_current_status_on_active_non_delinquent_non_revolving_accounts":"","Number_of_Written_Off_All_PPs":"0","Outstanding_Balance_on_delinquent_revolving_CPA_accounts":"0","Total_Monthly_CPA_Installment_All":"285","Number_of_Times_3_Arrears_of_Last_6_All_Available_Histories":"10","Number_of_All_PPs_Ever":"3","Worst_Current_Status_on_active_All_CPA_accounts":"0","Total_Balance_of_Fixed_Installment_All_PPs":"0","Worst_Arrears_on_Closed_All_PPs":"8","Number_of_Times_0_Arrears_of_Last_6_All_Available_Histories":"7","Number_of_Times_3_Arrears_of_Last_12_All_Available_Histories":"20","Cumulative_Installment_Value":"5445","Number_of_Open_Revolving_All_PPs":"1","Worst_current_status_on_active_non_delinquent_revolving_accounts":"0","Percent_1_Arrears_of_Last_24_All_Available_Histories":"68","Worst_Arrears_on_Open_All_PPs":"L","Capital_Amount_of_All_PPs_Opened_in_the_Last_2_Years":"18500","Capital_Amount_of_All_PPs_Opened_in_the_Last_180_Days":"0","Worst_status_in_the_last_6_months_on_non_delinquent_home_loan_accounts":"","Number_of_All_PPs_in_the_Last_Year":"1","Worst_status_in_the_last_6_months_on_All_accounts_opened_4to12_months_ago":"","Number_of_Closed_Fixed_Installment_All_PPs":"0","Number_of_Times_3_Arrears_of_Last_24_All_Available_Histories":"30","Worst_Arrears_on_All_PPs_in_the_Last_180_Days":"9","Percent_2_Arrears_of_Last_6_All_Available_Histories":"55","Number_of_All_PPs_in_the_Last_90_Days":"0","Percent_0_Arrears_of_Last_3_All_Available_Histories":"55","Cumulative_Outstanding_Balance":"7949","Total_Credit_Limit_of_Fixed_Installment_All_PPS":"0","Number_of_Disputed_All_PPs":"0","Total_Credit_Limit_of_Revolving_All_PPs":"15000","Percent_0_Arrears_of_Last_24_All_Available_Histories":"31","Percent_3_Arrears_of_Last_6_All_Available_Histories":"55","Worst_Arrears_Level_of_the_Account_Opened_Most_Recently":"9","Outstanding_Balance_on_non_delinquent_revolving_CPA_opened_L6m":"0","Percent_2_Arrears_of_Last_3_All_Available_Histories":"44","Percent_1_Arrears_of_Last_12_All_Available_Histories":"68","Number_of_Times_0_Arrears_of_Last_24_All_Available_Histories":"19","Total_value_of_All_Delinquent_accounts":"5160","Worst_Arrears_on_Any_All_PPs_ever":"L","Days_since_most_recent_All_Delinquent_CPA__account_":"198","Months_Since_Oldest_Opened_PPs_ever_all":"28","Number_of_Times_2_Arrears_of_Last_3_All_Available_Histories":"4","Months_since_most_recent_non_Delinquent_CPA__Home_loan_account_opened":"","Number_of_All_PPs_in_the_Last_3_Years":"3","Number_of_All_PPs_in_the_Last_30_Days":"0","Total_outstanding_CPA_balance_on_CPA_nondelinquent_home_loan_accounts_opened_in_the_last_12_months":"0","Number_of_Times_2_Arrears_of_Last_24_All_Available_Histories":"33","Worst_status_in_the_last_6_months_on_All_accounts_opened_for_at_least_12_months":"9","Total_Outstanding_CPA_Balance_All":"2789","Number_of_All_PPs_in_the_Last_2_Years":"2","Total_outstanding_CPA_balance_on_accounts_opened_4to12_months_ago_excluding_home_loans":"5160","Percent_0_Arrears_of_Last_12_All_Available_Histories":"31","Worst_status_in_the_last_3_months_for_active_non_delinquent_CPA_accounts_opened_in_the_last_12_months":"","Number_of_Times_0_Arrears_of_Last_3_Available_Histories":"5","Total_Installment_of_Fixed_Installment_All_PPs":"0","Worst_status_in_the_last_3_months_on_All_accounts_opened_for_at_least_12_months":"9","Capital_Amount_of_All_PPs_Opened_in_the_Last_Year":"7500","Percent_3_Arrears_of_Last_3_All_Available_Histories":"44"}},"NLR":{"Own":{"Number_of_NLR_accounts_opened_4to12_months_ago":"0","Percent_2_Arrears_of_Last_24_Own_Available_Histories":"0","Monthly_NLR_Installment_Own":"0","Total_value_of_NLR_Delinquent_accounts":"0","Number_of_Own_PPs_in_the_Last_3_Years":"0","Number_of_Times_2_Arrears_of_Last_12_Own_Available_Histories":"0","Percent_3_Arrears_of_Last_12_Own_Available_Histories":"0","Total_Balance_of_Revolving_Own_PPs":"0","Percent_1_Arrears_of_Last_12_Own_Available_Histories":"0","Number_of_Times_1_Arrears_of_Last_24_Own_Available_Histories":"0","Number_of_Own_PPs_in_the_Last_4_Years":"0","Worst_status_in_the_last_3_months_on_NLR_accounts_opened_for_at_least_12_months":"","Capital_Amount_of_Own_PPs_Opened_in_the_Last_180_Days":"0","Number_of_Own_Revolving_PPs_Ever":"0","Capital_Amount_of_Own_PPs_Opened_in_the_Last_2_Years":"0","Percent_2_Arrears_of_Last_12_Own_Available_Histories":"0","Days_since_most_recent_NLR_Delinquent___account_":"","Worst_status_in_the_last_3_months_for_active_non_delinquent__accounts_opened_in_the_last_12_months":"","Percent_1_Arrears_of_Last_24_Own_Available_Histories":"0","Number_of_Own_Fixed_Installment_PPs_Ever":"0","Number_of_Closed_Fixed_Installment_Own_PPs":"0","Number_of_Times_0_Arrears_of_Last_6_Own_Available_Histories":"0","Percent_0_Arrears_of_Last_6_Own_Available_Histories":"0","Total_Balance_of_Fixed_Installment_Own_PPs":"0","Percent_2_Arrears_of_Last_3_Own_Available_Histories":"0","Number_of_Currently_Open_Own_PPs":"0","Capital_Amount_of_Own_PPs_Opened_in_the_Last_90_Days":"0","Total_Credit_Limit_of_Fixed_Installment_Own_PPS":"0","Total_Outstanding_One_Month_Balance_":"0","Number_of_Own_PPs_in_the_Last_180_Days":"0","Worst_status_in_the_last_4to6_months_for_NLR_active_non_delinquent__accounts_":"","Monthly_Installment_Value_of_Currently_Open_Own_PPs":"0","Number_of_Times_2_Arrears_of_Last_3_Own_Available_Histories":"0","Worst_status_in_the_last_3_months_on_NLR_accounts_opened_4to12_months_ago":"","Number_of_Times_0_Arrears_of_Last_12_Own_Available_Histories":"0","Worst_Arrears_on_Closed_Own_PPs":"","Number_of_Times_0_Arrears_of_Last_24_Own_Available_Histories":"0","Number_of_Habitually_Slow_Own_PPs":"0","Number_of_Times_2_Arrears_of_Last_24_Own_Available_Histories":"0","Total_number_of_NLR_Delinquent_Accounts_":"0","Worst_Arrears_on_Own_PPs_in_the_Last_90_days":"","Number_of_Open_Fixed_Installment_Own_PPs":"0","Worst_status_last_3_months_for_active__non_delinquent__accounts_opened_for_more_than_12months_":"","Months_Since_Most_Recent_Opened_PP":"","Worst_Current_Status_on_active_NLR__accounts":"","Worst_Arrears_on_Own_PPs_in_the_Last_180_days":"","Capital_Amount_of_Own_PPs_Opened_in_the_Last_30_Days":"0","Total_outstanding_balance_on_NLR_active_accounts":"0","Total_Installment_of_Fixed_Installment_Own_PPs":"0","Worst_current_status_on_active_non_delinquent_non_revolving_accounts":"","Number_of_Absconded_Own_PPs":"0","Number_of_Own_PPs_in_the_Last_30_Days":"0","Worst_Arrears_on_Own_PPs_in_the_Last_Year":"","Worst_Arrears_on_Open_Own_PPs":"","Number_of_Own_PPs_in_the_Last_90_Days":"0","Outstanding_Balance_on_delinquent_revolving_NLR_accounts":"0","Number_of_Times_3_Arrears_of_Last_24_Own_Available_Histories":"0","Cumulative_Installment_Value":"0","Worst_current_status_on_active_non_delinquent_revolving_accounts":"","Percent_0_Arrears_of_Last_12_Own_Available_Histories":"0","Total_Credit_Limit_of_Revolving_Own_PPs":"0","Number_of_Times_1_Arrears_of_Last_12_Own_Available_Histories":"0","Number_of_Disputed_Own_PPs":"0","Percent_3_Arrears_of_Last_3_Own_Available_Histories":"0","Number_of_Times_3_Arrears_of_Last_3_Own_Available_Histories":"0","Number_of_Own_PPs_in_the_Last_2_Years":"0","Number_of_Times_3_Arrears_of_Last_6_Own_Available_Histories":"0","Number_of_own_PPs_Ever":"0","Cumulative_Outstanding_Balance":"0","Outstanding_NLR_Balance_Own":"0","Worst_status_in_the_last_6_months_on_NLR_accounts_opened_for_at_least_12_months":"","Percent_1_Arrears_of_Last_3_Own_Available_Histories":"0","Percent_3_Arrears_of_Last_6_Own_Available_Histories":"0","Worst_Arrears_Level_of_the_Account_Opened_Most_Recently":"","Number_of_Own_PPs_in_the_Last_Year":"0","Number_of_Times_3_Arrears_of_Last_12_Own_Available_Histories":"0","Worst_status_in_the_last_6_months_on_NLR_accounts_opened_4to12_months_ago":"","Capital_Amount_of_Own_PPs_Opened_in_the_Last_Year":"0","Number_of_Times_2_Arrears_of_Last_6_Own_Available_Histories":"0","Total_number_of_NLR_Active_accounts":"0","Number_of_Times_1_Arrears_of_Last_6_Own_Available_Histories":"0","Percent_0_Arrears_of_Last_24_Own_Available_Histories":"0","Number_of_Closed_Revolving_Own_PPs":"0","Total_Monthly_One_Month_Installment_":"0","Percent_2_Arrears_of_Last_6_Own_Available_Histories":"0","Number_of_NLR_accounts_opened_for_at_least_12_months":"0","Number_of_Closed_Own_PPs":"0","Number_of_Own_PPs_in_the_Last_5_Years":"0","Percent_1_Arrears_of_Last_6_Own_Available_Histories":"0","Worst_Arrears_on_Own_PPs_ever":"","Percent_0_Arrears_of_Last_3_Own_Available_Histories":"0","Number_of_Written_Off_Own_PPs":"0","Months_Since_Oldest_Opened_PPs_ever_own":"","Current_Balance_of_Own_PPs":"0","Number_of_Times_0_Arrears_of_Last_3_Available_Histories":"0","Outstanding_Balance_on_non_delinquent_revolving_NLR_opened_L6m":"0","Number_of_Times_1_Arrears_of_Last_3_Own_Available_Histories":"0","Total_Installment_of_Revolving_Own_PPs":"0","Total_number_of__active_non_delinquent_NLR_accounts_opened_L6m":"0","Number_of_Open_Revolving_Own_PPs":"0","Percent_3_Arrears_of_Last_24_Own_Available_Histories":"0"},"Other":{"Number_of_NLR_accounts_opened_4to12_months_ago":"1","Number_of_Currently_Open_Other_PPs":"0","Percent_1_Arrears_of_Last_12_Other_Available_Histories":"30","Percent_3_Arrears_of_Last_3_Other_Available_Histories":"0","Number_of_Other_PPs_in_the_Last_4_Years":"4","Total_value_of_NLR_Delinquent_accounts":"0","Worst_Arrears_on_Other_PPs_in_the_Last_90_days":"","Number_of_Times_0_Arrears_of_Last_6_Other_Available_Histories":"15","Capital_Amount_of_Other_PPs_Opened_in_the_Last_180_Days":"0","Percent_1_Arrears_of_Last_24_Other_Available_Histories":"30","Total_Balance_of_Revolving_Other_PPs":"0","Number_of_Other_PPs_in_the_Last_30_Days":"0","Worst_status_in_the_last_3_months_on_NLR_accounts_opened_for_at_least_12_months":"","Number_of_Times_1_Arrears_of_Last_24_Other_Available_Histories":"7","Days_since_most_recent_NLR_Delinquent___account_":"","Total_Credit_Limit_of_Fixed_Installment_Other_PPS":"0","Worst_status_in_the_last_3_months_for_active_non_delinquent__accounts_opened_in_the_last_12_months":"","Number_of_Other_PPs_in_the_Last_5_Years":"4","Total_Installment_of_Fixed_Installment_Other_PPs":"0","Number_of_Closed_Revolving_Other_PPs":"0","Worst_status_last_3_months_for_active__non_delinquent_accounts_opened_for_more_than_12months_":"","Capital_Amount_of_Other_PPs_Opened_in_the_Last_2_Years":"13013","Capital_Amount_of_Other_PPs_Opened_in_the_Last_90_Days":"0","Number_of_Other_PPs_in_the_Last_Year":"1","Number_of_Times_0_Arrears_of_Last_12_Other_Available_Histories":"16","Number_of_Other_PPs_in_the_Last_3_Years":"4","Percent_1_Arrears_of_Last_6_Other_Available_Histories":"28","Capital_Amount_of_Other_PPs_Opened_in_the_Last_Year":"7114","Monthly_Installment_Value_of_Currently_Open_Other_PPs":"0","Total_Outstanding_One_Month_Balance_":"0","Percent_0_Arrears_of_Last_12_Other_Available_Histories":"69","Total_number_of_NLR_Delinquent_Accounts":"0","Number_of_Times_3_Arrears_of_Last_12_Other_Available_Histories":"2","Number_of_Times_2_Arrears_of_Last_3_Other_Available_Histories":"1","Worst_status_in_the_last_4to6_months_for_NLR_active_non_delinquent__accounts_":"","Percent_1_Arrears_of_Last_3_Other_Available_Histories":"9","Worst_status_in_the_last_3_months_on_NLR_accounts_opened_4to12_months_ago":"","Number_of_Times_1_Arrears_of_Last_12_Other_Available_Histories":"7","Number_of_Disputed_Other_PPs":"0","Number_of_Other_PPs_in_the_Last_180_Days":"0","Number_of_Times_1_Arrears_of_Last_3_Other_Available_Histories":"1","Percent_3_Arrears_of_Last_12_Other_Available_Histories":"8","Months_Since_Most_Recent_Opened_PP":"12","Number_of_Times_2_Arrears_of_Last_24_Other_Available_Histories":"4","Worst_Current_Status_on_active_NLR__accounts":"","Percent_3_Arrears_of_Last_24_Other_Available_Histories":"8","Percent_2_Arrears_of_Last_6_Other_Available_Histories":"19","Number_of_Times_0_Arrears_of_Last_24_Other_Available_Histories":"16","Total_outstanding_balance_on_NLR_active_accounts":"0","Worst_current_status_on_active_non_delinquent_non_revolving_accounts":"","Worst_Arrears_on_Other_PPs_ever":"3","Number_of_Other_Fixed_Installment_PPs_Ever":"0","Outstanding_Balance_on_delinquent_revolving_NLR_accounts":"0","Percent_0_Arrears_of_Last_3_Other_Available_Histories":"90","Number_of_Habitually_Slow_Other_PPs":"0","Percent_2_Arrears_of_Last_24_Other_Available_Histories":"17","Number_of_Times_3_Arrears_of_Last_24_Other_Available_Histories":"2","Number_of_Other_PPs_Ever":"4","Number_of_Open_Revolving_Other_PPs":"0","Cumulative_Installment_Value":"0","Number_of_Other_PPs_in_the_Last_90_Days":"0","Worst_current_status_on_active_non_delinquent_revolving_accounts":"","Current_Balance_of_Other_PPs":"0","Number_of_Times_2_Arrears_of_Last_12_Other_Available_Histories":"4","Number_of_Closed_Fixed_Installment_Other_PPs":"0","Cumulative_Outstanding_Balance":"0","Worst_status_in_the_last_6_months_on_NLR_accounts_opened_for_at_least_12_months":"","Number_of_Times_3_Arrears_of_Last_3_Other_Available_Histories":"0","Percent_0_Arrears_of_Last_24_Other_Available_Histories":"69","Worst_Arrears_on_Other_PPs_in_the_Last_Year":"3","Total_Balance_of_Fixed_Installment_Other_PPs":"0","Number_of_Other_PPs_in_the_Last_2_Years":"3","Percent_2_Arrears_of_Last_3_Other_Available_Histories":"9","Worst_Arrears_Level_of_the_Account_Opened_Most_Recently":"","Total_Installment_of_Revolving_Other_PPs":"0","Number_of_Open_Fixed_Installment_Other_PPs":"0","Worst_status_in_the_last_6_months_on_NLR_accounts_opened_4to12_months_ago":"0","Worst_Arrears_on_Open_Other_PPs":"","Months_Since_Oldest_Opened_PPs_ever_Other":"25","Number_of_Times_2_Arrears_of_Last_6_Other_Available_Histories":"4","Number_of_Closed_Other_PPs":"4","Number_of_Absconded_Other_PPs":"0","Number_of_Written_Off_Other_PPs":"0","Total_Monthly_One_Month_Installment_":"0","Worst_Arrears_on_Closed_Other_PPs":"3","Number_of_NLR_accounts_opened_for_at_least_12_months":"3","Number_of_Times_1_Arrears_of_Last_6_Other_Available_Histories":"6","Percent_3_Arrears_of_Last_6_Other_Available_Histories":"9","Capital_Amount_of_Other_PPs_Opened_in_the_Last_30_Days":"0","Monthly_NLR_Installment_Other":"0","Number_of_Other_Revolving_PPs_Ever":"0","Percent_2_Arrears_of_Last_12_Other_Available_Histories":"17","Total_Credit_Limit_of_Revolving_Other_PPs":"0","Outstanding_NLR_Balance_Other":"0","Percent_0_Arrears_of_Last_6_Other_Available_Histories":"71","Number_of_Times_0_Arrears_of_Last_3_Available_Histories":"10","Outstanding_Balance_on_non_delinquent_revolving_NLR_opened_L6m":"0","Number_of_Times_3_Arrears_of_Last_6_Other_Available_Histories":"2","Total_number_of__active_non_delinquent_NLR_accounts_opened_L6m":"0","Total_number_of_NLR_Active_accounts_":"0","Worst_Arrears_on_Other_PPs_in_the_Last_180_days":"0"},"AllValue":{"Number_of_NLR_accounts_opened_4to12_months_ago":"1","Percent_1_Arrears_of_Last_6_All_Available_Histories":"28","Number_of_Closed_All_PPs":"4","Number_of_Times_3_Arrears_of_Last_3_All_Available_Histories":"0","Number_of_Times_1_Arrears_of_Last_12_All_Available_Histories":"7","Total_value_of_NLR_Delinquent_accounts":"0","Worst_Arrears_on_All_PPs_in_the_Last_Year":"3","Capital_Amount_of_All_PPs_Opened_in_the_Last_90_Days":"0","Number_of_Open_Fixed_Installment_All_PPs":"0","Number_of_Times_1_Arrears_of_Last_3_All_Available_Histories":"1","Worst_status_in_the_last_3_months_on_NLR_accounts_opened_for_at_least_12_months":"","Worst_Arrears_on_All_PPs_in_the_Last_180_days":"0","Number_of_Closed_Revolving_All_PPs":"0","Days_since_most_recent_NLR_Delinquent___account_":"","Worst_status_in_the_last_3_months_for_active_non_delinquent__accounts_opened_in_the_last_12_months":"","Worst_status_last_3_months_for_active__non_delinquent_accounts_opened_for_more_than_12months_":"","Percent_3_Arrears_of_Last_12_All_Available_Histories":"8","Number_of_Times_2_Arrears_of_Last_12_All_Available_Histories":"4","Number_of_All_Revolving_PPs_Ever":"0","Number_of_All_Fixed_Installment_PPs_Ever":"0","Total_Balance_of_Revolving_All_PPs":"0","Number_of_Currently_Open_All_PPs":"0","Number_of_Times_1_Arrears_of_Last_24_All_Available_Histories":"7","Number_of_Habitually_Slow_All_PPs":"0","Total_Outstanding_One_Month_Balance_":"0","Total_Installment_of_Revolving_All_PPs":"0","Number_of_All_PPs_in_the_Last_180_days":"0","Percent_0_Arrears_of_Last_6_All_Available_Histories":"71","Total_number_of_NLR_Delinquent_Accounts":"0","Capital_Amount_of_All_PPs_Opened_in_the_Last_30_Days":"0","Worst_status_in_the_last_4to6_months_for_NLR_active_non_delinquent__accounts_":"","Worst_status_in_the_last_3_months_on_NLR_accounts_opened_4to12_months_ago":"","Percent_3_Arrears_of_Last_24_All_Available_Histories":"8","Number_of_Times_1_Arrears_of_Last_6_All_Available_Histories":"6","Percent_1_Arrears_of_Last_3_All_Available_Histories":"9","Current_Balance_of_All_PPs":"0","Monthly_Installment_Value_of_Currently_Open_All_PPs":"0","Percent_2_Arrears_of_Last_24_All_Available_Histories":"17","Number_of_Absconded_All_PPs":"0","Number_of_All_PPs_in_the_Last_5_Years":"4","Number_of_Times_2_Arrears_of_Last_6_All_Available_Histories":"4","Worst_Arrears_on_All_PPs_in_the_Last_90_days":"","Number_of_All_PPs_in_the_Last_4_Years":"4","Months_Since_Most_Recent_Opened_PP":"12","Worst_Current_Status_on_active_NLR__accounts":"","Number_of_Times_0_Arrears_of_Last_12_All_Available_Histories":"16","Percent_2_Arrears_of_Last_12_All_Available_Histories":"17","Total_outstanding_balance_on_NLR_active_accounts":"0","Worst_current_status_on_active_non_delinquent_non_revolving_accounts":"","Number_of_Written_Off_All_PPs":"0","Total_Outstanding_NLR_Balance_All":"0","Number_of_Times_3_Arrears_of_Last_6_All_Available_Histories":"2","Number_of_All_PPs_Ever":"4","Total_Balance_of_Fixed_Installment_All_PPs":"0","Outstanding_Balance_on_delinquent_revolving_NLR_accounts":"0","Worst_Arrears_on_Closed_All_PPs":"3","Number_of_Times_0_Arrears_of_Last_6_All_Available_Histories":"15","Number_of_Times_3_Arrears_of_Last_12_All_Available_Histories":"2","Cumulative_Installment_Value":"0","Number_of_Open_Revolving_All_PPs":"0","Worst_current_status_on_active_non_delinquent_revolving_accounts":"","Percent_1_Arrears_of_Last_24_All_Available_Histories":"30","Worst_Arrears_on_Open_All_PPs":"","Capital_Amount_of_All_PPs_Opened_in_the_Last_2_Years":"13013","Capital_Amount_of_All_PPs_Opened_in_the_Last_180_Days":"0","Months_Since_Oldest_Opened_PPs_ever_All":"25","Number_of_All_PPs_in_the_Last_Year":"1","Total_Monthly_NLR_Installment_All":"0","Number_of_Closed_Fixed_Installment_All_PPs":"0","Number_of_Times_3_Arrears_of_Last_24_All_Available_Histories":"2","Percent_2_Arrears_of_Last_6_All_Available_Histories":"19","Number_of_All_PPs_in_the_Last_90_Days":"0","Percent_0_Arrears_of_Last_3_All_Available_Histories":"90","Cumulative_Outstanding_Balance":"0","Total_Credit_Limit_of_Fixed_Installment_All_PPS":"0","Number_of_Disputed_All_PPs":"0","Worst_status_in_the_last_6_months_on_NLR_accounts_opened_for_at_least_12_months":"","Total_Credit_Limit_of_Revolving_All_PPs":"0","Percent_0_Arrears_of_Last_24_All_Available_Histories":"69","Percent_3_Arrears_of_Last_6_All_Available_Histories":"9","Worst_Arrears_Level_of_the_Account_Opened_Most_Recently":"","Worst_Arrears_on_All_PPs_ever":"3","Percent_2_Arrears_of_Last_3_All_Available_Histories":"9","Percent_1_Arrears_of_Last_12_All_Available_Histories":"30","Worst_status_in_the_last_6_months_on_NLR_accounts_opened_4to12_months_ago":"0","Number_of_Times_0_Arrears_of_Last_24_All_Available_Histories":"16","Number_of_Times_2_Arrears_of_Last_3_All_Available_Histories":"1","Total_Monthly_One_Month_Installment_":"0","Number_of_All_PPs_in_the_Last_3_Years":"4","Number_of_All_PPs_in_the_Last_30_Days":"0","Number_of_NLR_accounts_opened_for_at_least_12_months":"3","Number_of_Times_2_Arrears_of_Last_24_All_Available_Histories":"4","Number_of_All_PPs_in_the_Last_2_Years":"3","Percent_0_Arrears_of_Last_12_All_Available_Histories":"69","Number_of_Times_0_Arrears_of_Last_3_Available_Histories":"10","Total_Installment_of_Fixed_Installment_All_PPs":"0","Outstanding_Balance_on_non_delinquent_revolving_NLR_opened_L6m":"0","Total_number_of__active_non_delinquent_NLR_accounts_opened_L6m":"0","Capital_Amount_of_All_PPs_Opened_in_the_Last_Year":"7114","Total_number_of_NLR_Active_accounts_":"0","Percent_3_Arrears_of_Last_3_All_Available_Histories":"0"}}},"NLR_Past_24_Months":{"Positive_loans":"4","Highest_months_in_arrears":"3"},"Adverses":{"CPA":{"Number_of_Adverses_in_the_Previous_6_Months":"1","Number_of_CPA_adverses_ever":"1","Number_of_Adverses_in_the_Last_30_days":"0","Total_Value_of_all_Adverses":"5160","Number_of_Adverses_in_the_Last_2_years":"1","Highest_Adverse_Value":"5160","Number_of_Adverses_in_the_Last_3_years":"1","Months_since_most_recent_CPA_adverse":"6","Total_value_of_all_CPA_adverses":"5160","Number_of_Adverses_in_the_Last_year":"1","Number_of_Adverses_in_the_Last_19_to_36_Months":"0","Number_of_Adverses_in_the_Last_4_years":"1","Number_of_Adverses_in_the_Last_90_days":"0","Months_Since_Most_Recent_Adverse":"6","Number_of_Adverses_in_the_Last_5_years":"1","Total_Number_of_Adverses_Ever":"1","Months_Since_Highest_Adverse":"6","Number_of_Adverses_in_the_Last_180_days":"0","Value_of_Most_Recent_Adverse":"5160"},"NLR":{"Number_of_Adverses_in_the_Previous_6_Months":"0","Total_value_of_all_NLR_adverses":"0","Number_of_NLR_adverses_ever":"0","Number_of_Adverses_in_the_Last_30_days":"0","Total_Value_of_all_Adverses":"0","Number_of_Adverses_in_the_Last_2_years":"0","Highest_Adverse_Value":"0","Number_of_Adverses_in_the_Last_3_years":"0","Number_of_Adverses_in_the_Last_year":"0","Number_of_Adverses_in_the_Last_19_to_36_Months":"0","Number_of_Adverses_in_the_Last_4_years":"0","Number_of_Adverses_in_the_Last_90_days":"0","Months_Since_Most_Recent_Adverse":"","Months_since_most_recent_NLR_adverse":"","Number_of_Adverses_in_the_Last_5_years":"0","Total_Number_of_Adverses_Ever":"0","Months_Since_Highest_Adverse":"","Number_of_Adverses_in_the_Last_180_days":"0","Value_of_Most_Recent_Adverse":"0"}},"NLR_Past_12_Months":{"Positive_loans":"1"},"CPA_CumulativeArrears":"4290","CPA_Past_24_Months":{"Positive_loans":"1","Highest_months_in_arrears":"L"}},"Telephones":{"Telephone":[{"PhonePrefix":"046","PhoneType":{"type":"Work"}},{"PhonePrefix":"046","PhoneType":{"type":"Work"}},{"PhonePrefix":"046","PhoneType":{"type":"Work"}},{"PhonePrefix":"046","PhoneType":{"type":"Work"}},{"PhonePrefix":"027","PhoneType":{"type":"Cell"}},{"PhonePrefix":"083","PhoneType":{"type":"Cell"}},{"PhonePrefix":"083","PhoneType":{"type":"Cell"}},{"PhonePrefix":"078","PhoneType":{"type":"Home"}}]}},"user-uuid":"b80e7284-adcb-4442-93ed-66d2e9e74431"}