{"uuid":"336b9f63-aa33-4a4c-886e-3f7211ae9137","marketId":"ZA","accountId":381700,"deletedTimestamp":null,"createdTimestamp":1521038240589,"updatedTimestamp":1521038240589,"account":{"legacy":{"prospectId":469078,"userStatus":"ACTIVE","accountStatus":"ACTIVE","idvStatus":"PASS","idvStatusTimestamp":1516531167961,"prospect":{"emailVerified":false,"email":"xxx","rowVersion":0,"id":469078,"anonymousId":"OSanx53ZGJzFY4YWN78a7hRJ8FBN3cSy22aNuxja"},"fraudStatus":{"kbaAttempts":1,"iOvationFraudResult":"ACCEPT","bavAttempts":0,"emailageFraudResult":"ACCEPT","defaultFraudRisk":false,"idvAttempts":1,"iOvationTrackingNumber":"403948215418498044","fraudRisk":"FRAUD_RISK_1","kbaPassed":false,"bavPassed":false,"docVerificationPassed":false},"blob":"{\"ftw\":{\"active\":true,\"newUser\":true}}"},"phones":[{"type":"OTHER","number":"xxx","countryCode":"26","verified":false}],"preferences":{"mktgResearchInfo":true,"mktgTips":true,"mktgNewsFeatures":true,"mktgCoachingEmails":false,"mktgRtcEmails":false,"mktgProducts":false},"idvPassed":true,"tncHistory":[{"acceptedVersion":3,"acceptedTimestamp":1516531044771}],"emails":[{"address":"xxx","verified":false}],"user":{"name":{"lastName":"xxx","firstName":"xxx","format":"TFML"},"bankName":"CAPITEC","dateOfBirth":"1982-05","addressHistory":[{"country":"ZA","structured":{"format":"ZA","postcode":"7785","buildingName":"xxx","county":"Tafelsig","street":"xxx","town":"Cape town"}}],"employmentStatus":"FT_EMPLOYED","salary":{"amount":10000,"type":"WEEKLY","currency":"ZAR"},"id":381700,"idDocuments":[{"type":"NATIONALID","value":"xxx"}],"residentialStatus":"WITH_PARENTS"}},"schemaVersion":"CS-1"}