{"uuid":"405e0215-a0db-4425-8f6c-2df5a0a003df","marketId":"ZA","accountId":576200,"deletedTimestamp":null,"createdTimestamp":1524496593691,"updatedTimestamp":1524496811792,"account":{"legacy":{"prospectId":717688,"userStatus":"ACTIVE","accountStatus":"ACTIVE","idvStatus":"PASS","idvStatusTimestamp":1524496802312,"prospect":{"emailVerified":false,"email":"xxx","rowVersion":0,"id":717688,"anonymousId":"bxVaMYUiIS5y47m7NhsGA0usitwFTVQ4RZ5w0Sso"},"fraudStatus":{"kbaAttempts":1,"iOvationFraudResult":"ACCEPT","bavAttempts":0,"emailageFraudResult":"ACCEPT","defaultFraudRisk":false,"idvAttempts":1,"iOvationTrackingNumber":"389803783116493277","fraudRisk":"FRAUD_RISK_1","kbaPassed":false,"bavPassed":false,"docVerificationPassed":false},"blob":"{\"ftw\":{\"active\":true,\"newUser\":true},\"scoreBand\":1}"},"phones":[{"type":"OTHER","number":"xxx","countryCode":"26","verified":false}],"preferences":{"mktgResearchInfo":true,"mktgTips":true,"mktgNewsFeatures":true,"mktgCoachingEmails":false,"mktgRtcEmails":false,"mktgProducts":false},"idvPassed":true,"tncHistory":[{"acceptedVersion":3,"acceptedTimestamp":1524496593675}],"emails":[{"address":"xxx","verified":false}],"user":{"name":{"lastName":"xxx","firstName":"xxx","format":"TFML"},"bankName":"ABSA","dateOfBirth":"1974-07","addressHistory":[{"country":"ZA","structured":{"format":"ZA","postcode":"0125","buildingName":"xxx","county":"saulsville","street":"xxx","town":"pretoria"}}],"employmentStatus":"FT_EMPLOYED","salary":{"amount":10826,"type":"MONTHLY","currency":"ZAR"},"id":576200,"idDocuments":[{"type":"NATIONALID","value":"xxx"}],"residentialStatus":"PRIVATE_TENANT"}},"schemaVersion":"CS-1"}