{"uuid":"4db76b39-e949-472b-a653-dbd80ffc0eac","marketId":"ZA","accountId":847000,"deletedTimestamp":null,"createdTimestamp":1540012439760,"updatedTimestamp":1540012950198,"account":{"legacy":{"prospectId":1064594,"userStatus":"ACTIVE","accountStatus":"ACTIVE","idvStatus":"PASS","idvStatusTimestamp":1540012941842,"prospect":{"emailVerified":false,"email":"xxx","rowVersion":0,"id":1064594,"anonymousId":"a3hBIWhttmioIoSTCpZEpAf81Cc3Z9mAb2v9adl1"},"fraudStatus":{"kbaAttempts":2,"iOvationFraudResult":"ACCEPT","bavAttempts":0,"emailageFraudResult":"ACCEPT","defaultFraudRisk":false,"idvAttempts":2,"iOvationTrackingNumber":"178112769481045440","fraudRisk":"FRAUD_RISK_1","kbaPassed":false,"bavPassed":false,"docVerificationPassed":false},"blob":"{\"ftw\":{\"active\":true,\"newUser\":true},\"tests\":[],\"scoreBand\":4}"},"phones":[{"type":"OTHER","number":"xxx","countryCode":"26","verified":false}],"preferences":{"mktgResearchInfo":true,"mktgTips":true,"mktgNewsFeatures":true,"mktgCoachingEmails":false,"mktgRtcEmails":false,"mktgProducts":false},"idvPassed":true,"tncHistory":[{"acceptedVersion":3,"acceptedTimestamp":1540012439734}],"emails":[{"address":"xxx","verified":false}],"user":{"name":{"lastName":"xxx","firstName":"xxx","format":"TFML"},"bankName":"FIRST_NATIONAL_BANK","dateOfBirth":"1965-05","addressHistory":[{"country":"ZA","structured":{"format":"ZA","postcode":"7140","buildingName":"xxx","county":"Mansfield","street":"xxx","town":"Gordon's Bay"}}],"employmentStatus":"FT_EMPLOYED","salary":{"amount":42000,"type":"MONTHLY","currency":"ZAR"},"id":847000,"idDocuments":[{"type":"NATIONALID","value":"xxx"}],"residentialStatus":"HOMEOWNER"}},"schemaVersion":"CS-1"}