{"uuid":"59ff3dc6-a524-4d4e-87fc-b98604a59b94","marketId":"ZA","accountId":594200,"deletedTimestamp":null,"createdTimestamp":1525104923988,"updatedTimestamp":1525105135713,"account":{"legacy":{"prospectId":741266,"idvReason":"FAIL2","userStatus":"ACTIVE","accountStatus":"ACTIVE","idvStatus":"WAIT_72_HOURS","idvStatusTimestamp":1525105135698,"prospect":{"id":741266,"anonymousId":"xHPmnkghuLckNd27GXrHAxjYzJdwMxqj9nYZpiTx","email":"xxx","emailVerified":false},"fraudStatus":{"kbaAttempts":2,"iOvationFraudResult":"ACCEPT","bavAttempts":0,"emailageFraudResult":"ACCEPT","defaultFraudRisk":false,"idvAttempts":2,"iOvationTrackingNumber":"958129279263850967","fraudRisk":"FRAUD_RISK_1","kbaPassed":false,"bavPassed":false,"docVerificationPassed":false}},"phones":[{"type":"OTHER","number":"xxx","countryCode":"26","verified":false}],"preferences":{"mktgResearchInfo":true,"mktgTips":true,"mktgNewsFeatures":true,"mktgCoachingEmails":false,"mktgRtcEmails":false},"idvPassed":false,"tncHistory":[{"acceptedVersion":3,"acceptedTimestamp":1525104923977}],"emails":[{"address":"xxx","verified":false}],"user":{"name":{"lastName":"xxx","firstName":"xxx","format":"TFML"},"bankName":"FIRST_NATIONAL_BANK","dateOfBirth":"1994-07","addressHistory":[{"country":"ZA","structured":{"format":"ZA","postcode":"0157","buildingName":"xxx","county":"Clubview","street":"xxx","town":"Centurion"}}],"employmentStatus":"FT_EMPLOYED","salary":{"amount":10000,"type":"MONTHLY","currency":"ZAR"},"id":594200,"idDocuments":[{"type":"NATIONALID","value":"xxx"}],"residentialStatus":"PRIVATE_TENANT"}},"schemaVersion":"CS-1"}