{"uuid":"6d36aa63-e1c2-4a1e-bb7d-7c7acd8f9a36","marketId":"ZA","accountId":844300,"deletedTimestamp":null,"createdTimestamp":1539856600359,"updatedTimestamp":1539856810517,"account":{"legacy":{"prospectId":1061178,"userStatus":"ACTIVE","accountStatus":"ACTIVE","idvStatus":"PASS","idvStatusTimestamp":1539856806481,"prospect":{"emailVerified":false,"email":"xxx","rowVersion":0,"id":1061178,"anonymousId":"ZDzU7Ous269AlULQViuPlswJHjaextyVXCIuz9ZT"},"fraudStatus":{"kbaAttempts":1,"iOvationFraudResult":"ACCEPT","bavAttempts":0,"emailageFraudResult":"ACCEPT","defaultFraudRisk":false,"idvAttempts":1,"iOvationTrackingNumber":"767813139016918622","fraudRisk":"FRAUD_RISK_1","kbaPassed":false,"bavPassed":false,"docVerificationPassed":false},"blob":"{\"ftw\":{\"active\":true,\"newUser\":true},\"scoreBand\":4}"},"phones":[{"type":"OTHER","number":"xxx","countryCode":"26","verified":false}],"preferences":{"mktgResearchInfo":true,"mktgTips":true,"mktgNewsFeatures":true,"mktgCoachingEmails":false,"mktgRtcEmails":false,"mktgProducts":false},"idvPassed":true,"tncHistory":[{"acceptedVersion":3,"acceptedTimestamp":1539856600339}],"emails":[{"address":"xxx","verified":false}],"user":{"name":{"lastName":"xxx","firstName":"xxx","format":"TFML"},"bankName":"ABSA","dateOfBirth":"1960-06","addressHistory":[{"country":"ZA","structured":{"format":"ZA","postcode":"7580","buildingName":"xxx","county":"Kuilsriver","street":"xxx","town":"cape town"}}],"employmentStatus":"SELF_EMPLOYED","salary":{"amount":60000,"type":"YEARLY","currency":"ZAR"},"id":844300,"idDocuments":[{"type":"NATIONALID","value":"xxx"}],"residentialStatus":"HOMEOWNER"}},"schemaVersion":"CS-1"}