{"uuid":"7012e968-f7ea-4dbe-9a41-ffd3f580743c","marketId":"ZA","accountId":467000,"deletedTimestamp":null,"createdTimestamp":1521037816766,"updatedTimestamp":1521037816766,"account":{"legacy":{"prospectId":577478,"idvReason":"FAIL2","userStatus":"ACTIVE","accountStatus":"ACTIVE","idvStatus":"WAIT_72_HOURS","idvStatusTimestamp":1519995557442,"prospect":{"id":577478,"anonymousId":"EaPNM9WviUc6tsr4EAm15mZ8i854lrQKSk9g0Zh1","email":"xxx","emailVerified":false},"fraudStatus":{"kbaAttempts":2,"iOvationFraudResult":"ACCEPT","bavAttempts":0,"emailageFraudResult":"ACCEPT","defaultFraudRisk":false,"idvAttempts":2,"iOvationTrackingNumber":"229673938719010603","fraudRisk":"FRAUD_RISK_1","kbaPassed":false,"bavPassed":false,"docVerificationPassed":false}},"phones":[{"type":"OTHER","number":"xxx","countryCode":"26","verified":false}],"preferences":{"mktgResearchInfo":true,"mktgTips":true,"mktgNewsFeatures":true,"mktgCoachingEmails":false,"mktgRtcEmails":false},"idvPassed":false,"tncHistory":[{"acceptedVersion":3,"acceptedTimestamp":1519994758606}],"emails":[{"address":"xxx","verified":false}],"user":{"name":{"lastName":"xxx","firstName":"xxx","format":"TFML"},"bankName":"FIRST_NATIONAL_BANK","dateOfBirth":"1974-11","addressHistory":[{"country":"ZA","structured":{"format":"ZA","postcode":"1185","buildingName":"xxx","county":"Mkobola","street":"xxx","town":"Transvaal"}}],"employmentStatus":"FT_EMPLOYED","salary":{"amount":15000,"type":"MONTHLY","currency":"ZAR"},"id":467000,"idDocuments":[{"type":"NATIONALID","value":"xxx"}],"residentialStatus":"WITH_PARENTS"}},"schemaVersion":"CS-1"}