{"uuid":"705eff31-d65d-4a84-94f3-e3dd5155c48e","marketId":"ZA","accountId":719600,"deletedTimestamp":null,"createdTimestamp":1530119507626,"updatedTimestamp":1530119602784,"account":{"legacy":{"prospectId":899656,"userStatus":"ACTIVE","accountStatus":"ACTIVE","idvStatus":"UNVERIFIED","idvStatusTimestamp":1530119602761,"prospect":{"id":899656,"anonymousId":"9n8Qs94ltl9kNfT7n8snmU8RUHN7aIolhGmSnVJl","email":"xxx","emailVerified":false}},"preferences":{"mktgResearchInfo":true,"mktgTips":true,"mktgNewsFeatures":true,"mktgCoachingEmails":false,"mktgRtcEmails":false},"idvPassed":false,"tncHistory":[{"acceptedVersion":3,"acceptedTimestamp":1530119507606}],"emails":[{"address":"xxx","verified":false}],"user":{"name":{"lastName":"xxx","firstName":"xxx","format":"TFML"},"dateOfBirth":"1985-03","addressHistory":[{"country":"ZA","structured":{"format":"ZA","postcode":"6139","buildingName":"xxx","county":"Joza","street":"xxx","town":"Grahamstown"}}],"salary":{"type":"YEARLY","currency":"ZAR"},"id":719600,"idDocuments":[{"type":"NATIONALID","value":"xxx"}],"residentialStatus":"WITH_PARENTS"}},"schemaVersion":"CS-1"}