{"uuid":"77c58637-f1f4-4d0f-9934-e4d3e0a07ed3","marketId":"ZA","accountId":293200,"deletedTimestamp":null,"createdTimestamp":1521037201113,"updatedTimestamp":1521037201113,"account":{"legacy":{"prospectId":352341,"userStatus":"ACTIVE","accountStatus":"ACTIVE","idvStatus":"UNVERIFIED","idvStatusTimestamp":1512053174500,"prospect":{"id":352341,"anonymousId":"ermIYjZoIr0aSsoe23GwPIaJUHedgbyv08zLqeot","email":"xxx","emailVerified":false}},"preferences":{"mktgResearchInfo":true,"mktgTips":true,"mktgNewsFeatures":true,"mktgCoachingEmails":false,"mktgRtcEmails":false},"idvPassed":false,"tncHistory":[{"acceptedVersion":3,"acceptedTimestamp":1512053082823}],"emails":[{"address":"xxx","verified":false}],"user":{"name":{"lastName":"xxx","firstName":"xxx","format":"TFML"},"dateOfBirth":"1978-08","addressHistory":[{"country":"ZA","structured":{"format":"ZA","postcode":"0154","buildingName":"xxx","county":"Soshanguve ","street":"xxx","town":"Pretoria "}}],"salary":{"type":"YEARLY","currency":"ZAR"},"id":293200,"idDocuments":[{"type":"NATIONALID","value":"xxx"}],"residentialStatus":"PRIVATE_TENANT"}},"schemaVersion":"CS-1"}