{"uuid":"84b111a6-2747-441e-9db9-2d695bea8bab","marketId":"ZA","accountId":31300,"deletedTimestamp":null,"createdTimestamp":1521038233755,"updatedTimestamp":1536697190552,"account":{"legacy":{"prospectId":38032,"userStatus":"ACTIVE","accountStatus":"ACTIVE","idvStatus":"PASS","idvStatusTimestamp":1497347561707,"prospect":{"emailVerified":false,"email":"xxx","rowVersion":0,"id":38032,"anonymousId":"UXouSfXNB8AexVbJ5RvA349LocpYNyxHIQEZzNPF"},"fraudStatus":{"kbaAttempts":1,"iOvationFraudResult":"ACCEPT","bavAttempts":0,"emailageFraudResult":"ACCEPT","defaultFraudRisk":false,"idvAttempts":1,"iOvationTrackingNumber":"288409997322701299","fraudRisk":"FRAUD_RISK_1","kbaPassed":false,"bavPassed":false,"docVerificationPassed":false},"blob":"{\"products\":{},\"ftw\":{\"active\":true,\"newUser\":false},\"tests\":[]}"},"phones":[{"type":"OTHER","number":"xxx","countryCode":"26","verified":false}],"preferences":{"mktgResearchInfo":true,"mktgTips":true,"mktgNewsFeatures":true,"mktgCoachingEmails":false,"mktgRtcEmails":false,"mktgProducts":false},"idvPassed":true,"tncHistory":[{"acceptedVersion":3,"acceptedTimestamp":1497347376585}],"emails":[{"address":"xxx","verified":true}],"user":{"name":{"lastName":"xxx","firstName":"xxx","format":"TFML"},"bankName":"NEDBANK","dateOfBirth":"1973-12","addressHistory":[{"country":"ZA","structured":{"format":"ZA","postcode":"0700","buildingName":"xxx","county":"Bendor","street":"xxx","town":"Polokwane "}}],"employmentStatus":"SELF_EMPLOYED","salary":{"amount":20000,"type":"YEARLY","currency":"ZAR"},"id":31300,"idDocuments":[{"type":"NATIONALID","value":"xxx"}],"residentialStatus":"PRIVATE_TENANT"}},"schemaVersion":"CS-1"}