{"uuid":"857fe2ba-2bc1-46cf-bb4d-2f51415e270d","marketId":"ZA","accountId":821600,"deletedTimestamp":null,"createdTimestamp":1538550562243,"updatedTimestamp":1538550795698,"account":{"legacy":{"prospectId":1031305,"userStatus":"ACTIVE","accountStatus":"ACTIVE","idvStatus":"PASS","idvStatusTimestamp":1538550791341,"prospect":{"emailVerified":false,"email":"xxx","rowVersion":0,"id":1031305,"anonymousId":"CWGhcYlTI0EmA3QXfY4bk8haquG2vel7ekdhXPFb"},"fraudStatus":{"kbaAttempts":1,"iOvationFraudResult":"ACCEPT","bavAttempts":0,"emailageFraudResult":"ACCEPT","defaultFraudRisk":false,"idvAttempts":1,"iOvationTrackingNumber":"186045463739643680","fraudRisk":"FRAUD_RISK_1","kbaPassed":false,"bavPassed":false,"docVerificationPassed":false},"blob":"{\"ftw\":{\"active\":true,\"newUser\":true},\"tests\":[],\"scoreBand\":4}"},"phones":[{"type":"OTHER","number":"xxx","countryCode":"26","verified":false}],"preferences":{"mktgResearchInfo":true,"mktgTips":true,"mktgNewsFeatures":true,"mktgCoachingEmails":false,"mktgRtcEmails":false,"mktgProducts":false},"idvPassed":true,"tncHistory":[{"acceptedVersion":3,"acceptedTimestamp":1538550562213}],"emails":[{"address":"xxx","verified":false}],"user":{"name":{"lastName":"xxx","firstName":"xxx","format":"TFML"},"bankName":"ABSA","dateOfBirth":"1967-04","addressHistory":[{"country":"ZA","structured":{"format":"ZA","postcode":"0950","buildingName":"xxx","county":"Maniini","street":"xxx","town":"Thohoyandou"}}],"employmentStatus":"FT_EMPLOYED","salary":{"amount":17000,"type":"MONTHLY","currency":"ZAR"},"id":821600,"idDocuments":[{"type":"NATIONALID","value":"xxx"}],"residentialStatus":"WITH_PARENTS"}},"schemaVersion":"CS-1"}