{"uuid":"8915b870-4f5b-4df8-80eb-ae2e25853837","marketId":"ZA","accountId":703100,"deletedTimestamp":null,"createdTimestamp":1529404239493,"updatedTimestamp":1537954671427,"account":{"legacy":{"prospectId":878997,"userStatus":"ACTIVE","accountStatus":"ACTIVE","idvStatus":"PASS","idvStatusTimestamp":1529404440382,"prospect":{"emailVerified":false,"email":"xxx","rowVersion":0,"id":878997,"anonymousId":"HpwpEllJpJ8zomqf61DaxVvI0MDQY5mbKBECEoAz"},"fraudStatus":{"kbaAttempts":1,"iOvationFraudResult":"ACCEPT","bavAttempts":0,"emailageFraudResult":"ACCEPT","defaultFraudRisk":false,"idvAttempts":0,"iOvationTrackingNumber":"130408866235368044","fraudRisk":"FRAUD_RISK_1","kbaPassed":false,"bavPassed":false,"docVerificationPassed":false},"blob":"{\"ftw\":{\"active\":true,\"newUser\":true},\"scoreBand\":1,\"tests\":[]}"},"phones":[{"type":"OTHER","number":"xxx","countryCode":"26","verified":false}],"preferences":{"mktgResearchInfo":true,"mktgTips":true,"mktgNewsFeatures":true,"mktgCoachingEmails":false,"mktgRtcEmails":false,"mktgProducts":false},"idvPassed":true,"tncHistory":[{"acceptedVersion":3,"acceptedTimestamp":1529404239472}],"emails":[{"address":"xxx","verified":true}],"user":{"name":{"lastName":"xxx","firstName":"xxx","format":"TFML"},"bankName":"STANDARD_BANK","dateOfBirth":"1985-10","addressHistory":[{"country":"ZA","structured":{"format":"ZA","postcode":"2188","buildingName":"xxx","county":"Sundowner","street":"xxx","town":"Randburg"}}],"employmentStatus":"FT_EMPLOYED","salary":{"amount":48150,"type":"MONTHLY","currency":"ZAR"},"id":703100,"idDocuments":[{"type":"NATIONALID","value":"xxx"}],"residentialStatus":"PRIVATE_TENANT"}},"schemaVersion":"CS-1"}