{"uuid":"8a7cd396-4de6-4ca1-af38-4fcdc731a7e4","marketId":"ZA","accountId":655300,"deletedTimestamp":null,"createdTimestamp":1527499597896,"updatedTimestamp":1527681004649,"account":{"legacy":{"prospectId":820110,"userStatus":"ACTIVE","accountStatus":"ACTIVE","idvStatus":"PASS","idvStatusTimestamp":1527499700317,"prospect":{"emailVerified":false,"email":"xxx","rowVersion":0,"id":820110,"anonymousId":"EEmWQNMDw3c5SaDw8Y6t7i1VXgo04Z4v7H62MRxt"},"fraudStatus":{"kbaAttempts":1,"iOvationFraudResult":"ACCEPT","bavAttempts":0,"emailageFraudResult":"ACCEPT","defaultFraudRisk":false,"idvAttempts":1,"iOvationTrackingNumber":"262356134810016223","fraudRisk":"FRAUD_RISK_1","kbaPassed":false,"bavPassed":false,"docVerificationPassed":false},"blob":"{\"ftw\":{\"active\":true,\"newUser\":true},\"scoreBand\":1,\"tests\":[]}"},"phones":[{"type":"OTHER","number":"xxx","countryCode":"26","verified":false}],"preferences":{"mktgResearchInfo":true,"mktgTips":true,"mktgNewsFeatures":true,"mktgCoachingEmails":false,"mktgRtcEmails":false,"mktgProducts":false},"idvPassed":true,"tncHistory":[{"acceptedVersion":3,"acceptedTimestamp":1527499597883}],"emails":[{"address":"xxx","verified":false}],"user":{"name":{"lastName":"xxx","firstName":"xxx","format":"TFML"},"bankName":"ABSA","dateOfBirth":"1993-01","addressHistory":[{"country":"ZA","structured":{"format":"ZA","postcode":"7441","buildingName":"xxx","county":"cape town","street":"xxx","town":"cape town"}}],"employmentStatus":"FT_EMPLOYED","salary":{"amount":11011,"type":"MONTHLY","currency":"ZAR"},"id":655300,"idDocuments":[{"type":"NATIONALID","value":"xxx"}],"residentialStatus":"WITH_PARENTS"}},"schemaVersion":"CS-1"}