{"uuid":"94653263-3ba4-4bdb-bc9a-8e9159dac322","marketId":"ZA","accountId":160400,"deletedTimestamp":null,"createdTimestamp":1521036667672,"updatedTimestamp":1521036667672,"account":{"legacy":{"prospectId":193533,"userStatus":"ACTIVE","accountStatus":"ACTIVE","idvStatus":"PASS","idvStatusTimestamp":1501099731882,"prospect":{"emailVerified":false,"email":"xxx","rowVersion":0,"id":193533,"anonymousId":"HmlkVvY9Rr3cuE4l8tBYN4IOKYriq6zZNxzI3O4o"},"fraudStatus":{"kbaAttempts":1,"iOvationFraudResult":"ACCEPT","bavAttempts":0,"emailageFraudResult":"ACCEPT","defaultFraudRisk":false,"idvAttempts":1,"iOvationTrackingNumber":"171496866910955652","fraudRisk":"FRAUD_RISK_1","kbaPassed":false,"bavPassed":false,"docVerificationPassed":false},"blob":"{\"ftw\":{\"active\":true,\"newUser\":true},\"scoreBand\":4}"},"phones":[{"type":"OTHER","number":"xxx","countryCode":"26","verified":false}],"preferences":{"mktgResearchInfo":true,"mktgTips":true,"mktgNewsFeatures":true,"mktgCoachingEmails":false,"mktgRtcEmails":false,"mktgProducts":false},"idvPassed":true,"tncHistory":[{"acceptedVersion":3,"acceptedTimestamp":1501099517799}],"emails":[{"address":"xxx","verified":false}],"user":{"name":{"lastName":"xxx","firstName":"xxx","format":"TFML"},"bankName":"STANDARD_BANK","dateOfBirth":"1989-05","addressHistory":[{"country":"ZA","structured":{"format":"ZA","postcode":"1055","buildingName":"xxx","county":"Nasaret ","street":"xxx","town":"Middelburg "}}],"employmentStatus":"FT_EMPLOYED","salary":{"amount":25000,"type":"MONTHLY","currency":"ZAR"},"id":160400,"idDocuments":[{"type":"NATIONALID","value":"xxx"}],"residentialStatus":"HOMEOWNER"}},"schemaVersion":"CS-1"}