{"uuid":"9e2dd9e0-ec9e-4739-8790-d435ab1306cc","marketId":"ZA","accountId":943000,"deletedTimestamp":null,"createdTimestamp":1545485945160,"updatedTimestamp":1545486017578,"account":{"legacy":{"prospectId":1185762,"userStatus":"ACTIVE","accountStatus":"ACTIVE","idvStatus":"UNVERIFIED","idvStatusTimestamp":1545486017553,"prospect":{"id":1185762,"anonymousId":"5UI32L6Jg9hlYk7HLdb6D3ss2CkCw7x0jPT4Nos2","email":"xxx","emailVerified":false}},"preferences":{"mktgResearchInfo":true,"mktgTips":true,"mktgNewsFeatures":true,"mktgCoachingEmails":false,"mktgRtcEmails":false},"idvPassed":false,"tncHistory":[{"acceptedVersion":3,"acceptedTimestamp":1545485945140}],"emails":[{"address":"xxx","verified":false}],"user":{"name":{"lastName":"xxx","firstName":"xxx","format":"TFML"},"dateOfBirth":"1973-03","addressHistory":[{"country":"ZA","structured":{"format":"ZA","postcode":"7785","buildingName":"xxx","county":"Mitchell's Plain","street":"xxx","town":"Cape Town "}}],"salary":{"type":"YEARLY","currency":"ZAR"},"id":943000,"idDocuments":[{"type":"NATIONALID","value":"xxx"}],"residentialStatus":"WITH_PARENTS"}},"schemaVersion":"CS-1"}