{"uuid":"ab5a2fe6-f2c9-42a2-91eb-e20f2ca8e789","marketId":"ZA","accountId":938200,"deletedTimestamp":null,"createdTimestamp":1545294712023,"updatedTimestamp":1545294955847,"account":{"legacy":{"prospectId":1179543,"userStatus":"ACTIVE","accountStatus":"ACTIVE","idvStatus":"PASS","idvStatusTimestamp":1545294909562,"prospect":{"emailVerified":false,"email":"xxx","rowVersion":0,"id":1179543,"anonymousId":"K7AdT55tkSUY1XaKSTyhxqUCjLAvaOdJSgzB6Kgj"},"fraudStatus":{"kbaAttempts":1,"iOvationFraudResult":"ACCEPT","bavAttempts":0,"emailageFraudResult":"ACCEPT","defaultFraudRisk":false,"idvAttempts":1,"iOvationTrackingNumber":"394119387270605879","fraudRisk":"FRAUD_RISK_1","kbaPassed":false,"bavPassed":false,"docVerificationPassed":false},"blob":"{\"ftw\":{\"active\":true,\"newUser\":true},\"scoreBand\":1}"},"phones":[{"type":"OTHER","number":"xxx","countryCode":"26","verified":false}],"preferences":{"mktgResearchInfo":true,"mktgTips":true,"mktgNewsFeatures":true,"mktgCoachingEmails":false,"mktgRtcEmails":false,"mktgProducts":false},"idvPassed":true,"tncHistory":[{"acceptedVersion":3,"acceptedTimestamp":1545294711995}],"emails":[{"address":"xxx","verified":false}],"user":{"name":{"lastName":"xxx","firstName":"xxx","format":"TFML"},"bankName":"FIRST_NATIONAL_BANK","dateOfBirth":"1991-02","addressHistory":[{"country":"ZA","structured":{"format":"ZA","postcode":"0122","buildingName":"xxx","county":"mamelodi","street":"xxx","town":"pretoria"}}],"employmentStatus":"FT_EMPLOYED","salary":{"amount":8000,"type":"MONTHLY","currency":"ZAR"},"id":938200,"idDocuments":[{"type":"NATIONALID","value":"xxx"}],"residentialStatus":"WITH_PARENTS"}},"schemaVersion":"CS-1"}