{"uuid":"b7890398-0a94-489d-b3db-3f9fb0b205e1","marketId":"ZA","accountId":350700,"deletedTimestamp":null,"createdTimestamp":1521037943884,"updatedTimestamp":1537437868708,"account":{"legacy":{"prospectId":429729,"userStatus":"ACTIVE","accountStatus":"ACTIVE","idvStatus":"PASS","idvStatusTimestamp":1514904198573,"prospect":{"emailVerified":false,"email":"xxx","rowVersion":0,"id":429729,"anonymousId":"XNII5EkqzZGvjyixZfBJ9DmZarvHZQuh7eKmVelW"},"fraudStatus":{"kbaAttempts":1,"iOvationFraudResult":"REVIEW","bavAttempts":0,"emailageFraudResult":"REVIEW","defaultFraudRisk":false,"idvAttempts":0,"iOvationTrackingNumber":"113274105721020742","fraudRisk":"FRAUD_RISK_2","kbaPassed":false,"bavPassed":false,"docVerificationPassed":false},"blob":"{\"ftw\":{\"active\":true,\"newUser\":true},\"scoreBand\":1,\"tests\":[]}"},"phones":[{"type":"OTHER","number":"xxx","countryCode":"26","verified":false}],"preferences":{"mktgResearchInfo":true,"mktgTips":true,"mktgNewsFeatures":true,"mktgCoachingEmails":false,"mktgRtcEmails":false,"mktgProducts":false},"idvPassed":true,"tncHistory":[{"acceptedVersion":3,"acceptedTimestamp":1514903999703}],"emails":[{"address":"xxx","verified":false}],"user":{"name":{"lastName":"xxx","firstName":"xxx","format":"TFML"},"bankName":"CAPITEC","dateOfBirth":"1991-08","addressHistory":[{"country":"ZA","structured":{"format":"ZA","postcode":"3610","buildingName":"xxx","county":"inanda","street":"xxx","town":"durban"}}],"employmentStatus":"PT_EMPLOYED","salary":{"amount":16000,"type":"MONTHLY","currency":"ZAR"},"id":350700,"idDocuments":[{"type":"NATIONALID","value":"xxx"}],"residentialStatus":"PRIVATE_TENANT"}},"schemaVersion":"CS-1"}