{"uuid":"c989b2d7-56e2-4a8b-ad88-521885e4b6c8","marketId":"ZA","accountId":769000,"deletedTimestamp":null,"createdTimestamp":1533570607409,"updatedTimestamp":1542790813347,"account":{"legacy":{"prospectId":962408,"userStatus":"ACTIVE","accountStatus":"ACTIVE","idvStatus":"PASS","idvStatusTimestamp":1533571041465,"prospect":{"emailVerified":false,"email":"xxx","rowVersion":0,"id":962408,"anonymousId":"MKffr5T96XXS3b1TbJ9OlsXFOBNRz6SGaWL2vWxc"},"fraudStatus":{"kbaAttempts":1,"iOvationFraudResult":"ACCEPT","bavAttempts":0,"emailageFraudResult":"ACCEPT","defaultFraudRisk":false,"idvAttempts":0,"iOvationTrackingNumber":"290427984731588541","fraudRisk":"FRAUD_RISK_1","kbaPassed":false,"bavPassed":false,"docVerificationPassed":false},"blob":"{\"ftw\":{\"active\":true,\"newUser\":false},\"tests\":[],\"scoreBand\":1}"},"phones":[{"type":"OTHER","number":"xxx","countryCode":"26","verified":false}],"preferences":{"mktgResearchInfo":true,"mktgTips":true,"mktgNewsFeatures":true,"mktgCoachingEmails":false,"mktgRtcEmails":false,"mktgProducts":false},"idvPassed":true,"tncHistory":[{"acceptedVersion":3,"acceptedTimestamp":1533570607387}],"emails":[{"address":"xxx","verified":false}],"user":{"name":{"lastName":"xxx","firstName":"xxx","format":"TFML"},"bankName":"ABSA","dateOfBirth":"1995-08","addressHistory":[{"country":"ZA","structured":{"format":"ZA","postcode":"0135","buildingName":"xxx","county":"Waverly","street":"xxx","town":"Pretoria "}}],"employmentStatus":"FT_EMPLOYED","salary":{"amount":245004,"type":"MONTHLY","currency":"ZAR"},"id":769000,"idDocuments":[{"type":"NATIONALID","value":"xxx"}],"residentialStatus":"PRIVATE_TENANT"}},"schemaVersion":"CS-1"}