{"uuid":"cc005e8d-00cd-45c8-8a48-5fd5913341b4","marketId":"ZA","accountId":646100,"deletedTimestamp":null,"createdTimestamp":1527079661732,"updatedTimestamp":1527079851842,"account":{"legacy":{"prospectId":808352,"idvReason":"FAIL2","userStatus":"ACTIVE","accountStatus":"ACTIVE","idvStatus":"WAIT_72_HOURS","idvStatusTimestamp":1527079851831,"prospect":{"id":808352,"anonymousId":"JwlNWOgSGJwVzbYbFnOvtQ5VU2TEgsoqYh7x6DoF","email":"xxx","emailVerified":false},"fraudStatus":{"kbaAttempts":1,"iOvationFraudResult":"ACCEPT","bavAttempts":0,"emailageFraudResult":"DENY","defaultFraudRisk":false,"idvAttempts":1,"iOvationTrackingNumber":"602551425332708046","fraudRisk":"FRAUD_RISK_3","kbaPassed":false,"bavPassed":false,"docVerificationPassed":false}},"phones":[{"type":"OTHER","number":"xxx","countryCode":"26","verified":false}],"preferences":{"mktgResearchInfo":true,"mktgTips":true,"mktgNewsFeatures":true,"mktgCoachingEmails":false,"mktgRtcEmails":false},"idvPassed":false,"tncHistory":[{"acceptedVersion":3,"acceptedTimestamp":1527079661718}],"emails":[{"address":"xxx","verified":false}],"user":{"name":{"lastName":"xxx","firstName":"xxx","format":"TFML"},"bankName":"CAPITEC","dateOfBirth":"1983-09","addressHistory":[{"country":"ZA","structured":{"format":"ZA","postcode":"2940","buildingName":"xxx","county":"paradise ","street":"xxx","town":"newcastle"}}],"employmentStatus":"FT_EMPLOYED","salary":{"amount":12000,"type":"MONTHLY","currency":"ZAR"},"id":646100,"idDocuments":[{"type":"NATIONALID","value":"xxx"}],"residentialStatus":"PRIVATE_TENANT"}},"schemaVersion":"CS-1"}