{"uuid":"e272d78d-4964-4157-b9f3-95f11796c77e","marketId":"ZA","accountId":736500,"deletedTimestamp":null,"createdTimestamp":1531255848666,"updatedTimestamp":1531256264863,"account":{"legacy":{"prospectId":920885,"userStatus":"ACTIVE","accountStatus":"ACTIVE","idvStatus":"PASS","idvStatusTimestamp":1531256258119,"prospect":{"emailVerified":false,"email":"xxx","rowVersion":0,"id":920885,"anonymousId":"bQZTAWRotRt76h9ZLAx9VAA9VDcTeCYpjk3LHes6"},"fraudStatus":{"kbaAttempts":1,"iOvationFraudResult":"ACCEPT","bavAttempts":0,"emailageFraudResult":"ACCEPT","defaultFraudRisk":false,"idvAttempts":1,"iOvationTrackingNumber":"419228496522190322","fraudRisk":"FRAUD_RISK_1","kbaPassed":false,"bavPassed":false,"docVerificationPassed":false},"blob":"{\"ftw\":{\"active\":true,\"newUser\":true},\"tests\":[],\"scoreBand\":4}"},"phones":[{"type":"OTHER","number":"xxx","countryCode":"26","verified":false}],"preferences":{"mktgResearchInfo":true,"mktgTips":true,"mktgNewsFeatures":true,"mktgCoachingEmails":false,"mktgRtcEmails":false,"mktgProducts":false},"idvPassed":true,"tncHistory":[{"acceptedVersion":3,"acceptedTimestamp":1531255848647}],"emails":[{"address":"xxx","verified":false}],"user":{"name":{"lastName":"xxx","firstName":"xxx","format":"TFML"},"bankName":"STANDARD_BANK","dateOfBirth":"1988-09","addressHistory":[{"country":"ZA","structured":{"format":"ZA","postcode":"1034","buildingName":"xxx","county":"Duvha Park Ext2","street":"xxx","town":"Witbank"}}],"employmentStatus":"FT_EMPLOYED","salary":{"amount":26000,"type":"MONTHLY","currency":"ZAR"},"id":736500,"idDocuments":[{"type":"NATIONALID","value":"xxx"}],"residentialStatus":"HOMEOWNER"}},"schemaVersion":"CS-1"}