{"account-id":"381700","client-ref":"0032175555-1535597836","bureau-id":"EX","pulled-timestamp":"2018-08-30T02:57:16","report-id":"41381155","report":{"Addresses":{"Address":[{"ReportDate":"20160731","Relation":"Primary Address","City":"","ZipCode":"7785","CityArea":""},{"ReportDate":"20160731","Relation":"Primary Address","City":"","ZipCode":"7785","CityArea":""},{"ReportDate":"20110817","Relation":"Primary Address","City":"","ZipCode":"7785","CityArea":""},{"ReportDate":"20110808","Relation":"Primary Address","City":"MITCHELLS","ZipCode":"7785","CityArea":"PHILIPPI"},{"ReportDate":"20110808","Relation":"Primary Address","City":"","ZipCode":"7785","CityArea":""},{"ReportDate":"20110607","Relation":"Primary Address","City":"","ZipCode":"7785","CityArea":""},{"ReportDate":"20110607","Relation":"","City":"","ZipCode":"7785","CityArea":"MITCHELLS PLAIN"},{"ReportDate":"20090531","Relation":"Primary Address","City":"","ZipCode":"7784","CityArea":"PHILLIPI"},{"ReportDate":"20080827","Relation":"Primary Address","City":"7785","ZipCode":"0000","CityArea":""},{"ReportDate":"20040515","Relation":"Primary Address","City":"","ZipCode":"0778","CityArea":""},{"ReportDate":"20040515","Relation":"Primary Address","City":"","ZipCode":"0778","CityArea":""},{"ReportDate":"20040430","Relation":"Primary Address","City":"","ZipCode":"7785","CityArea":"TAFELSIG"}]},"SubscriberInfo":{"LastUpdateDate":"","ParentSubscriber":"","BusinessType":"0","Phone":"","SAFPSMemberRegNbr":"","LegalName":""},"Detect":{"DisputeIndicator":"N","IDverification":{"SurnameVerified":"Yes","InitialsVerified":"One initial matched","IDverified":"Yes"},"DebtRestructure":{"code":"DRS"}},"Judgements":{"Judgement":[{"Reason":"ML","JudgementDate":"20140416","JudgementAmount":"23147","PublicDataCatCodeDesc":"Judgement","CourtName":"MITHCELL","CourtID":"233","TypeOfCourt":"2","Plaintiff":"NEDBANK LIMITED","CaseNumber":"23/2014","PublicDataCatCode":"100"}]},"Session":{"Environment":"PRODUCTION","User_ID":"CLEAROFFPK","RequestType":"XML2","Version":"1.0.0","GroupName":"014228","Group_ID":"014228","Subscriber_ID":"014228","FullName":"CLEAROFFPK"},"Employers":{"Employer":[{"Employer_Address":"SALARIED EMPLOYEE","Occupation":"SALARIED EMPLOYEE   00","Date_Supplied":"00000000"},{"Employer_Address":"MACHINE OPERATOR","Occupation":"MACHINE OPERATOR    00","Date_Supplied":"00000000"},{"Employer_Address":"GABRIELWORKFORCE","Occupation":"GABRIELWORKFORCE    00","Date_Supplied":"00000000"},{"Employer_Address":"WORKER","Occupation":"WORKER              00","Date_Supplied":"00000000"},{"Employer_Address":"VIROCLEAN","Occupation":"VIROCLEAN           00","Date_Supplied":"00000000"},{"Employer_Address":"VIRO CLEAN","Occupation":"VIRO CLEAN          00","Date_Supplied":"00000000"},{"Employer_Address":"GABRIEL WORKFORCE","Occupation":"GABRIEL WORKFORCE   00","Date_Supplied":"00000000"}]},"ScoreBlock":{"Delphi":[{"ScoreName":"Delphi New Business G4.1 Banki ","Scorecard_Identifier":"000","RequestID":"17","Score":"0","ReasonCode":"1003                "}]},"Accounts":{"CPA":{"Other":[{"EndUseCode":"O","Repayment_Frequency_Code":"03","Installment":"79","Ownership_Type_Code":"00","History_of_most_recent_12_months":"??0000000000","No_of_Participants_Joint_Loan":"  0","PaymentStatus":"00","CreditLimit":"0","RepaymentPeriod":"0000","Ownership_Type_Description":"Other","Subscriber":"THE UNLIMITED","StatusDate":"00000000","LastPayment":"79","OverdueAmount":"0","CurrentBalance":"79","Subscriber_Code":"999999","Account_Sold_Third_Party_Indicator":" 0","Payment_Type_Description":"Other","OpenBalance":"0","Repayment_Frequency_Desc":"Monthly","AccountType":{"value":"Short term insurance","code":"S "},"Third_Party_Name":"","Worst_history_in_the_last_12_months":"0","BalanceDate":"20180630","Worst_Payment_History":"0","PaymentCycle":{"Payment":[{"StatusDate":"20180801","Months":"??","Status":{"value":"No data","code":"??"}},{"StatusDate":"20180701","Months":"??","Status":{"value":"No data","code":"??"}},{"StatusDate":"20180601","Months":"00","Status":{"value":"Open or current","code":"  "}},{"StatusDate":"20180501","Months":"00","Status":{"value":"Open or current","code":"  "}},{"StatusDate":"20180401","Months":"00","Status":{"value":"Open or current","code":"  "}},{"StatusDate":"20180301","Months":"00","Status":{"value":"Open or current","code":"  "}},{"StatusDate":"20180201","Months":"00","Status":{"value":"Open or current","code":"  "}},{"StatusDate":"20180101","Months":"00","Status":{"value":"Open or current","code":"  "}},{"StatusDate":"20171201","Months":"00","Status":{"value":"Open or current","code":"  "}},{"StatusDate":"20171101","Months":"00","Status":{"value":"Open or current","code":"  "}},{"StatusDate":"20171001","Months":"00","Status":{"value":"Open or current","code":"  "}},{"StatusDate":"20170901","Months":"00","Status":{"value":"Open or current","code":"  "}},{"StatusDate":"20170801","Months":"00","Status":{"value":"Open or current","code":"  "}},{"StatusDate":"20170701","Months":"00","Status":{"value":"Open or current","code":"  "}},{"StatusDate":"20170601","Months":"00","Status":{"value":"Open or current","code":"  "}},{"StatusDate":"20170501","Months":"00","Status":{"value":"Open or current","code":"  "}},{"StatusDate":"20170401","Months":"00","Status":{"value":"Open or current","code":"  "}},{"StatusDate":"20170301","Months":"00","Status":{"value":"Open or current","code":"  "}},{"StatusDate":"20170201","Months":"00","Status":{"value":"Open or current","code":"  "}},{"StatusDate":"20170101","Months":"00","Status":{"value":"Open or current","code":"  "}},{"StatusDate":"20161201","Months":"00","Status":{"value":"Open or current","code":"  "}},{"StatusDate":"20161101","Months":"00","Status":{"value":"Open or current","code":"  "}},{"StatusDate":"20161001","Months":"00","Status":{"value":"Open or current","code":"  "}},{"StatusDate":"20160901","Months":"00","Status":{"value":"Open or current","code":"  "}},{"StatusDate":"20160801","Months":"00","Status":{"value":"Open or current","code":"  "}},{"StatusDate":"20160701","Months":"00","Status":{"value":"Open or current","code":"  "}}]},"AccountNo":"15b30e6fb5b4fe5fe3561f00f18b5bec06296377e37ccbf3c446b98a904c00a3","Industry_Code":"","Deferred_Payment_Date":"00000000","OpenDate":"20160604","LastPaymentDate":"20180625","Payment_Type_Code":"00","Status":{"value":"Open or current","code":" "}},{"EndUseCode":"O","Repayment_Frequency_Code":"03","Installment":"770","Ownership_Type_Code":"00","History_of_most_recent_12_months":"????????????","No_of_Participants_Joint_Loan":"  0","PaymentStatus":"09","CreditLimit":"20140","RepaymentPeriod":"0048","Ownership_Type_Description":"Other","Subscriber":"NEDBANK PERSONAL LOANS","StatusDate":"20130214","LastPayment":"927","OverdueAmount":"22411","CurrentBalance":"22411","Subscriber_Code":"999999","Account_Sold_Third_Party_Indicator":" 0","Payment_Type_Description":"Other","OpenBalance":"20140","Repayment_Frequency_Desc":"Monthly","AccountType":{"value":"Personal cash loan","code":"P "},"Third_Party_Name":"","Worst_history_in_the_last_12_months":"","BalanceDate":"20150930","Worst_Payment_History":"9","PaymentCycle":{"Payment":[{"StatusDate":"20180801","Months":"??","Status":{"value":"No data","code":"??"}},{"StatusDate":"20180701","Months":"??","Status":{"value":"No data","code":"??"}},{"StatusDate":"20180601","Months":"??","Status":{"value":"No data","code":"??"}},{"StatusDate":"20180501","Months":"??","Status":{"value":"No data","code":"??"}},{"StatusDate":"20180401","Months":"??","Status":{"value":"No data","code":"??"}},{"StatusDate":"20180301","Months":"??","Status":{"value":"No data","code":"??"}},{"StatusDate":"20180201","Months":"??","Status":{"value":"No data","code":"??"}},{"StatusDate":"20180101","Months":"??","Status":{"value":"No data","code":"??"}},{"StatusDate":"20171201","Months":"??","Status":{"value":"No data","code":"??"}},{"StatusDate":"20171101","Months":"??","Status":{"value":"No data","code":"??"}},{"StatusDate":"20171001","Months":"??","Status":{"value":"No data","code":"??"}},{"StatusDate":"20170901","Months":"??","Status":{"value":"No data","code":"??"}},{"StatusDate":"20170801","Months":"??","Status":{"value":"No data","code":"??"}},{"StatusDate":"20170701","Months":"??","Status":{"value":"No data","code":"??"}},{"StatusDate":"20170601","Months":"??","Status":{"value":"No data","code":"??"}},{"StatusDate":"20170501","Months":"??","Status":{"value":"No data","code":"??"}},{"StatusDate":"20170401","Months":"??","Status":{"value":"No data","code":"??"}},{"StatusDate":"20170301","Months":"??","Status":{"value":"No data","code":"??"}},{"StatusDate":"20170201","Months":"??","Status":{"value":"No data","code":"??"}},{"StatusDate":"20170101","Months":"??","Status":{"value":"No data","code":"??"}},{"StatusDate":"20161201","Months":"??","Status":{"value":"No data","code":"??"}},{"StatusDate":"20161101","Months":"??","Status":{"value":"No data","code":"??"}},{"StatusDate":"20161001","Months":"??","Status":{"value":"No data","code":"??"}},{"StatusDate":"20160901","Months":"??","Status":{"value":"No data","code":"??"}},{"StatusDate":"20160801","Months":"??","Status":{"value":"No data","code":"??"}},{"StatusDate":"20160701","Months":"??","Status":{"value":"No data","code":"??"}},{"StatusDate":"20160601","Months":"??","Status":{"value":"No data","code":"??"}},{"StatusDate":"20160501","Months":"??","Status":{"value":"No data","code":"??"}},{"StatusDate":"20160401","Months":"??","Status":{"value":"No data","code":"??"}},{"StatusDate":"20160301","Months":"??","Status":{"value":"No data","code":"??"}},{"StatusDate":"20160201","Months":"??","Status":{"value":"No data","code":"??"}},{"StatusDate":"20160101","Months":"??","Status":{"value":"No data","code":"??"}},{"StatusDate":"20151201","Months":"??","Status":{"value":"No data","code":"??"}},{"StatusDate":"20151101","Months":"??","Status":{"value":"No data","code":"??"}},{"StatusDate":"20151001","Months":"??","Status":{"value":"No data","code":"??"}},{"StatusDate":"20150901","Months":"09","Status":{"value":"Open or current","code":"  "}}]},"AccountNo":"a751524506bfab5240923f99f2687564a0b519d927099fe37ab923ab7ed4e553","Industry_Code":"","Deferred_Payment_Date":"00000000","OpenDate":"20120502","LastPaymentDate":"20121025","Payment_Type_Code":"00","Status":{"value":"Open or current","code":" "}},{"EndUseCode":"O","Repayment_Frequency_Code":"03","Installment":"0","Ownership_Type_Code":"00","History_of_most_recent_12_months":"????????????","No_of_Participants_Joint_Loan":"  1","PaymentStatus":"00","CreditLimit":"0","RepaymentPeriod":"0000","Ownership_Type_Description":"Other","Subscriber":"MTN SERVICE PROVIDER","StatusDate":"20150204","LastPayment":"999999999","OverdueAmount":"0","CurrentBalance":"0","Subscriber_Code":"130600","Account_Sold_Third_Party_Indicator":" 0","Payment_Type_Description":"Other","OpenBalance":"0","Repayment_Frequency_Desc":"Monthly","AccountType":{"value":"Service related without limit","code":"F "},"Third_Party_Name":"","Worst_history_in_the_last_12_months":"","BalanceDate":"20160531","Worst_Payment_History":"0","PaymentCycle":{"Payment":[{"StatusDate":"20180801","Months":"??","Status":{"value":"No data","code":"??"}},{"StatusDate":"20180701","Months":"??","Status":{"value":"No data","code":"??"}},{"StatusDate":"20180601","Months":"??","Status":{"value":"No data","code":"??"}},{"StatusDate":"20180501","Months":"??","Status":{"value":"No data","code":"??"}},{"StatusDate":"20180401","Months":"??","Status":{"value":"No data","code":"??"}},{"StatusDate":"20180301","Months":"??","Status":{"value":"No data","code":"??"}},{"StatusDate":"20180201","Months":"??","Status":{"value":"No data","code":"??"}},{"StatusDate":"20180101","Months":"??","Status":{"value":"No data","code":"??"}},{"StatusDate":"20171201","Months":"??","Status":{"value":"No data","code":"??"}},{"StatusDate":"20171101","Months":"??","Status":{"value":"No data","code":"??"}},{"StatusDate":"20171001","Months":"??","Status":{"value":"No data","code":"??"}},{"StatusDate":"20170901","Months":"??","Status":{"value":"No data","code":"??"}},{"StatusDate":"20170801","Months":"??","Status":{"value":"No data","code":"??"}},{"StatusDate":"20170701","Months":"??","Status":{"value":"No data","code":"??"}},{"StatusDate":"20170601","Months":"??","Status":{"value":"No data","code":"??"}},{"StatusDate":"20170501","Months":"??","Status":{"value":"No data","code":"??"}},{"StatusDate":"20170401","Months":"??","Status":{"value":"No data","code":"??"}},{"StatusDate":"20170301","Months":"??","Status":{"value":"No data","code":"??"}},{"StatusDate":"20170201","Months":"??","Status":{"value":"No data","code":"??"}},{"StatusDate":"20170101","Months":"??","Status":{"value":"No data","code":"??"}},{"StatusDate":"20161201","Months":"??","Status":{"value":"No data","code":"??"}},{"StatusDate":"20161101","Months":"??","Status":{"value":"No data","code":"??"}},{"StatusDate":"20161001","Months":"??","Status":{"value":"No data","code":"??"}},{"StatusDate":"20160901","Months":"??","Status":{"value":"No data","code":"??"}},{"StatusDate":"20160801","Months":"??","Status":{"value":"No data","code":"??"}},{"StatusDate":"20160701","Months":"??","Status":{"value":"No data","code":"??"}},{"StatusDate":"20160601","Months":"??","Status":{"value":"No data","code":"??"}},{"StatusDate":"20160501","Months":"00","Status":{"value":"Paid up","code":"P "}},{"StatusDate":"20160401","Months":"00","Status":{"value":"Paid up","code":"P "}},{"StatusDate":"20160301","Months":"00","Status":{"value":"Paid up","code":"P "}},{"StatusDate":"20160201","Months":"00","Status":{"value":"Paid up","code":"P "}},{"StatusDate":"20160101","Months":"??","Status":{"value":"Paid up","code":"P "}},{"StatusDate":"20151201","Months":"??","Status":{"value":"Paid up","code":"P "}},{"StatusDate":"20151101","Months":"??","Status":{"value":"Paid up","code":"P "}},{"StatusDate":"20151001","Months":"??","Status":{"value":"Paid up","code":"P "}},{"StatusDate":"20150901","Months":"??","Status":{"value":"Paid up","code":"P "}}]},"AccountNo":"e601c0109a77ceee6d4500fb2b7c65c396b23516a5e7adeb639745fd2a46eded","Industry_Code":"","Deferred_Payment_Date":"00000000","OpenDate":"20120322","LastPaymentDate":"20120531","Payment_Type_Code":"00","Status":{"value":"Paid up","code":"P"}},{"EndUseCode":"O","Repayment_Frequency_Code":"03","Installment":"220","Ownership_Type_Code":"00","History_of_most_recent_12_months":"????????????","No_of_Participants_Joint_Loan":"  0","PaymentStatus":"09","CreditLimit":"2218","RepaymentPeriod":"0012","Ownership_Type_Description":"Other","Subscriber":"DMC1","StatusDate":"20160519","LastPayment":"220","OverdueAmount":"2247","CurrentBalance":"2247","Subscriber_Code":"210040","Account_Sold_Third_Party_Indicator":" 0","Payment_Type_Description":"Other","OpenBalance":"2218","Repayment_Frequency_Desc":"Monthly","AccountType":{"value":"Debt recovery account","code":"D "},"Third_Party_Name":"","Worst_history_in_the_last_12_months":"","BalanceDate":"20170731","Worst_Payment_History":"9","PaymentCycle":{"Payment":[{"StatusDate":"20180801","Months":"??","Status":{"value":"No data","code":"??"}},{"StatusDate":"20180701","Months":"??","Status":{"value":"No data","code":"??"}},{"StatusDate":"20180601","Months":"??","Status":{"value":"No data","code":"??"}},{"StatusDate":"20180501","Months":"??","Status":{"value":"No data","code":"??"}},{"StatusDate":"20180401","Months":"??","Status":{"value":"No data","code":"??"}},{"StatusDate":"20180301","Months":"??","Status":{"value":"No data","code":"??"}},{"StatusDate":"20180201","Months":"??","Status":{"value":"No data","code":"??"}},{"StatusDate":"20180101","Months":"??","Status":{"value":"No data","code":"??"}},{"StatusDate":"20171201","Months":"??","Status":{"value":"No data","code":"??"}},{"StatusDate":"20171101","Months":"??","Status":{"value":"No data","code":"??"}},{"StatusDate":"20171001","Months":"??","Status":{"value":"No data","code":"??"}},{"StatusDate":"20170901","Months":"??","Status":{"value":"No data","code":"??"}},{"StatusDate":"20170801","Months":"??","Status":{"value":"No data","code":"??"}},{"StatusDate":"20170701","Months":"09","Status":{"value":"Open or current","code":"  "}},{"StatusDate":"20170601","Months":"09","Status":{"value":"Open or current","code":"  "}},{"StatusDate":"20170501","Months":"09","Status":{"value":"Open or current","code":"  "}},{"StatusDate":"20170401","Months":"09","Status":{"value":"Open or current","code":"  "}},{"StatusDate":"20170301","Months":"09","Status":{"value":"Open or current","code":"  "}},{"StatusDate":"20170201","Months":"09","Status":{"value":"Open or current","code":"  "}},{"StatusDate":"20170101","Months":"09","Status":{"value":"Open or current","code":"  "}},{"StatusDate":"20161201","Months":"08","Status":{"value":"Open or current","code":"  "}},{"StatusDate":"20161101","Months":"08","Status":{"value":"Open or current","code":"  "}},{"StatusDate":"20161001","Months":"08","Status":{"value":"Open or current","code":"  "}},{"StatusDate":"20160901","Months":"08","Status":{"value":"Open or current","code":"  "}},{"StatusDate":"20160801","Months":"08","Status":{"value":"Open or current","code":"  "}},{"StatusDate":"20160701","Months":"06","Status":{"value":"Open or current","code":"  "}},{"StatusDate":"20160601","Months":"06","Status":{"value":"Open or current","code":"  "}},{"StatusDate":"20160501","Months":"06","Status":{"value":"Open or current","code":"  "}},{"StatusDate":"20160401","Months":"06","Status":{"value":"Open or current","code":"  "}},{"StatusDate":"20160301","Months":"06","Status":{"value":"Open or current","code":"  "}},{"StatusDate":"20160201","Months":"??","Status":{"value":"Open or current","code":"  "}},{"StatusDate":"20160101","Months":"??","Status":{"value":"Open or current","code":"  "}},{"StatusDate":"20151201","Months":"??","Status":{"value":"Open or current","code":"  "}},{"StatusDate":"20151101","Months":"??","Status":{"value":"Open or current","code":"  "}},{"StatusDate":"20151001","Months":"??","Status":{"value":"Open or current","code":"  "}},{"StatusDate":"20150901","Months":"??","Status":{"value":"Open or current","code":"  "}}]},"AccountNo":"a8360e94f175f1489506a9e3096a8ffc29ac3129d07c13da807d3e8e204c5e26","Industry_Code":"C","Deferred_Payment_Date":"00000000","OpenDate":"20110909","LastPaymentDate":"20140807","Payment_Type_Code":"00","Status":{"value":"Open or current","code":" "}}]},"NLR":{"Other":[{"EndUseCode":"O","InterestRateType":"P","Repayment_Frequency_Code":"03","Installment":"654","Ownership_Type_Code":"00","History_of_most_recent_12_months":"????????????","No_of_Participants_Joint_Loan":"  0","PaymentStatus":"09","CreditLimit":"8000","RepaymentPeriod":"0024","Ownership_Type_Description":"Other","Subscriber":"AFRICAN BANK","StatusDate":"20130831","LastPayment":"654","Charges":"000000000","OverdueAmount":"15333","CurrentBalance":"15333","Subscriber_Code":"10315","Account_Sold_Third_Party_Indicator":" 0","Payment_Type_Description":"Other","OpenBalance":"8000","SettlementDate":"00/00/0000","Repayment_Frequency_Desc":"Monthly","LoanType":"2","Last_Update_Date":"20150930","AccountType":{"value":"Other","code":"1 "},"Third_Party_Name":"","Principal_Debt":"000000000","Worst_history_in_the_last_12_months":"","BalanceDate":"20150930","Worst_Payment_History":"9","PaymentCycle":{"Payment":[{"StatusDate":"20180801","Months":"??","Status":{"value":"No data","code":"??"}},{"StatusDate":"20180701","Months":"??","Status":{"value":"No data","code":"??"}},{"StatusDate":"20180601","Months":"??","Status":{"value":"No data","code":"??"}},{"StatusDate":"20180501","Months":"??","Status":{"value":"No data","code":"??"}},{"StatusDate":"20180401","Months":"??","Status":{"value":"No data","code":"??"}},{"StatusDate":"20180301","Months":"??","Status":{"value":"No data","code":"??"}},{"StatusDate":"20180201","Months":"??","Status":{"value":"No data","code":"??"}},{"StatusDate":"20180101","Months":"??","Status":{"value":"No data","code":"??"}},{"StatusDate":"20171201","Months":"??","Status":{"value":"No data","code":"??"}},{"StatusDate":"20171101","Months":"??","Status":{"value":"No data","code":"??"}},{"StatusDate":"20171001","Months":"??","Status":{"value":"No data","code":"??"}},{"StatusDate":"20170901","Months":"??","Status":{"value":"No data","code":"??"}},{"StatusDate":"20170801","Months":"??","Status":{"value":"No data","code":"??"}},{"StatusDate":"20170701","Months":"??","Status":{"value":"No data","code":"??"}},{"StatusDate":"20170601","Months":"??","Status":{"value":"No data","code":"??"}},{"StatusDate":"20170501","Months":"??","Status":{"value":"No data","code":"??"}},{"StatusDate":"20170401","Months":"??","Status":{"value":"No data","code":"??"}},{"StatusDate":"20170301","Months":"??","Status":{"value":"No data","code":"??"}},{"StatusDate":"20170201","Months":"??","Status":{"value":"No data","code":"??"}},{"StatusDate":"20170101","Months":"??","Status":{"value":"No data","code":"??"}},{"StatusDate":"20161201","Months":"??","Status":{"value":"No data","code":"??"}},{"StatusDate":"20161101","Months":"??","Status":{"value":"No data","code":"??"}},{"StatusDate":"20161001","Months":"??","Status":{"value":"No data","code":"??"}},{"StatusDate":"20160901","Months":"??","Status":{"value":"No data","code":"??"}},{"StatusDate":"20160801","Months":"??","Status":{"value":"No data","code":"??"}},{"StatusDate":"20160701","Months":"??","Status":{"value":"No data","code":"??"}},{"StatusDate":"20160601","Months":"??","Status":{"value":"No data","code":"??"}},{"StatusDate":"20160501","Months":"??","Status":{"value":"No data","code":"??"}},{"StatusDate":"20160401","Months":"??","Status":{"value":"No data","code":"??"}},{"StatusDate":"20160301","Months":"??","Status":{"value":"No data","code":"??"}},{"StatusDate":"20160201","Months":"??","Status":{"value":"No data","code":"??"}},{"StatusDate":"20160101","Months":"??","Status":{"value":"No data","code":"??"}},{"StatusDate":"20151201","Months":"??","Status":{"value":"No data","code":"??"}},{"StatusDate":"20151101","Months":"??","Status":{"value":"No data","code":"??"}},{"StatusDate":"20151001","Months":"??","Status":{"value":"No data","code":"??"}},{"StatusDate":"20150901","Months":"09","Status":{"value":"Open or current","code":"  "}}]},"Interest_Amount":"000000000","AccountNo":"23ffd4dc816847cbb6f5eed78829f7591cd37c85b9daa743200bebd50a65ba42","Industry_Code":"","Deferred_Payment_Date":"00000000","Ref_Number":"","OpenDate":"20120920","LastPaymentDate":"20121025","Payment_Type_Code":"00","Status":{"value":"Open or current","code":" "}}]}},"Enquiry":{"CPA":{"Other":[{"EnquiryDate":"20170904","SubscriberName":"MYCREDITSTATUS","Subscriber_Operator":"CHRSPROD","SubscriberTel":""}]}},"ReturnData":{"ExecTime":"1.11","Title":"MR","Address":{"ReportDate":"20160731","Relation":"Primary Address","City":"","ZipCode":"7785","CityArea":""},"Date":"2018-08-30","Match":"1","Birthday":"198205","SessionID":"DXTIKEE4YGZN","Time":"05:03"},"InputData":{"Consumer":"","RSA_ID":"Yes","Birthday":"198205"},"Summary":{"Enquiries":{"CPA":{"Other":{"Number_of_Other_Enquiries_in_the_Last_4_years":"1","Number_of_Other_Enquiries_in_the_Last_2_years":"1","Months_Since_Oldest_Other_Enquiry":"12","Number_of_Other_Enquiries_in_the_Last_7_days":"0","Months_Since_Recent_Other_Enquiry":"12","Number_of_Other_Enquiries_in_the_Last_year":"1","Number_of_Other_Enquiries_in_the_Last_90_days":"0","Days_Since_Recent_Other_Enquiry":"360","Total_Number_of_Other_Enquiries_Ever":"1","Number_of_Other_Enquiries_in_the_Last_3_years":"1","Number_of_Other_Enquiries_in_the_Last_5_years":"1","Number_of_Other_Enquiries_in_the_Last_180_days":"0","Number_of_Other_Enquiries_in_the_Last_30_days":"0"},"Communication":{"Number_of_Comms_Enquiries_in_the_Last_180_days":"0","Months_Since_Recent_Comms_Enquiry":"","Number_of_Comms_Enquiries_in_the_Last_year":"0","Days_Since_Recent_Comms_Enquiry":"","Number_of_Comms_Enquiries_in_the_Last_30_days":"0","Number_of_Comms_Enquiries_in_the_Last_2_years":"0","Total_Number_of_Comms_Enquiries_Ever":"0","Months_Since_Oldest_Comms_Enquiry":"","Number_of_Comms_Enquiries_in_the_Last_4_years":"0","Number_of_Comms_Enquiries_in_the_Last_3_years":"0","Number_of_Comms_Enquiries_in_the_Last_90_days":"0","Number_of_Comms_Enquiries_in_the_Last_7_days":"0","Number_of_Comms_Enquiries_in_the_Last_5_years":"0"},"Retail":{"Number_of_Retail_Enquiries_in_the_Last_2_years":"1","Number_of_Retail_Enquiries_in_the_Last_4_years":"1","Number_of_Retail_Enquiries_in_the_Last_90_days":"0","Days_Since_Recent_Retail_Enquiry":"360","Total_Number_of_Retail_Enquiries_Ever":"1","Months_Since_Recent_Retail_Enquiry":"12","Months_Since_Oldest_Retail_Enquiry":"12","Number_of_Retail_Enquiries_in_the_Last_year":"1","Number_of_Retail_Enquiries_in_the_Last_30_days":"0","Number_of_Retail_Enquiries_in_the_Last_3_years":"1","Number_of_Retail_Enquiries_in_the_Last_5_years":"1","Number_of_Retail_Enquiries_in_the_Last_7_days":"0","Number_of_Retail_Enquiries_in_the_Last_180_days":"0"},"Own":{"Number_of_Own_Enquiries_in_the_Last_180_days":"0","Number_of_Own_Enquiries_in_the_Last_3_years":"0","Months_Since_Oldest_Own_Enquiry":"","Number_of_Own_Enquiries_in_the_Last_7_days":"0","Number_of_Own_Enquiries_in_the_Last_90_days":"0","Number_of_Own_Enquiries_in_the_Last_4_years":"0","Total_Number_of_Own_Enquiries_Ever":"0","Number_of_Own_Enquiries_in_the_Last_5_years":"0","Number_of_Own_Enquiries_in_the_Last_30_days":"0","Number_of_Own_Enquiries_in_the_Last_2_years":"0","Number_of_Own_Enquiries_in_the_Last_28_days":"0","Number_of_Own_Enquiries_in_the_Last_year":"0","Days_Since_Recent_Own_Enquiry":"","Months_Since_Recent_Own_Enquiry":""},"Bank":{"Total_Number_of_Bank_Enquiries_Ever":"0","Number_of_Bank_Enquiries_in_the_Last_3_years":"0","Number_of_Bank_Enquiries_in_the_Last_2_years":"0","Number_of_Bank_Enquiries_in_the_Last_5_years":"0","Number_of_Bank_Enquiries_in_the_Last_7_days":"0","Number_of_Bank_Enquiries_in_the_Last_year":"0","Number_of_Bank_Enquiries_in_the_Last_180_days":"0","Months_Since_Recent_Bank_Enquiry":"","Months_Since_Oldest_Bank_Enquiry":"","Days_Since_Recent_Bank_Enquiry":"","Number_of_Bank_Enquiries_in_the_Last_30_days":"0","Number_of_Bank_Enquiries_in_the_Last_4_years":"0","Number_of_Bank_Enquiries_in_the_Last_90_days":"0"},"AllValue":{"Months_Since_Oldest_All_Enquiry":"12","Number_of_All_Enquiries_in_the_Last_3_years":"1","Number_of_All_Enquiries_in_the_Last_5_years":"1","Number_of_All_Enquiries_in_the_Last_90_days":"0","Number_of_All_Enquiries_in_the_Last_2_years":"1","Total_Number_of_All_Enquiries_Ever":"1","Number_of_All_Enquiries_in_the_Last_180_days":"0","Days_Since_Recent_All_Enquiry":"360","Months_Since_Recent_All_Enquiry":"12","Number_of_All_Enquiries_in_the_Last_7_days":"0","Number_of_All_Enquiries_in_the_Last_30_days":"0","Number_of_All_Enquiries_in_the_Last_4_years":"1","Number_of_All_Enquiries_in_the_Last_year":"1"}},"NLR":{"Own":{"Number_of_Own_Enquiries_in_the_Last_180_days":"0","Number_of_Own_Enquiries_Ever":"0","Number_of_Own_Enquiries_in_the_Last_3_years":"0","Months_Since_Oldest_Own_Enquiry":"","Number_of_Own_Enquiries_in_the_Last_7_days":"0","Number_of_Own_Enquiries_in_the_Last_90_days":"0","Number_of_Own_Enquiries_in_the_Last_4_years":"0","Number_of_Own_Enquiries_in_the_Last_5_years":"0","Number_of_Own_Enquiries_in_the_Last_30_days":"0","Number_of_Own_Enquiries_in_the_Last_2_years":"0","Number_of_Own_Enquiries_in_the_Last_year":"0","Days_Since_Recent_Own_Enquiry":"","Months_Since_Recent_Own_Enquiry":""},"Other":{"Number_of_Other_Enquiries_in_the_Last_4_years":"0","Number_of_Other_Enquiries_in_the_Last_2_years":"0","Months_Since_Oldest_Other_Enquiry":"","Number_of_Other_Enquiries_in_the_Last_7_days":"0","Number_of_Other_Enquiries_Ever":"0","Months_Since_Recent_Other_Enquiry":"","Number_of_Other_Enquiries_in_the_Last_year":"0","Number_of_Other_Enquiries_in_the_Last_90_days":"0","Days_Since_Recent_Other_Enquiry":"","Number_of_Other_Enquiries_in_the_Last_3_years":"0","Number_of_Other_Enquiries_in_the_Last_5_years":"0","Number_of_Other_Enquiries_in_the_Last_180_days":"0","Number_of_Other_Enquiries_in_the_Last_30_days":"0"},"AllValue":{"Months_Since_Oldest_All_Enquiry":"","Number_of_All_Enquiries_in_the_Last_3_years":"0","Number_of_All_Enquiries_in_the_Last_5_years":"0","Number_of_All_Enquiries_in_the_Last_90_days":"0","Number_of_All_Enquiries_Ever":"0","NLR_Enquiry_Reference_Number":"0","Number_of_All_Enquiries_in_the_Last_2_years":"0","Number_of_All_Enquiries_in_the_Last_180_days":"0","Days_Since_Recent_All_Enquiry":"","Months_Since_Recent_All_Enquiry":"","Number_of_All_Enquiries_in_the_Last_7_days":"0","Number_of_All_Enquiries_in_the_Last_30_days":"0","Number_of_All_Enquiries_in_the_Last_4_years":"0","Number_of_All_Enquiries_in_the_Last_year":"0"}}},"NLR_CumulativeArrears":"000000015333","Notices":{"Number_of_Notices_in_the_Last_90_days":"0","Number_of_Notices_in_the_Last_2_years":"0","Number_of_Notices_in_the_Last_3_years":"0","Number_of_Notices_in_the_Last_year":"0","Number_of_Notices_in_the_Last_30_days":"0","Number_of_Notices_in_the_Last_19_to_36_Months":"0","Number_of_Notices_in_the_Last_7_to_18_Months":"0","Number_of_Notices_in_the_Last_180_days":"0","Total_Number_of_Notices_Ever":"0","Number_of_Notices_in_the_Previous_6_Months":"0","Number_of_Notices_Older_than_37_Months":"0","Number_of_Notices_in_the_Last_4_years":"0","Number_of_Notices_in_the_Last_5_years":"0"},"CPA_Past_36_Months":{"Positive_loans":"3","Highest_months_in_arrears":"9"},"All_Negatives":{"All_Value_of_Most_Recent_Negative":"23147","All_Number_of_Negatives_in_the_Last_90_days":"0","All_Highest_Negative_Value":"23147","All_Number_of_Negatives_in_the_Last_2_years":"0","All_Number_of_Negatives_in_the_Last_30_days":"0","All_Months_Since_Most_Recent_Negative":"53","All_Number_of_Negatives_in_the_Last_3_years":"0","All_Number_of_Negatives_in_the_Last_180_days":"0","All_Number_of_Negatives_in_the_Last_4_years":"0","All_Number_of_Negatives_in_the_Last_year":"0","All_Number_of_Negatives_in_the_Last_5_years":"1","All_Total_Number_of_Negatives_Ever":"1","All_Months_Since_Highest_Negative":"53"},"Trace":{"Number_of_Traces_in_the_Last_year":"0","Number_of_Traces_in_the_Last_2_years":"0","Number_of_Traces_in_the_Last_30_days":"0","Number_of_Traces_in_the_Last_4_years":"0","Number_of_Traces_in_the_Last_3_years":"0","Number_of_Traces_in_the_Last_5_years":"0","Number_of_Traces_in_the_Last_180_days":"0","Number_of_Traces_in_the_Last_60_days":"0","Total_Number_of_Traces_Ever":"0","Number_of_Traces_in_the_Last_90_days":"0"},"Judgements":{"Number_of_Judgments_in_the_Previous_6_Months":"0","Value_of_Most_Recent_Judgment":"23147","Number_of_Judgments_in_the_Last_90_days":"0","Highest_Judgment_Value":"23147","Total_Value_of_Other_Judgments":"23147","Total_Number_of_Other_Judgments":"1","Number_of_Judgments_in_the_Last_3_years":"0","Number_of_Judgments_in_the_Last_19_to_36_Months":"0","Total_Number_of_Medical_Judgments":"0","Number_of_Judgments_in_the_Last_30_days":"0","Months_Since_Highest_Judgment":"53","Number_of_Judgments_in_the_Last_2_years":"0","Number_of_Judgments_in_the_Last_7_to_18_Months":"0","Months_Since_Most_Recent_Judgment":"53","Number_of_Judgments_in_the_Last_4_years":"0","Number_of_Judgments_in_the_Last_year":"0","Number_of_Judgments_in_the_Last_5_years":"1","Total_Judgment_Value":"23147","Total_Value_of_Medical_Judgments":"0","Number_of_Judgments_in_the_Last_180_days":"0","Number_of_Judgments_Older_than_37_Months":"1","Total_Number_of_Judgments_Ever":"1"},"Negatives":{"Number_of_Negatives_in_the_Last_180_days":"0","Number_of_Negatives_in_the_Last_3_years":"0","Value_of_Most_Recent_Negative":"23147","Number_of_Negatives_in_the_Last_2_years":"0","Total_Number_of_Negatives_Ever":"1","Months_Since_Most_Recent_Negative":"53","Number_of_Negatives_in_the_Last_90_days":"0","Number_of_Negatives_in_the_Last_5_years":"1","Number_of_Negatives_in_the_Last_30_days":"0","Number_of_Negatives_in_the_Last_4_years":"0","Months_Since_Highest_Negative":"53","Highest_Negative_Value":"23147","Number_of_Negatives_in_the_Last_year":"0"},"TotalCreditLimitOpenCreditCardAccounts":"000000000000","Collections":{"Number_of_Collections_in_the_Last_30_days":"0","Number_of_Payments_in_the_Last_3_Months":"0","Number_of_Collections_in_the_Last_90_days":"0","Total_Collection_Capital_Value":"0","Highest_Collection_Value":"0","Total_amount_Collected_on_Collections_opened_in_the_Last_6_Months":"0","Total_Collections_Amount_Collected_Ever":"0","Total_amount_Collected_on_Collections_opened_in_the_Last_12_Months":"0","Number_of_Payments_in_the_Last_12_Months":"0","Months_Since_Most_Recent_Collection":"","Number_of_Collections_in_the_Last_2_years":"0","Number_of_Collections_in_the_Last_5_years":"0","Number_of_Payments_in_the_Last_6_Months":"0","Number_of_Collections_in_the_Last_4_years":"0","Months_Since_Highest_Collection":"","Number_of_Collections_in_the_Last_3_years":"0","Total_Number_of_Collections_Ever":"0","Number_of_Collections_in_the_Last_year":"0","Value_of_Most_Recent_Collection":"0","Number_of_Collections_in_the_Last_180_days":"0","Total_amount_Collected_on_Collections_opened_in_the_Last_3_Months":"0"},"NLR_Past_36_Months":{"Positive_loans":"1","Highest_months_in_arrears":"9"},"CPA_Past_12_Months":{"Positive_loans":"1"},"Payment_Profiles":{"CPA":{"Other":{"Worst_status_in_the_last_4to6_months_for_all_active_non_delinquent_CPA_accounts_":"0","Number_of_Currently_Open_Other_PPs":"3","Percent_1_Arrears_of_Last_12_Other_Available_Histories":"58","Total_number_of__active_non_delinquent_CPA_accounts_opened_L6m":"0","Percent_3_Arrears_of_Last_3_Other_Available_Histories":"50","Number_of_Other_PPs_in_the_Last_4_Years":"1","Worst_Arrears_Level_of_Most_Recent_Other_Opened_PP":"0","Number_of_Times_0_Arrears_of_Last_6_Other_Available_Histories":"10","Worst_Current_Status_on_active_Other_CPA_accounts":"0","Percent_1_Arrears_of_Last_24_Other_Available_Histories":"44","Total_Balance_of_Revolving_Other_PPs":"0","Number_of_Other_PPs_in_the_Last_30_Days":"0","Total_Credit_Limit_of_Other_Open_Account_PPs":"0","Total_Installment_of_Other_Open_Account_PPs":"0","Number_of_Times_1_Arrears_of_Last_24_Other_Available_Histories":"33","Total_Credit_Limit_of_Fixed_Installment_Other_PPS":"0","Number_of_Other_PPs_in_the_Last_5_Years":"1","Total_Installment_of_Fixed_Installment_Other_PPs":"0","Number_of_Closed_Revolving_Other_PPs":"0","Capital_Amount_of_Other_PPs_Opened_in_the_Last_2_Years":"0","Capital_Amount_of_Other_PPs_Opened_in_the_Last_90_Days":"0","Number_of_Other_PPs_in_the_Last_Year":"0","Number_of_Times_0_Arrears_of_Last_12_Other_Available_Histories":"17","Number_of_Other_PPs_in_the_Last_3_Years":"1","Percent_1_Arrears_of_Last_6_Other_Available_Histories":"54","Capital_Amount_of_Other_PPs_Opened_in_the_Last_Year":"0","Monthly_Installment_Value_of_Currently_Open_Other_PPs":"1069","Worst_Arrears_on_Other_PPs_in_the_Last_180_Days":"0","Total_Balance_of_Other_Open_Account_PPs":"0","Percent_0_Arrears_of_Last_12_Other_Available_Histories":"41","Number_of_Times_3_Arrears_of_Last_12_Other_Available_Histories":"24","Number_of_Times_2_Arrears_of_Last_3_Other_Available_Histories":"6","Worst_status_last_3_months_for_active__non_delinquent_CPA_accounts_opened_for_more_than_12months_":"0","Percent_1_Arrears_of_Last_3_Other_Available_Histories":"50","Number_of_Times_1_Arrears_of_Last_12_Other_Available_Histories":"24","Number_of_Disputed_Other_PPs":"0","Number_of_Other_PPs_in_the_Last_180_Days":"0","Number_of_Times_1_Arrears_of_Last_3_Other_Available_Histories":"6","Outstanding_CPA_Balance_Other":"0","Percent_3_Arrears_of_Last_12_Other_Available_Histories":"58","Number_of_Times_2_Arrears_of_Last_24_Other_Available_Histories":"33","Percent_3_Arrears_of_Last_24_Other_Available_Histories":"44","Days_since_most_recent_Other_Delinquent_CPA__account_":"","Number_of_other_accounts_opened_4to12_months_ago":"0","Percent_2_Arrears_of_Last_6_Other_Available_Histories":"54","Number_of_Times_0_Arrears_of_Last_24_Other_Available_Histories":"41","Worst_current_status_on_active_non_delinquent_non_revolving_accounts":"0","Outstanding_Balance_on_delinquent_revolving_CPA_accounts":"0","Worst_Arrears_on_Other_PPs_ever":"9","Worst_status_in_the_last_6_months_on_Other_accounts_opened_for_at_least_12_months":"0","Number_of_Other_Fixed_Installment_PPs_Ever":"0","Total_value_of_Other_Delinquent_accounts":"0","Percent_0_Arrears_of_Last_3_Other_Available_Histories":"50","Number_of_Habitually_Slow_Other_PPs":"0","Percent_2_Arrears_of_Last_24_Other_Available_Histories":"44","Number_of_Times_3_Arrears_of_Last_24_Other_Available_Histories":"33","Number_of_Other_PPs_Ever":"4","Capital_Amount_of_Other_PPs_Opened_in_Last_180_Days":"0","Number_of_Open_Revolving_Other_PPs":"0","Current_Balance_of_All_Other_PPs":"24737","Number_of_Other_PPs_in_the_Last_90_Days":"0","Worst_current_status_on_active_non_delinquent_revolving_accounts":"","Total_number_of_other_Delinquent_Accounts":"0","Months_Since_Most_Recent_opened_Other_PP":"27","Number_of_Times_2_Arrears_of_Last_12_Other_Available_Histories":"24","Worst_status_in_the_last_6_months_on_Other_accounts_opened_4to12_months_ago":"","Number_of_Closed_Fixed_Installment_Other_PPs":"0","Number_of_Times_3_Arrears_of_Last_3_Other_Available_Histories":"6","Worst_status_in_the_last_3_months_on_Other_accounts_opened_4to12_months_ago":"","Percent_0_Arrears_of_Last_24_Other_Available_Histories":"55","Worst_Arrears_on_Other_PPs_in_the_Last_Year":"0","Total_outstanding_balance_on_Other_active_accounts":"79","Worst_status_in_the_last_3_months_on_Other_accounts_opened_for_at_least_12_months":"0","Total_Balance_of_Fixed_Installment_Other_PPs":"0","Number_of_Other_PPs_in_the_Last_2_Years":"0","Percent_2_Arrears_of_Last_3_Other_Available_Histories":"50","Outstanding_Balance_on_non_delinquent_revolving_CPA_opened_L6m":"0","Total_Installment_of_Revolving_Other_PPs":"0","Number_of_Open_Fixed_Installment_Other_PPs":"0","Number_of_other_accounts_opened_for_at_least_12_months":"4","Worst_Arrears_on_Open_Other_PPs":"9","Number_of_Times_2_Arrears_of_Last_6_Other_Available_Histories":"12","Number_of_Closed_Other_PPs":"1","Number_of_Times_0_Arrears_of_Last_3_Other_Available_Histories":"6","Number_of_Absconded_Other_PPs":"0","Months_Since_Oldest_Opened_Other_PPs":"84","Number_of_Written_Off_Other_PPs":"0","Worst_Arrears_on_Closed_Other_PPs":"0","Number_of_Times_1_Arrears_of_Last_6_Other_Available_Histories":"12","Percent_3_Arrears_of_Last_6_Other_Available_Histories":"54","Capital_Amount_of_Other_PPs_Opened_in_the_Last_30_Days":"0","Worst_Arrears_on_Other_PPs_in_the_Last_90_Days":"0","Monthly_CPA_Installment_Other":"0","Number_of_Other_Revolving_PPs_Ever":"0","Percent_2_Arrears_of_Last_12_Other_Available_Histories":"58","Total_Credit_Limit_of_Revolving_Other_PPs":"0","Worst_status_in_the_last_3_months_for_active_non_delinquent_CPA_accounts_opened_in_the_last_12_months":"","Total_number_of_other_Active_accounts":"1","Percent_0_Arrears_of_Last_6_Other_Available_Histories":"45","Number_of_Times_3_Arrears_of_Last_6_Other_Available_Histories":"12"},"Communication":{"Percent_3_Arrears_of_Last_24_Communication_Available_Histories":"0","Total_number_of__active_non_delinquent_CPA_accounts_opened_L6m":"0","Number_of_Communication_PPs_in_the_Last_2_Years":"0","Number_of_Disputed_Communication_PPs":"0","Number_of_Communication_PPs_in_the_Last_180_Days":"0","Outstanding_CPA_Balance_Communciation":"0","Number_of_Communication_PPs_in_the_Last_5_Years":"0","Total_number_of_Communication_Delinquent_Accounts":"0","Number_of_Communication_PPs_in_the_Last_3_Years":"0","Capital_Amount_of_Communication_PPs_Opened_Last_2_Years":"0","Days_since_most_recent_communication_Delinquent_CPA__account_":"","Capital_Amount_of_Communication_PPs_Opened_Last_90_Days":"0","Percent_0_Arrears_of_Last_6_Communication_Available_Histories":"0","Current_Balance_of_Communication_PPs":"0","Percent_1_Arrears_of_Last_6_Communication_Available_Histories":"0","Worst_Arrears_on_Open_Communication_PPs":"","Total_Credit_Limit_of_Fixed_Installment_Communication_PPS":"0","Number_of_Times_0_Arrears_of_Last_3_Communication_Available_Histories":"0","Number_of_Open_Fixed_Installment_Communication_PPs":"0","Total_outstanding_balance_on_Communication_active_accounts":"0","Total_Credit_Limit_of_Revolving_Communication_PPs":"0","Percent_2_Arrears_of_Last_3_Communication_Available_Histories":"0","Total_value_of_Communication_Delinquent_accounts":"0","Number_of_Habitually_Slow_Communication_PPs":"0","Worst_Arrears_on_Communication_PPs_in_the_Last_180_Days":"","Number_of_Currently_Open_Communication_PPs":"0","Total_Balance_of_Communication_Open_Account_PPs":"0","Number_of_Open_Revolving_Communication_PPs":"0","Number_of_Communication_PPs_in_the_Last_Year":"0","Percent_3_Arrears_of_Last_12_Communication_Available_Histories":"0","Number_of_Times_1_Arrears_of_Last_12_Communication_Available_Histories":"0","Worst_status_last_3_months_for_active__non_delinquent_CPA_accounts_opened_for_more_than_12months_":"","Capital_Amount_of_Communication_PPs_Opened_Last_180_Days":"0","Number_of_Communication_Revolving_PPs_Ever":"0","Worst_Arrears_on_Any_Communication_PPs":"","Number_of_Times_0_Arrears_of_Last_6_Communication_Available_Histories":"0","Percent_1_Arrears_of_Last_3_Communication_Available_Histories":"0","Number_of_Communication_accounts_opened_for_at_least_12_months":"0","Worst_Arrears_on_Communication_PPs_in_the_Last_90_Days":"","Number_of_Times_1_Arrears_of_Last_6_Communication_Available_Histories":"0","Number_of_Times_3_Arrears_of_Last_3_Communication_Available_Histories":"0","Total_Installment_of_Revolving_Communication_PPs":"0","Worst_Arrears_Level_of_Most_Recent_Communication_Opened_PP":"","Capital_Amount_of_Communication_PPs_Opened_Last_Year":"0","Capital_Amount_of_Communication_PPs_Opened_Last_30_Days":"0","Number_of_Communication_PPs_in_the_Last_4_Years":"0","Total_Installment_of_Communication_Open_Account_PPs":"0","Worst_status_in_the_last_3_months_on_Communication_accounts_opened_4to12_months_ago":"","Worst_status_in_the_last_6_months_on_Communication_accounts_opened_for_at_least_12_months":"","Worst_status_in_the_last_3_months_on_Communication_accounts_opened_for_at_least_12_months":"","Worst_current_status_on_active_non_delinquent_non_revolving_accounts":"","Number_of_Communication_PPs_in_the_Last_90_Days":"0","Number_of_Times_1_Arrears_of_Last_3_Communication_Available_Histories":"0","Outstanding_Balance_on_delinquent_revolving_CPA_accounts":"0","Percent_1_Arrears_of_Last_24_Communication_Available_Histories":"0","Percent_3_Arrears_of_Last_6_Communication_Available_Histories":"0","Number_of_Times_2_Arrears_of_Last_6_Communication_Available_Histories":"0","Months_Since_Oldest_Opened_Communication_PPs":"","Number_of_Times_3_Arrears_of_Last_24_Communication_Available_Histories":"0","Number_of_Closed_Revolving_Communication_PPs":"0","Worst_Arrears_on_Communication_PPs_in_the_Last_Year":"","Worst_Current_Status_on_active_Communication_CPA_accounts":"","Number_of_Times_2_Arrears_of_Last_12_Communication_Available_Histories":"0","Worst_current_status_on_active_non_delinquent_revolving_accounts":"","Monthly_CPA_Installment_Communication":"0","Worst_status_in_the_last_6_months_on_Communication_accounts_opened_4to12_months_ago":"","Percent_2_Arrears_of_Last_24_Communication_Available_Histories":"0","Number_of_Times_0_Arrears_of_Last_24_Communication_Available_Histories":"0","Total_Balance_of_Revolving_Communication_PPs":"0","Number_of_Times_1_Arrears_of_Last_24_Communication_Available_Histories":"0","Number_of_Times_2_Arrears_of_Last_24_Communication_Available_Histories":"0","Number_of_Times_3_Arrears_of_Last_6_Communication_Available_Histories":"0","Number_of_Times_2_Arrears_of_Last_3_Communication_Available_Histories":"0","Percent_3_Arrears_of_Last_3_Communication_Available_Histories":"0","Total_Balance_of_Fixed_Installment_Comms_PP":"0","Outstanding_Balance_on_non_delinquent_revolving_CPA_opened_L6m":"0","Percent_2_Arrears_of_Last_6_Communication_Available_Histories":"0","Percent_0_Arrears_of_Last_24_Communication_Available_Histories":"0","Worst_status_in_the_last_4to6_months_for_Communication_active_non_delinquent_CPA_accounts_":"","Percent_2_Arrears_of_Last_12_Communication_Available_Histories":"0","Number_of_Written_Off_Communication_PPs":"0","Worst_Arrears_on_Closed_Communication_PPs":"","Percent_1_Arrears_of_Last_12_Communication_Available_Histories":"0","Number_of_Times_0_Arrears_of_Last_12_Communication_Available_Histories":"0","Number_of_Closed_Communication_PPs":"0","Months_Since_Most_Recent_Opened_Communication_PPs":"","Total_Installment_of_Fixed_Installment_Communication_PPs":"0","Percent_0_Arrears_of_Last_3_Communication_Available_Histories":"0","Number_of_Communication_accounts_opened_4to12_months_ago":"0","Number_of_Absconded_Communication_PPs":"0","Worst_status_in_the_last_3_months_for_active_non_delinquent_CPA_accounts_opened_in_the_last_12_months":"","Total_Credit_Limit_of_Communication_Open_Account_PPs":"0","Number_of_Communication_PPs_Ever":"0","Number_of_Communication_Fixed_Installment_PPs_Ever":"0","Monthly_Installment_Value_of_Currently_Open_Communication_PPs":"0","Number_of_Communication_PPs_in_the_Last_30_Days":"0","Total_number_of_Communication_Active_accounts_":"0","Number_of_Closed_Fixed_Installment_Communication_PPs":"0","Percent_0_Arrears_of_Last_12_Communication_Available_Histories":"0","Number_of_Times_3_Arrears_of_Last_12_Communication_Available_Histories":"0"},"Retail":{"Percent_3_Arrears_of_Last_12_Retail_Available_Histories":"41","Number_of_Times_0_Arrears_of_Last_12_Retail_Available_Histories":"17","Number_of_Currently_Open_Retail_PPs":"2","Total_number_of__active_non_delinquent_CPA_accounts_opened_L6m":"0","Number_of_Retail_PPs_in_the_Last_2_Years":"0","Number_of_Times_0_Arrears_of_Last_24_Retail_Available_Histories":"41","Percent_3_Arrears_of_Last_3_Retail_Available_Histories":"33","Number_of_Retail_PPs_in_the_Last_30_Days":"0","Number_of_Times_2_Arrears_of_Last_12_Retail_Available_Histories":"12","Number_of_Times_0_Arrears_of_Last_6_Retail_Available_Histories":"10","Percent_1_Arrears_of_Last_12_Retail_Available_Histories":"41","Current_Balance_of_Retail_PPs":"22490","Percent_2_Arrears_of_Last_3_Retail_Available_Histories":"33","Number_of_Times_1_Arrears_of_Last_3_Retail_Available_Histories":"3","Total_Installment_of_Fixed_Installment_Retail_PPs":"0","Number_of_Absconded_Retail_PPs":"0","Months_Since_Most_Recent_Opened_Retail_PPs":"27","Months_Since_Oldest_Opened_Retail_PPs":"78","Total_Credit_Limit_of_Retail_Open_Account_PPs":"0","Number_of_Habitually_Slow_Retail_PPs":"0","Worst_Arrears_on_Closed_Retail_PPs":"0","Number_of_Times_3_Arrears_of_Last_3_Retail_Available_Histories":"3","Number_of_Retail_PPs_in_the_Last_3_Years":"1","Number_of_Times_3_Arrears_of_Last_24_Retail_Available_Histories":"16","Number_of_Times_3_Arrears_of_Last_12_Retail_Available_Histories":"12","Worst_Arrears_on_Open_Retail_PPs":"9","Number_of_Times_2_Arrears_of_Last_24_Retail_Available_Histories":"16","Number_of_Retail_Revolving_PPs_Ever":"0","Number_of_Retail_PPs_Ever":"3","Worst_status_in_the_last_3_months_on_Retail_accounts_opened_for_at_least_12_months":"0","Capital_Amount_of_Retail_PPs_Opened_in_the_Last_90_Days":"0","Total_Installment_of_Retail_Open_Account_PPs":"0","Total_number_of_Retail_Active_accounts_":"1","Monthly_CPA_Installment_Retail":"0","Number_of_Retail_PPs_in_the_Last_4_Years":"1","Worst_status_last_3_months_for_active__non_delinquent_CPA_accounts_opened_for_more_than_12months_":"0","Total_Credit_Limit_of_Fixed_Installment_Retail_PPS":"0","Number_of_Times_2_Arrears_of_Last_6_Retail_Available_Histories":"6","Total_Installment_of_Revolving_Retail_PPs":"0","Percent_1_Arrears_of_Last_3_Retail_Available_Histories":"33","Outstanding_CPA_Balance_Retail":"0","Percent_2_Arrears_of_Last_24_Retail_Available_Histories":"28","Number_of_Retail_accounts_opened_4to12_months_ago":"0","Number_of_Retail_accounts_opened_for_at_least_12_months":"3","Percent_0_Arrears_of_Last_3_Retail_Available_Histories":"66","Number_of_Disputed_Retail_PPs":"0","Number_of_Retail_PPs_in_the_Last_90_Days":"0","Worst_Arrears_on_Retail_PPs_in_the_Last_Year":"0","Number_of_Open_Revolving_Retail_PPs":"0","Number_of_Times_0_Arrears_of_Last_3_Retail_Available_Histories":"6","Worst_Arrears_on_Retail_PPs_in_the_Last_180_Days":"0","Worst_current_status_on_active_non_delinquent_non_revolving_accounts":"0","Outstanding_Balance_on_delinquent_revolving_CPA_accounts":"0","Worst_Current_Status_on_active_Retail_CPA_accounts":"0","Number_of_Closed_Revolving_Retail_PPs":"0","Percent_1_Arrears_of_Last_24_Retail_Available_Histories":"28","Percent_0_Arrears_of_Last_12_Retail_Available_Histories":"58","Worst_status_in_the_last_3_months_on_Retail_accounts_opened_4to12_months_ago":"","Percent_2_Arrears_of_Last_12_Retail_Available_Histories":"41","Number_of_Times_1_Arrears_of_Last_12_Retail_Available_Histories":"12","Number_of_Written_Off_Retail_PPs":"0","Number_of_Open_Fixed_Installment_Retail_PPs":"0","Number_of_Closed_Retail_PPs":"1","Worst_Arrears_on_Any_Retail_PPs":"9","Days_since_most_recent_retail_Delinquent_CPA__account_":"","Total_number_of_Retail_Delinquent_Accounts":"0","Number_of_Times_1_Arrears_of_Last_24_Retail_Available_Histories":"16","Worst_current_status_on_active_non_delinquent_revolving_accounts":"","Number_of_Times_1_Arrears_of_Last_6_Retail_Available_Histories":"6","Number_of_Retail_PPs_in_the_Last_Year":"0","Total_outstanding_balance_on_Retail_active_accounts":"79","Worst_Arrears_on_Retail_PPs_in_the_Last_90_Days":"0","Capital_Amount_of_Retail_PPs_Opened_in_Last_180_Days":"0","Number_of_Times_2_Arrears_of_Last_3_Retail_Available_Histories":"3","Number_of_Retail_PPs_in_the_Last_180_Days":"0","Percent_3_Arrears_of_Last_24_Retail_Available_Histories":"28","Total_Balance_of_Fixed_Installment_Retail_PPs":"0","Percent_1_Arrears_of_Last_6_Retail_Available_Histories":"37","Capital_Amount_of_Retail_PPs_Opened_in_the_Last_Year":"0","Outstanding_Balance_on_non_delinquent_revolving_CPA_opened_L6m":"0","Percent_3_Arrears_of_Last_6_Retail_Available_Histories":"37","Total_Credit_Limit_of_Revolving_Retail_PPs":"0","Capital_Amount_of_Retail_PPs_Opened_in_the_Last_30_Days":"0","Worst_status_in_the_last_6_months_on_Retail_accounts_opened_for_at_least_12_months":"0","Total_Balance_of_Retail_Open_Account_PPs":"0","Monthly_Installment_Value_of_Currently_Open_Retail_PPs":"849","Capital_Amount_of_Retail_PPs_Opened_in_the_Last_2_Years":"0","Worst_status_in_the_last_6_months_on_Retail_accounts_opened_4to12_months_ago":"","Number_of_Closed_Fixed_Installment_Retail_PPs":"0","Percent_0_Arrears_of_Last_24_Retail_Available_Histories":"71","Worst_status_in_the_last_4to6_months_for_Retail_active_non_delinquent_CPA_accounts_":"0","Percent_2_Arrears_of_Last_6_Retail_Available_Histories":"37","Total_value_of_Retail_Delinquent_accounts":"0","Percent_0_Arrears_of_Last_6_Retail_Available_Histories":"62","Worst_Arrears_Level_of_Most_Recent_Retail_Opened_PP":"0","Number_of_Retail_Fixed_Installment_PPs_Ever":"0","Worst_status_in_the_last_3_months_for_active_non_delinquent_CPA_accounts_opened_in_the_last_12_months":"","Number_of_Retail_PPs_in_the_Last_5_Years":"1","Number_of_Times_3_Arrears_of_Last_6_Retail_Available_Histories":"6","Total_Balance_of_Revolving_Retail_PPs":"0"},"Own":{"Worst_status_in_the_last_4to6_months_for_all_active_non_delinquent_CPA_accounts_":"","Total_number_of__active_non_delinquent_CPA_accounts_opened_L6m":"0","Worst_status_in_the_last_3_months_on_Own_accounts_opened_for_at_least_12_months":"","Number_of_Own_PPs_in_the_Last_3_Years":"0","Months_Since_Most_Recent_Opened_Own_PP":"","Number_of_Times_2_Arrears_of_Last_12_Own_Available_Histories":"0","Total_Balance_of_Revolving_Own_PPs":"0","Number_of_own_accounts_opened_for_at_least_12_months":"0","Total_Installment_of_Own_Open_Account_PPs":"0","Number_of_Times_1_Arrears_of_Last_24_Own_Available_Histories":"0","Number_of_Own_PPs_in_the_Last_4_Years":"0","Worst_status_in_the_last_6_months_on_Own_accounts_opened_4to12_months_ago":"","Capital_Amount_of_Own_PPs_Opened_in_the_Last_180_Days":"0","Worst_status_in_the_last_6_months_on_Own_accounts_opened_for_at_least_12_months":"","Number_of_Own_Revolving_PPs_Ever":"0","Total_value_of_Own_Delinquent_accounts":"0","Capital_Amount_of_Own_PPs_Opened_in_the_Last_2_Years":"0","Percentage_0_Arrears_of_Last_3_Own_Available_Histories":"0","Percentage_0_Arrears_of_Last_12_Own_Available_Histories":"0","Worst_Arrears_Level_of_Most_Recent_Own_Opened_PP_":"","Percentage_3_Arrears_of_Last_12_Own_Available_Histories":"0","Number_of_Closed_Fixed_Installment_Own_PPs":"0","Number_of_Times_0_Arrears_of_Last_6_Own_Available_Histories":"0","Number_of_Own_accounts_opened_4to12_months_ago":"0","Total_Balance_of_Fixed_Installment_Own_PPs":"0","Number_of_Currently_Open_Own_PPs":"0","Capital_Amount_of_Own_PPs_Opened_in_the_Last_90_Days":"0","Total_Credit_Limit_of_Fixed_Installment_Own_PPS":"0","Worst_status_in_the_last_3_months_on_Own_accounts_opened_4to12_months_ago":"","Number_of_Own_PPs_in_the_Last_180_Days":"0","Worst_status_last_3_months_for_active__non_delinquent_CPA_accounts_opened_for_more_than_12months_":"","Monthly_Installment_Value_of_Currently_Open_Own_PPs":"0","Number_of_Times_2_Arrears_of_Last_3_Own_Available_Histories":"0","Number_of_Times_0_Arrears_of_Last_12_Own_Available_Histories":"0","Worst_Arrears_on_Closed_Own_PPs":"","Number_of_Times_0_Arrears_of_Last_24_Own_Available_Histories":"0","Days_since_most_recent_Own_Delinquent_CPA__account_":"","Number_of_Habitually_Slow_Own_PPs":"0","Number_of_Times_2_Arrears_of_Last_24_Own_Available_Histories":"0","Percentage_3_Arrears_of_Last_24_Own_Available_Histories":"0","Percentage_1_Arrears_of_Last_6_Own_Available_Histories":"0","Number_of_Open_Fixed_Installment_Own_PPs":"0","Capital_Amount_of_Own_PPs_Opened_in_the_Last_30_Days":"0","Total_outstanding_balance_on_Own_active_accounts":"0","Worst_Arrears_on_Own_PPs_in_the_Last_180_Days":"","Percentage_2_Arrears_of_Last_12_Own_Available_Histories":"0","Total_Installment_of_Fixed_Installment_Own_PPs":"0","Worst_current_status_on_active_non_delinquent_non_revolving_accounts":"","Number_of_Absconded_Own_PPs":"0","Outstanding_CPA_Balance_Own":"0","Outstanding_Balance_on_delinquent_revolving_CPA_accounts":"0","Number_of_Own_PPs_in_the_Last_30_Days":"0","Worst_Arrears_on_Own_PPs_in_the_Last_Year":"","Percentage_2_Arrears_of_Last_3_Own_Available_Histories":"0","Worst_Arrears_on_Open_Own_PPs":"","Number_of_Own_PPs_in_the_Last_90_Days":"0","Number_of_Times_3_Arrears_of_Last_24_Own_Available_Histories":"0","Monthly_CPA_Installment_Own":"0","Worst_current_status_on_active_non_delinquent_revolving_accounts":"","Total_Balance_of_Own_Open_Account_PPs":"0","Total_Credit_Limit_of_Revolving_Own_PPs":"0","Percentage_3_Arrears_of_Last_6_Own_Available_Histories":"0","Number_of_Times_1_Arrears_of_Last_12_Own_Available_Histories":"0","Number_of_Times_0_Arrears_of_Last_3_Own_Available_Histories":"0","Number_of_Disputed_Own_PPs":"0","Number_of_Times_3_Arrears_of_Last_3_Own_Available_Histories":"0","Percentage_2_Arrears_of_Last_24_Own_Available_Histories":"0","Number_of_Own_PPs_in_the_Last_2_Years":"0","Percentage_2_Arrears_of_Last_6_Own_Available_Histories":"0","Worst_Arrears_on_Own_PPs_in_the_Last_90_Days":"","Number_of_Times_3_Arrears_of_Last_6_Own_Available_Histories":"0","Percentage_3_Arrears_of_Last_3_Own_Available_Histories":"0","Percentage_1_Arrears_of_Last_3_Own_Available_Histories":"0","Percentage_1_Arrears_of_Last_24_Own_Available_Histories":"0","Outstanding_Balance_on_non_delinquent_revolving_CPA_opened_L6m":"0","Number_of_Own_PPs_in_the_Last_Year":"0","Number_of_Times_3_Arrears_of_Last_12_Own_Available_Histories":"0","Capital_Amount_of_Own_PPs_Opened_in_the_Last_Year":"0","Percentage_0_Arrears_of_Last_24_Own_Available_Histories":"0","Number_of_Times_2_Arrears_of_Last_6_Own_Available_Histories":"0","Total_number_of_Own_Delinquent_Accounts":"0","Number_of_Own_Installment_PPs_Ever":"0","Percentage_1_Arrears_of_Last_12_Own_Available_Histories":"0","Number_of_Times_1_Arrears_of_Last_6_Own_Available_Histories":"0","Number_of_Closed_Revolving_Own_PPs":"0","Total_Credit_Limit_of_Own_Open_Account_PPs":"0","Number_of_Closed_Own_PPs":"0","Number_of_Own_PPs_in_the_Last_5_Years":"0","Total_no_of_Own_Active_accounts":"0","Worst_Arrears_on_Own_PPs_ever":"","Number_of_Own_PPs_Ever":"0","Number_of_Written_Off_Own_PPs":"0","Worst_status_in_the_last_3_months_for_active_non_delinquent_CPA_accounts_opened_in_the_last_12_months":"","Current_Balance_of_Own_PPs":"0","Percentage_0_Arrears_of_Last_6_Own_Available_Histories":"0","Number_of_Times_1_Arrears_of_Last_3_Own_Available_Histories":"0","Worst_Current_Status_on_active_own_CPA_accounts":"","Total_Installment_of_Revolving_Own_PPs":"0","Number_of_Open_Revolving_Own_PPs":"0","Months_Since_Oldest_Opened_Own_PPs":""},"High_Risk_Accounts":{"Percent_1_Arrears_of_Last_6_All_Available_Histories":"0","Total_number_of__active_non_delinquent_CPA_accounts_opened_L6m":"0","Number_of_Closed_All_PPs":"0","Number_of_Times_3_Arrears_of_Last_3_All_Available_Histories":"0","Number_of_all_accounts_opened_for_at_least_12_months":"0","Number_of_Times_1_Arrears_of_Last_12_All_Available_Histories":"0","Worst_Arrears_on_All_PPs_in_the_Last_Year":"","Number_of_Times_1_Arrears_of_Last_3_All_Available_Histories":"0","Number_of_All_PPs_in_the_Last_180_Days":"0","Worst_Arrears_on_All_PPs_in_the_Last_90_Days":"","Total_outstanding_balance_on_All_active_accounts":"0","Total_number_of_all_Active_accounts_":"0","Worst_status_in_the_last_3_months_on_All_accounts_opened_4to12_months_ago":"","Percent_3_Arrears_of_Last_12_All_Available_Histories":"0","Number_of_Times_2_Arrears_of_Last_12_All_Available_Histories":"0","Number_of_Revolving_Unsecured_Credit_Transactions_under_R8_000_ever":"0","Number_of_Currently_Open_All_PPs":"0","Number_of_Times_1_Arrears_of_Last_24_All_Available_Histories":"0","Percent_0_Arrears_of_Last_6_All_Available_Histories":"0","Worst_status_last_3_months_for_active__non_delinquent_CPA_accounts_opened_for_more_than_12months_":"","Percent_3_Arrears_of_Last_24_All_Available_Histories":"0","Number_of_Times_1_Arrears_of_Last_6_All_Available_Histories":"0","Percent_1_Arrears_of_Last_3_All_Available_Histories":"0","Number_of_all_accounts_opened_4to12_months_ago":"0","Percent_2_Arrears_of_Last_24_All_Available_Histories":"0","Number_of_All_PPs_in_the_Last_5_Years":"0","Number_of_Times_2_Arrears_of_Last_6_All_Available_Histories":"0","Number_of_All_PPs_in_the_Last_4_Years":"0","Months_Since_Most_Recent_Opened_PP":"","Total_number_of_all_Delinquent_Accounts":"0","Number_of_Times_0_Arrears_of_Last_12_All_Available_Histories":"0","Percent_2_Arrears_of_Last_12_All_Available_Histories":"0","Outstanding_Balance_on_delinquent_revolving_CPA_accounts":"0","Total_Monthly_CPA_Installment_All":"0","Number_of_Times_3_Arrears_of_Last_6_All_Available_Histories":"0","Number_of_All_PPs_Ever":"0","Worst_Current_Status_on_active_All_CPA_accounts":"","Worst_Arrears_on_Closed_All_PPs":"","Number_of_Times_0_Arrears_of_Last_6_All_Available_Histories":"0","Number_of_Times_3_Arrears_of_Last_12_All_Available_Histories":"0","Cumulative_Installment_Value":"0","Worst_current_status_on_active_non_delinquent_revolving_accounts":"","Percent_1_Arrears_of_Last_24_All_Available_Histories":"0","Worst_Arrears_on_Open_All_PPs":"","Number_of_All_PPs_in_the_Last_Year":"0","Worst_status_in_the_last_6_months_on_All_accounts_opened_4to12_months_ago":"","Number_of_Unsecured_Credit_Transactions_under_R8_000_ever":"0","Number_of_Times_3_Arrears_of_Last_24_All_Available_Histories":"0","Worst_Arrears_on_All_PPs_in_the_Last_180_Days":"","Percent_2_Arrears_of_Last_6_All_Available_Histories":"0","Number_of_All_PPs_in_the_Last_90_Days":"0","Percent_0_Arrears_of_Last_3_All_Available_Histories":"0","Cumulative_Outstanding_Balance":"0","Percent_0_Arrears_of_Last_24_All_Available_Histories":"0","Percent_3_Arrears_of_Last_6_All_Available_Histories":"0","Outstanding_Balance_on_non_delinquent_revolving_CPA_opened_L6m":"0","Percent_2_Arrears_of_Last_3_All_Available_Histories":"0","Percent_1_Arrears_of_Last_12_All_Available_Histories":"0","Number_of_Times_0_Arrears_of_Last_24_All_Available_Histories":"0","Total_value_of_All_Delinquent_accounts":"0","Worst_Arrears_on_Any_All_PPs_ever":"","Days_since_most_recent_All_Delinquent_CPA__account_":"","Months_Since_Oldest_Opened_PPs_ever_all":"","Number_of_Times_2_Arrears_of_Last_3_All_Available_Histories":"0","Number_of_All_PPs_in_the_Last_3_Years":"0","Number_of_All_PPs_in_the_Last_30_Days":"0","Number_of_Times_2_Arrears_of_Last_24_All_Available_Histories":"0","Worst_status_in_the_last_6_months_on_All_accounts_opened_for_at_least_12_months":"","Total_Outstanding_CPA_Balance_All":"0","Number_of_All_PPs_in_the_Last_2_Years":"0","Percent_0_Arrears_of_Last_12_All_Available_Histories":"0","Worst_status_in_the_last_3_months_for_active_non_delinquent_CPA_accounts_opened_in_the_last_12_months":"","Number_of_Times_0_Arrears_of_Last_3_Available_Histories":"0","Worst_status_in_the_last_3_months_on_All_accounts_opened_for_at_least_12_months":"","Percent_3_Arrears_of_Last_3_All_Available_Histories":"0"},"Bank":{"Total_number_of__active_non_delinquent_CPA_accounts_opened_L6m":"0","Capital_Amount_of_Bank_PPs_Opened_in_the_Last_Year":"0","Number_of_Bank_accounts_opened_for_at_least_12_months":"0","Number_of_Times_2_Arrears_of_Last_3_Bank_Available_Histories":"0","Worst_Current_Status_on_active_Bank_CPA_accounts":"","Number_of_Open_Fixed_Installment_Bank_PPs":"0","Percent_0_Arrears_of_Last_6_Bank_Available_Histories":"0","Worst_Arrears_Level_of_Most_Recent_Bank_Opened_PP":"","Percent_3_Arrears_of_Last_24_Bank_Available_Histories":"0","Total_number_of_Bank_Delinquent_Accounts":"0","Number_of_Times_2_Arrears_of_Last_24_Bank_Available_Histories":"0","Worst_status_in_the_last_3_months_on_Bank_accounts_opened_4to12_months_ago":"","Number_of_Times_1_Arrears_of_Last_24_Bank_Available_Histories":"0","Worst_status_in_the_last_4to6_months_for_Bank_active_non_delinquent_CPA_accounts_":"","Percent_1_Arrears_of_Last_6_Bank_Available_Histories":"0","Number_of_Bank_PPs_in_the_Last_30_Days":"0","Current_Balance_of_Bank_PPs":"0","Number_of_Currently_Open_Bank_PPs":"0","Monthly_Installment_Value_of_Currently_Open_Bank_PPs":"0","Number_of_Bank_PPs_in_the_Last_180_Days":"0","Number_of_Bank_PPs_in_the_Last_3_Years":"0","Percent_3_Arrears_of_Last_12_Bank_Available_Histories":"0","Total_number_of_Bank_Active_accounts_":"0","Total_value_of_Bank_Delinquent_accounts":"0","Percent_0_Arrears_of_Last_12_Bank_Available_Histories":"0","Worst_Arrears_on_Open_Bank_PPs":"","Number_of_Written_Off_Bank_PPs":"0","Capital_Amount_of_Bank_PPs_Opened_in_the_Last_30_Days":"0","Percent_2_Arrears_of_Last_3_Bank_Available_Histories":"0","Number_of_Times_0_Arrears_of_Last_24_Bank_Available_Histories":"0","Total_Credit_Limit_of_Fixed_Installment_Bank_PPS":"0","Number_of_Closed_Fixed_Installment_Bank_PPs":"0","Percent_3_Arrears_of_Last_3_Bank_Available_Histories":"0","Total_Credit_Limit_of_Revolving_Bank_PPs":"0","Number_of_Bank_Revolving_PPs_Ever":"0","Total_Balance_of_Revolving_Bank_PPs":"0","Total_Credit_Limit_of_Bank_Open_Account_PPs":"0","Percent_1_Arrears_of_Last_3_Bank_Available_Histories":"0","Total_outstanding_balance_on_Bank_active_accounts":"0","Months_Since_Most_Recent_Opened_Bank_PPs":"","Worst_status_last_3_months_for_active__non_delinquent_CPA_accounts_opened_for_more_than_12months_":"","Percent_1_Arrears_of_Last_12_Bank_Available_Histories":"0","Number_of_Times_2_Arrears_of_Last_12_Bank_Available_Histories":"0","Months_Since_Oldest_Opened_Bank_PPs":"","Number_of_Times_3_Arrears_of_Last_3_Bank_Available_Histories":"0","Number_of_Bank_PPs_in_the_Last_Year":"0","Number_of_Times_1_Arrears_of_Last_3_Bank_Available_Histories":"0","Percent_1_Arrears_of_Last_24_Bank_Available_Histories":"0","Worst_Arrears_on_Bank_PPs_in_the_Last_Year":"","Percent_2_Arrears_of_Last_6_Bank_Available_Histories":"0","Total_Balance_of_Fixed_Installment_Bank_PPs":"0","Total_Installment_of_Bank_Open_Account_PPs":"0","Number_of_Bank_Fixed_Installment_PPs_Ever":"0","Worst_current_status_on_active_non_delinquent_non_revolving_accounts":"","Number_of_Habitually_Slow_Bank_PPs":"0","Outstanding_Balance_on_delinquent_revolving_CPA_accounts":"0","Percent_0_Arrears_of_Last_24_Bank_Available_Histories":"0","Worst_status_in_the_last_6_months_on_Bank_accounts_opened_4to12_months_ago":"","Worst_status_in_the_last_3_months_on_Bank_accounts_opened_for_at_least_12_months":"","Number_of_Closed_Bank_PPs":"0","Capital_Amount_of_Bank_PPs_Opened_in_the_Last_180_Days":"0","Monthly_CPA_Installment_Bank":"0","Outstanding_CPA_Balance_Bank":"0","Capital_Amount_of_Bank_PPs_Opened_in_the_Last_90_Days":"0","Worst_Arrears_on_Closed_Bank_PPs":"","Number_of_Bank_PPs_in_the_Last_90_Days":"0","Worst_status_in_the_last_6_months_on_Bank_accounts_opened_for_at_least_12_months":"","Worst_current_status_on_active_non_delinquent_revolving_accounts":"","Number_of_Absconded_Bank_PPs":"0","Worst_Arrears_on_Bank_PPs_in_the_Last_90_Days":"","Total_Installment_of_Revolving_Bank_PPs":"0","Number_of_Times_3_Arrears_of_Last_12_Bank_Available_Histories":"0","Total_Installment_of_Fixed_Installment_Bank_PPs":"0","Number_of_Times_0_Arrears_of_Last_6_Bank_Available_Histories":"0","Number_of_Open_Revolving_Bank_PPs":"0","Number_of_Bank_PPs_in_the_Last_4_Years":"0","Worst_Arrears_on_Bank_PPs_in_the_Last_180_Days":"","Number_of_Times_3_Arrears_of_Last_24_Bank_Available_Histories":"0","Number_of_Bank_PPs_in_the_Last_2_Years":"0","Percent_2_Arrears_of_Last_24_Bank_Available_Histories":"0","Outstanding_Balance_on_non_delinquent_revolving_CPA_opened_L6m":"0","Number_of_Times_3_Arrears_of_Last_6_Bank_Available_Histories":"0","Percent_2_Arrears_of_Last_12_Bank_Available_Histories":"0","Number_of_Bank_PPs_Ever":"0","Number_of_Times_0_Arrears_of_Last_3_Bank_Available_Histories":"0","Number_of_Bank_accounts_opened_4to12_months_ago":"0","Number_of_Times_1_Arrears_of_Last_12_Bank_Available_Histories":"0","Number_of_Times_2_Arrears_of_Last_6_Bank_Available_Histories":"0","Total_Balance_of_Bank_Open_Account_PPs":"0","Number_of_Closed_Revolving_Bank_PPs":"0","Days_since_most_recent_Bank_Delinquent_CPA__account_":"","Percent_0_Arrears_of_Last_3_Bank_Available_Histories":"0","Number_of_Times_1_Arrears_of_Last_6_Bank_Available_Histories":"0","Percent_3_Arrears_of_Last_6_Bank_Available_Histories":"0","Worst_Arrears_on_Any_Bank_PPs":"","Capital_Amount_of_Bank_PPs_Opened_in_the_Last_2_Years":"0","Number_of_Bank_PPs_in_the_Last_5_Years":"0","Worst_status_in_the_last_3_months_for_active_non_delinquent_CPA_accounts_opened_in_the_last_12_months":"","Number_of_Times_0_Arrears_of_Last_12_Bank_Available_Histories":"0","Number_of_Disputed_Bank_PPs":"0"},"AllValue":{"Worst_status_in_the_last_4to6_months_for_all_active_non_delinquent_CPA_accounts_":"0","Percent_1_Arrears_of_Last_6_All_Available_Histories":"54","Total_number_of__active_non_delinquent_CPA_accounts_opened_L6m":"0","Number_of_Closed_All_PPs":"1","Number_of_Times_3_Arrears_of_Last_3_All_Available_Histories":"6","Number_of_all_accounts_opened_for_at_least_12_months":"4","Number_of_Times_1_Arrears_of_Last_12_All_Available_Histories":"24","Total_outstanding_CPA_balance_on_CPA_home_loan_accounts":"0","Total_outstanding_CPA_balance_on_active_CPA_accounts_excluding_home_loans":"79","Worst_Arrears_on_All_PPs_in_the_Last_Year":"0","Capital_Amount_of_All_PPs_Opened_in_the_Last_90_Days":"0","Number_of_Open_Fixed_Installment_All_PPs":"0","Number_of_Times_1_Arrears_of_Last_3_All_Available_Histories":"6","Number_of_All_PPs_in_the_Last_180_Days":"0","Worst_Arrears_on_All_PPs_in_the_Last_90_Days":"0","Number_of_Closed_Revolving_All_PPs":"0","Total_outstanding_balance_on_All_active_accounts":"79","Total_Balance_of_All_Open_Account_PPs":"0","Total_number_of_all_Active_accounts_":"1","Worst_status_in_the_last_3_months_on_All_accounts_opened_4to12_months_ago":"","Percent_3_Arrears_of_Last_12_All_Available_Histories":"58","Number_of_Times_2_Arrears_of_Last_12_All_Available_Histories":"24","Number_of_All_Revolving_PPs_Ever":"0","Number_of_All_Fixed_Installment_PPs_Ever":"0","Total_Balance_of_Revolving_All_PPs":"0","Number_of_Currently_Open_All_PPs":"3","Number_of_Times_1_Arrears_of_Last_24_All_Available_Histories":"33","Number_of_Habitually_Slow_All_PPs":"0","Total_Installment_of_Revolving_All_PPs":"0","Percent_0_Arrears_of_Last_6_All_Available_Histories":"45","Total_Installment_of_All_Open_Account_PPs":"0","Capital_Amount_of_All_PPs_Opened_in_the_Last_30_Days":"0","Worst_status_last_3_months_for_active__non_delinquent_CPA_accounts_opened_for_more_than_12months_":"0","Percent_3_Arrears_of_Last_24_All_Available_Histories":"44","Number_of_Times_1_Arrears_of_Last_6_All_Available_Histories":"12","Total_Credit_Limit_of_All_Open_Account_PPs":"0","Percent_1_Arrears_of_Last_3_All_Available_Histories":"50","Current_Balance_of_All_PPs":"24737","Number_of_all_accounts_opened_4to12_months_ago":"0","Monthly_Installment_Value_of_Currently_Open_All_PPs":"1069","Percent_2_Arrears_of_Last_24_All_Available_Histories":"44","Number_of_Absconded_All_PPs":"0","Number_of_All_PPs_in_the_Last_5_Years":"1","Number_of_Times_2_Arrears_of_Last_6_All_Available_Histories":"12","Number_of_All_PPs_in_the_Last_4_Years":"1","Months_Since_Most_Recent_Opened_PP":"27","Total_number_of_all_Delinquent_Accounts":"0","Number_of_Times_0_Arrears_of_Last_12_All_Available_Histories":"17","Total_outstanding_CPA_balance_on_accounts_opened_for_at_least_12_months_excluding_home_loans":"24737","Percent_2_Arrears_of_Last_12_All_Available_Histories":"58","Total_outstanding_CPA_balance_excluding_home_loans":"24737","Worst_current_status_on_active_non_delinquent_non_revolving_accounts":"0","Number_of_Written_Off_All_PPs":"0","Outstanding_Balance_on_delinquent_revolving_CPA_accounts":"0","Total_Monthly_CPA_Installment_All":"0","Number_of_Times_3_Arrears_of_Last_6_All_Available_Histories":"12","Number_of_All_PPs_Ever":"4","Worst_Current_Status_on_active_All_CPA_accounts":"0","Total_Balance_of_Fixed_Installment_All_PPs":"0","Worst_Arrears_on_Closed_All_PPs":"0","Number_of_Times_0_Arrears_of_Last_6_All_Available_Histories":"10","Number_of_Times_3_Arrears_of_Last_12_All_Available_Histories":"24","Cumulative_Installment_Value":"1069","Number_of_Open_Revolving_All_PPs":"0","Worst_current_status_on_active_non_delinquent_revolving_accounts":"","Percent_1_Arrears_of_Last_24_All_Available_Histories":"44","Worst_Arrears_on_Open_All_PPs":"9","Capital_Amount_of_All_PPs_Opened_in_the_Last_2_Years":"0","Capital_Amount_of_All_PPs_Opened_in_the_Last_180_Days":"0","Worst_status_in_the_last_6_months_on_non_delinquent_home_loan_accounts":"","Number_of_All_PPs_in_the_Last_Year":"0","Worst_status_in_the_last_6_months_on_All_accounts_opened_4to12_months_ago":"","Number_of_Closed_Fixed_Installment_All_PPs":"0","Number_of_Times_3_Arrears_of_Last_24_All_Available_Histories":"33","Worst_Arrears_on_All_PPs_in_the_Last_180_Days":"0","Percent_2_Arrears_of_Last_6_All_Available_Histories":"54","Number_of_All_PPs_in_the_Last_90_Days":"0","Percent_0_Arrears_of_Last_3_All_Available_Histories":"50","Cumulative_Outstanding_Balance":"24737","Total_Credit_Limit_of_Fixed_Installment_All_PPS":"0","Number_of_Disputed_All_PPs":"0","Total_Credit_Limit_of_Revolving_All_PPs":"0","Percent_0_Arrears_of_Last_24_All_Available_Histories":"55","Percent_3_Arrears_of_Last_6_All_Available_Histories":"54","Worst_Arrears_Level_of_the_Account_Opened_Most_Recently":"0","Outstanding_Balance_on_non_delinquent_revolving_CPA_opened_L6m":"0","Percent_2_Arrears_of_Last_3_All_Available_Histories":"50","Percent_1_Arrears_of_Last_12_All_Available_Histories":"58","Number_of_Times_0_Arrears_of_Last_24_All_Available_Histories":"41","Total_value_of_All_Delinquent_accounts":"0","Worst_Arrears_on_Any_All_PPs_ever":"9","Days_since_most_recent_All_Delinquent_CPA__account_":"","Months_Since_Oldest_Opened_PPs_ever_all":"84","Number_of_Times_2_Arrears_of_Last_3_All_Available_Histories":"6","Months_since_most_recent_non_Delinquent_CPA__Home_loan_account_opened":"","Number_of_All_PPs_in_the_Last_3_Years":"1","Number_of_All_PPs_in_the_Last_30_Days":"0","Total_outstanding_CPA_balance_on_CPA_nondelinquent_home_loan_accounts_opened_in_the_last_12_months":"0","Number_of_Times_2_Arrears_of_Last_24_All_Available_Histories":"33","Worst_status_in_the_last_6_months_on_All_accounts_opened_for_at_least_12_months":"0","Total_Outstanding_CPA_Balance_All":"0","Number_of_All_PPs_in_the_Last_2_Years":"0","Total_outstanding_CPA_balance_on_accounts_opened_4to12_months_ago_excluding_home_loans":"0","Percent_0_Arrears_of_Last_12_All_Available_Histories":"41","Worst_status_in_the_last_3_months_for_active_non_delinquent_CPA_accounts_opened_in_the_last_12_months":"","Number_of_Times_0_Arrears_of_Last_3_Available_Histories":"6","Total_Installment_of_Fixed_Installment_All_PPs":"0","Worst_status_in_the_last_3_months_on_All_accounts_opened_for_at_least_12_months":"0","Capital_Amount_of_All_PPs_Opened_in_the_Last_Year":"0","Percent_3_Arrears_of_Last_3_All_Available_Histories":"50"}},"NLR":{"Own":{"Number_of_NLR_accounts_opened_4to12_months_ago":"0","Percent_2_Arrears_of_Last_24_Own_Available_Histories":"0","Monthly_NLR_Installment_Own":"0","Total_value_of_NLR_Delinquent_accounts":"0","Number_of_Own_PPs_in_the_Last_3_Years":"0","Number_of_Times_2_Arrears_of_Last_12_Own_Available_Histories":"0","Percent_3_Arrears_of_Last_12_Own_Available_Histories":"0","Total_Balance_of_Revolving_Own_PPs":"0","Percent_1_Arrears_of_Last_12_Own_Available_Histories":"0","Number_of_Times_1_Arrears_of_Last_24_Own_Available_Histories":"0","Number_of_Own_PPs_in_the_Last_4_Years":"0","Worst_status_in_the_last_3_months_on_NLR_accounts_opened_for_at_least_12_months":"","Capital_Amount_of_Own_PPs_Opened_in_the_Last_180_Days":"0","Number_of_Own_Revolving_PPs_Ever":"0","Capital_Amount_of_Own_PPs_Opened_in_the_Last_2_Years":"0","Percent_2_Arrears_of_Last_12_Own_Available_Histories":"0","Days_since_most_recent_NLR_Delinquent___account_":"","Worst_status_in_the_last_3_months_for_active_non_delinquent__accounts_opened_in_the_last_12_months":"","Percent_1_Arrears_of_Last_24_Own_Available_Histories":"0","Number_of_Own_Fixed_Installment_PPs_Ever":"0","Number_of_Closed_Fixed_Installment_Own_PPs":"0","Number_of_Times_0_Arrears_of_Last_6_Own_Available_Histories":"0","Percent_0_Arrears_of_Last_6_Own_Available_Histories":"0","Total_Balance_of_Fixed_Installment_Own_PPs":"0","Percent_2_Arrears_of_Last_3_Own_Available_Histories":"0","Number_of_Currently_Open_Own_PPs":"0","Capital_Amount_of_Own_PPs_Opened_in_the_Last_90_Days":"0","Total_Credit_Limit_of_Fixed_Installment_Own_PPS":"0","Total_Outstanding_One_Month_Balance_":"0","Number_of_Own_PPs_in_the_Last_180_Days":"0","Worst_status_in_the_last_4to6_months_for_NLR_active_non_delinquent__accounts_":"","Monthly_Installment_Value_of_Currently_Open_Own_PPs":"0","Number_of_Times_2_Arrears_of_Last_3_Own_Available_Histories":"0","Worst_status_in_the_last_3_months_on_NLR_accounts_opened_4to12_months_ago":"","Number_of_Times_0_Arrears_of_Last_12_Own_Available_Histories":"0","Worst_Arrears_on_Closed_Own_PPs":"","Number_of_Times_0_Arrears_of_Last_24_Own_Available_Histories":"0","Number_of_Habitually_Slow_Own_PPs":"0","Number_of_Times_2_Arrears_of_Last_24_Own_Available_Histories":"0","Total_number_of_NLR_Delinquent_Accounts_":"0","Worst_Arrears_on_Own_PPs_in_the_Last_90_days":"","Number_of_Open_Fixed_Installment_Own_PPs":"0","Worst_status_last_3_months_for_active__non_delinquent__accounts_opened_for_more_than_12months_":"","Months_Since_Most_Recent_Opened_PP":"","Worst_Current_Status_on_active_NLR__accounts":"","Worst_Arrears_on_Own_PPs_in_the_Last_180_days":"","Capital_Amount_of_Own_PPs_Opened_in_the_Last_30_Days":"0","Total_outstanding_balance_on_NLR_active_accounts":"0","Total_Installment_of_Fixed_Installment_Own_PPs":"0","Worst_current_status_on_active_non_delinquent_non_revolving_accounts":"","Number_of_Absconded_Own_PPs":"0","Number_of_Own_PPs_in_the_Last_30_Days":"0","Worst_Arrears_on_Own_PPs_in_the_Last_Year":"","Worst_Arrears_on_Open_Own_PPs":"","Number_of_Own_PPs_in_the_Last_90_Days":"0","Outstanding_Balance_on_delinquent_revolving_NLR_accounts":"0","Number_of_Times_3_Arrears_of_Last_24_Own_Available_Histories":"0","Cumulative_Installment_Value":"0","Worst_current_status_on_active_non_delinquent_revolving_accounts":"","Percent_0_Arrears_of_Last_12_Own_Available_Histories":"0","Total_Credit_Limit_of_Revolving_Own_PPs":"0","Number_of_Times_1_Arrears_of_Last_12_Own_Available_Histories":"0","Number_of_Disputed_Own_PPs":"0","Percent_3_Arrears_of_Last_3_Own_Available_Histories":"0","Number_of_Times_3_Arrears_of_Last_3_Own_Available_Histories":"0","Number_of_Own_PPs_in_the_Last_2_Years":"0","Number_of_Times_3_Arrears_of_Last_6_Own_Available_Histories":"0","Number_of_own_PPs_Ever":"0","Cumulative_Outstanding_Balance":"0","Outstanding_NLR_Balance_Own":"0","Worst_status_in_the_last_6_months_on_NLR_accounts_opened_for_at_least_12_months":"","Percent_1_Arrears_of_Last_3_Own_Available_Histories":"0","Percent_3_Arrears_of_Last_6_Own_Available_Histories":"0","Worst_Arrears_Level_of_the_Account_Opened_Most_Recently":"","Number_of_Own_PPs_in_the_Last_Year":"0","Number_of_Times_3_Arrears_of_Last_12_Own_Available_Histories":"0","Worst_status_in_the_last_6_months_on_NLR_accounts_opened_4to12_months_ago":"","Capital_Amount_of_Own_PPs_Opened_in_the_Last_Year":"0","Number_of_Times_2_Arrears_of_Last_6_Own_Available_Histories":"0","Total_number_of_NLR_Active_accounts":"0","Number_of_Times_1_Arrears_of_Last_6_Own_Available_Histories":"0","Percent_0_Arrears_of_Last_24_Own_Available_Histories":"0","Number_of_Closed_Revolving_Own_PPs":"0","Total_Monthly_One_Month_Installment_":"0","Percent_2_Arrears_of_Last_6_Own_Available_Histories":"0","Number_of_NLR_accounts_opened_for_at_least_12_months":"0","Number_of_Closed_Own_PPs":"0","Number_of_Own_PPs_in_the_Last_5_Years":"0","Percent_1_Arrears_of_Last_6_Own_Available_Histories":"0","Worst_Arrears_on_Own_PPs_ever":"","Percent_0_Arrears_of_Last_3_Own_Available_Histories":"0","Number_of_Written_Off_Own_PPs":"0","Months_Since_Oldest_Opened_PPs_ever_own":"","Current_Balance_of_Own_PPs":"0","Number_of_Times_0_Arrears_of_Last_3_Available_Histories":"0","Outstanding_Balance_on_non_delinquent_revolving_NLR_opened_L6m":"0","Number_of_Times_1_Arrears_of_Last_3_Own_Available_Histories":"0","Total_Installment_of_Revolving_Own_PPs":"0","Total_number_of__active_non_delinquent_NLR_accounts_opened_L6m":"0","Number_of_Open_Revolving_Own_PPs":"0","Percent_3_Arrears_of_Last_24_Own_Available_Histories":"0"},"Other":{"Number_of_NLR_accounts_opened_4to12_months_ago":"0","Number_of_Currently_Open_Other_PPs":"1","Percent_1_Arrears_of_Last_12_Other_Available_Histories":"100","Percent_3_Arrears_of_Last_3_Other_Available_Histories":"100","Number_of_Other_PPs_in_the_Last_4_Years":"0","Total_value_of_NLR_Delinquent_accounts":"0","Worst_Arrears_on_Other_PPs_in_the_Last_90_days":"","Number_of_Times_0_Arrears_of_Last_6_Other_Available_Histories":"0","Capital_Amount_of_Other_PPs_Opened_in_the_Last_180_Days":"0","Percent_1_Arrears_of_Last_24_Other_Available_Histories":"100","Total_Balance_of_Revolving_Other_PPs":"0","Number_of_Other_PPs_in_the_Last_30_Days":"0","Worst_status_in_the_last_3_months_on_NLR_accounts_opened_for_at_least_12_months":"","Number_of_Times_1_Arrears_of_Last_24_Other_Available_Histories":"19","Days_since_most_recent_NLR_Delinquent___account_":"","Total_Credit_Limit_of_Fixed_Installment_Other_PPS":"0","Worst_status_in_the_last_3_months_for_active_non_delinquent__accounts_opened_in_the_last_12_months":"","Number_of_Other_PPs_in_the_Last_5_Years":"0","Total_Installment_of_Fixed_Installment_Other_PPs":"0","Number_of_Closed_Revolving_Other_PPs":"0","Worst_status_last_3_months_for_active__non_delinquent_accounts_opened_for_more_than_12months_":"","Capital_Amount_of_Other_PPs_Opened_in_the_Last_2_Years":"0","Capital_Amount_of_Other_PPs_Opened_in_the_Last_90_Days":"0","Number_of_Other_PPs_in_the_Last_Year":"0","Number_of_Times_0_Arrears_of_Last_12_Other_Available_Histories":"0","Number_of_Other_PPs_in_the_Last_3_Years":"0","Percent_1_Arrears_of_Last_6_Other_Available_Histories":"100","Capital_Amount_of_Other_PPs_Opened_in_the_Last_Year":"0","Monthly_Installment_Value_of_Currently_Open_Other_PPs":"654","Total_Outstanding_One_Month_Balance_":"0","Percent_0_Arrears_of_Last_12_Other_Available_Histories":"0","Total_number_of_NLR_Delinquent_Accounts":"0","Number_of_Times_3_Arrears_of_Last_12_Other_Available_Histories":"12","Number_of_Times_2_Arrears_of_Last_3_Other_Available_Histories":"3","Worst_status_in_the_last_4to6_months_for_NLR_active_non_delinquent__accounts_":"","Percent_1_Arrears_of_Last_3_Other_Available_Histories":"100","Worst_status_in_the_last_3_months_on_NLR_accounts_opened_4to12_months_ago":"","Number_of_Times_1_Arrears_of_Last_12_Other_Available_Histories":"12","Number_of_Disputed_Other_PPs":"0","Number_of_Other_PPs_in_the_Last_180_Days":"0","Number_of_Times_1_Arrears_of_Last_3_Other_Available_Histories":"3","Percent_3_Arrears_of_Last_12_Other_Available_Histories":"100","Months_Since_Most_Recent_Opened_PP":"72","Number_of_Times_2_Arrears_of_Last_24_Other_Available_Histories":"19","Worst_Current_Status_on_active_NLR__accounts":"","Percent_3_Arrears_of_Last_24_Other_Available_Histories":"100","Percent_2_Arrears_of_Last_6_Other_Available_Histories":"100","Number_of_Times_0_Arrears_of_Last_24_Other_Available_Histories":"0","Total_outstanding_balance_on_NLR_active_accounts":"0","Worst_current_status_on_active_non_delinquent_non_revolving_accounts":"","Worst_Arrears_on_Other_PPs_ever":"9","Number_of_Other_Fixed_Installment_PPs_Ever":"0","Outstanding_Balance_on_delinquent_revolving_NLR_accounts":"0","Percent_0_Arrears_of_Last_3_Other_Available_Histories":"0","Number_of_Habitually_Slow_Other_PPs":"0","Percent_2_Arrears_of_Last_24_Other_Available_Histories":"100","Number_of_Times_3_Arrears_of_Last_24_Other_Available_Histories":"19","Number_of_Other_PPs_Ever":"1","Number_of_Open_Revolving_Other_PPs":"0","Cumulative_Installment_Value":"654","Number_of_Other_PPs_in_the_Last_90_Days":"0","Worst_current_status_on_active_non_delinquent_revolving_accounts":"","Current_Balance_of_Other_PPs":"15333","Number_of_Times_2_Arrears_of_Last_12_Other_Available_Histories":"12","Number_of_Closed_Fixed_Installment_Other_PPs":"0","Cumulative_Outstanding_Balance":"15333","Worst_status_in_the_last_6_months_on_NLR_accounts_opened_for_at_least_12_months":"","Number_of_Times_3_Arrears_of_Last_3_Other_Available_Histories":"3","Percent_0_Arrears_of_Last_24_Other_Available_Histories":"0","Worst_Arrears_on_Other_PPs_in_the_Last_Year":"","Total_Balance_of_Fixed_Installment_Other_PPs":"0","Number_of_Other_PPs_in_the_Last_2_Years":"0","Percent_2_Arrears_of_Last_3_Other_Available_Histories":"100","Worst_Arrears_Level_of_the_Account_Opened_Most_Recently":"9","Total_Installment_of_Revolving_Other_PPs":"0","Number_of_Open_Fixed_Installment_Other_PPs":"0","Worst_status_in_the_last_6_months_on_NLR_accounts_opened_4to12_months_ago":"","Worst_Arrears_on_Open_Other_PPs":"9","Months_Since_Oldest_Opened_PPs_ever_Other":"72","Number_of_Times_2_Arrears_of_Last_6_Other_Available_Histories":"6","Number_of_Closed_Other_PPs":"0","Number_of_Absconded_Other_PPs":"0","Number_of_Written_Off_Other_PPs":"0","Total_Monthly_One_Month_Installment_":"0","Worst_Arrears_on_Closed_Other_PPs":"","Number_of_NLR_accounts_opened_for_at_least_12_months":"1","Number_of_Times_1_Arrears_of_Last_6_Other_Available_Histories":"6","Percent_3_Arrears_of_Last_6_Other_Available_Histories":"100","Capital_Amount_of_Other_PPs_Opened_in_the_Last_30_Days":"0","Monthly_NLR_Installment_Other":"0","Number_of_Other_Revolving_PPs_Ever":"0","Percent_2_Arrears_of_Last_12_Other_Available_Histories":"100","Total_Credit_Limit_of_Revolving_Other_PPs":"0","Outstanding_NLR_Balance_Other":"0","Percent_0_Arrears_of_Last_6_Other_Available_Histories":"0","Number_of_Times_0_Arrears_of_Last_3_Available_Histories":"0","Outstanding_Balance_on_non_delinquent_revolving_NLR_opened_L6m":"0","Number_of_Times_3_Arrears_of_Last_6_Other_Available_Histories":"6","Total_number_of__active_non_delinquent_NLR_accounts_opened_L6m":"0","Total_number_of_NLR_Active_accounts_":"0","Worst_Arrears_on_Other_PPs_in_the_Last_180_days":""},"AllValue":{"Number_of_NLR_accounts_opened_4to12_months_ago":"0","Percent_1_Arrears_of_Last_6_All_Available_Histories":"100","Number_of_Closed_All_PPs":"0","Number_of_Times_3_Arrears_of_Last_3_All_Available_Histories":"3","Number_of_Times_1_Arrears_of_Last_12_All_Available_Histories":"12","Total_value_of_NLR_Delinquent_accounts":"0","Worst_Arrears_on_All_PPs_in_the_Last_Year":"","Capital_Amount_of_All_PPs_Opened_in_the_Last_90_Days":"0","Number_of_Open_Fixed_Installment_All_PPs":"0","Number_of_Times_1_Arrears_of_Last_3_All_Available_Histories":"3","Worst_status_in_the_last_3_months_on_NLR_accounts_opened_for_at_least_12_months":"","Worst_Arrears_on_All_PPs_in_the_Last_180_days":"","Number_of_Closed_Revolving_All_PPs":"0","Days_since_most_recent_NLR_Delinquent___account_":"","Worst_status_in_the_last_3_months_for_active_non_delinquent__accounts_opened_in_the_last_12_months":"","Worst_status_last_3_months_for_active__non_delinquent_accounts_opened_for_more_than_12months_":"","Percent_3_Arrears_of_Last_12_All_Available_Histories":"100","Number_of_Times_2_Arrears_of_Last_12_All_Available_Histories":"12","Number_of_All_Revolving_PPs_Ever":"0","Number_of_All_Fixed_Installment_PPs_Ever":"0","Total_Balance_of_Revolving_All_PPs":"0","Number_of_Currently_Open_All_PPs":"1","Number_of_Times_1_Arrears_of_Last_24_All_Available_Histories":"19","Number_of_Habitually_Slow_All_PPs":"0","Total_Outstanding_One_Month_Balance_":"0","Total_Installment_of_Revolving_All_PPs":"0","Number_of_All_PPs_in_the_Last_180_days":"0","Percent_0_Arrears_of_Last_6_All_Available_Histories":"0","Total_number_of_NLR_Delinquent_Accounts":"0","Capital_Amount_of_All_PPs_Opened_in_the_Last_30_Days":"0","Worst_status_in_the_last_4to6_months_for_NLR_active_non_delinquent__accounts_":"","Worst_status_in_the_last_3_months_on_NLR_accounts_opened_4to12_months_ago":"","Percent_3_Arrears_of_Last_24_All_Available_Histories":"100","Number_of_Times_1_Arrears_of_Last_6_All_Available_Histories":"6","Percent_1_Arrears_of_Last_3_All_Available_Histories":"100","Current_Balance_of_All_PPs":"15333","Monthly_Installment_Value_of_Currently_Open_All_PPs":"654","Percent_2_Arrears_of_Last_24_All_Available_Histories":"100","Number_of_Absconded_All_PPs":"0","Number_of_All_PPs_in_the_Last_5_Years":"0","Number_of_Times_2_Arrears_of_Last_6_All_Available_Histories":"6","Worst_Arrears_on_All_PPs_in_the_Last_90_days":"","Number_of_All_PPs_in_the_Last_4_Years":"0","Months_Since_Most_Recent_Opened_PP":"72","Worst_Current_Status_on_active_NLR__accounts":"","Number_of_Times_0_Arrears_of_Last_12_All_Available_Histories":"0","Percent_2_Arrears_of_Last_12_All_Available_Histories":"100","Total_outstanding_balance_on_NLR_active_accounts":"0","Worst_current_status_on_active_non_delinquent_non_revolving_accounts":"","Number_of_Written_Off_All_PPs":"0","Total_Outstanding_NLR_Balance_All":"0","Number_of_Times_3_Arrears_of_Last_6_All_Available_Histories":"6","Number_of_All_PPs_Ever":"1","Total_Balance_of_Fixed_Installment_All_PPs":"0","Outstanding_Balance_on_delinquent_revolving_NLR_accounts":"0","Worst_Arrears_on_Closed_All_PPs":"","Number_of_Times_0_Arrears_of_Last_6_All_Available_Histories":"0","Number_of_Times_3_Arrears_of_Last_12_All_Available_Histories":"12","Cumulative_Installment_Value":"654","Number_of_Open_Revolving_All_PPs":"0","Worst_current_status_on_active_non_delinquent_revolving_accounts":"","Percent_1_Arrears_of_Last_24_All_Available_Histories":"100","Worst_Arrears_on_Open_All_PPs":"9","Capital_Amount_of_All_PPs_Opened_in_the_Last_2_Years":"0","Capital_Amount_of_All_PPs_Opened_in_the_Last_180_Days":"0","Months_Since_Oldest_Opened_PPs_ever_All":"72","Number_of_All_PPs_in_the_Last_Year":"0","Total_Monthly_NLR_Installment_All":"0","Number_of_Closed_Fixed_Installment_All_PPs":"0","Number_of_Times_3_Arrears_of_Last_24_All_Available_Histories":"19","Percent_2_Arrears_of_Last_6_All_Available_Histories":"100","Number_of_All_PPs_in_the_Last_90_Days":"0","Percent_0_Arrears_of_Last_3_All_Available_Histories":"0","Cumulative_Outstanding_Balance":"15333","Total_Credit_Limit_of_Fixed_Installment_All_PPS":"0","Number_of_Disputed_All_PPs":"0","Worst_status_in_the_last_6_months_on_NLR_accounts_opened_for_at_least_12_months":"","Total_Credit_Limit_of_Revolving_All_PPs":"0","Percent_0_Arrears_of_Last_24_All_Available_Histories":"0","Percent_3_Arrears_of_Last_6_All_Available_Histories":"100","Worst_Arrears_Level_of_the_Account_Opened_Most_Recently":"9","Worst_Arrears_on_All_PPs_ever":"9","Percent_2_Arrears_of_Last_3_All_Available_Histories":"100","Percent_1_Arrears_of_Last_12_All_Available_Histories":"100","Worst_status_in_the_last_6_months_on_NLR_accounts_opened_4to12_months_ago":"","Number_of_Times_0_Arrears_of_Last_24_All_Available_Histories":"0","Number_of_Times_2_Arrears_of_Last_3_All_Available_Histories":"3","Total_Monthly_One_Month_Installment_":"0","Number_of_All_PPs_in_the_Last_3_Years":"0","Number_of_All_PPs_in_the_Last_30_Days":"0","Number_of_NLR_accounts_opened_for_at_least_12_months":"1","Number_of_Times_2_Arrears_of_Last_24_All_Available_Histories":"19","Number_of_All_PPs_in_the_Last_2_Years":"0","Percent_0_Arrears_of_Last_12_All_Available_Histories":"0","Number_of_Times_0_Arrears_of_Last_3_Available_Histories":"0","Total_Installment_of_Fixed_Installment_All_PPs":"0","Outstanding_Balance_on_non_delinquent_revolving_NLR_opened_L6m":"0","Total_number_of__active_non_delinquent_NLR_accounts_opened_L6m":"0","Capital_Amount_of_All_PPs_Opened_in_the_Last_Year":"0","Total_number_of_NLR_Active_accounts_":"0","Percent_3_Arrears_of_Last_3_All_Available_Histories":"100"}}},"NLR_Past_24_Months":{"Positive_loans":"0","Highest_months_in_arrears":""},"Adverses":{"CPA":{"Number_of_Adverses_in_the_Previous_6_Months":"0","Number_of_CPA_adverses_ever":"0","Number_of_Adverses_in_the_Last_30_days":"0","Total_Value_of_all_Adverses":"0","Number_of_Adverses_in_the_Last_2_years":"0","Highest_Adverse_Value":"0","Number_of_Adverses_in_the_Last_3_years":"0","Months_since_most_recent_CPA_adverse":"","Total_value_of_all_CPA_adverses":"0","Number_of_Adverses_in_the_Last_year":"0","Number_of_Adverses_in_the_Last_19_to_36_Months":"0","Number_of_Adverses_in_the_Last_4_years":"0","Number_of_Adverses_in_the_Last_90_days":"0","Months_Since_Most_Recent_Adverse":"","Number_of_Adverses_in_the_Last_5_years":"0","Total_Number_of_Adverses_Ever":"0","Months_Since_Highest_Adverse":"","Number_of_Adverses_in_the_Last_180_days":"0","Value_of_Most_Recent_Adverse":"0"},"NLR":{"Number_of_Adverses_in_the_Previous_6_Months":"0","Total_value_of_all_NLR_adverses":"0","Number_of_NLR_adverses_ever":"0","Number_of_Adverses_in_the_Last_30_days":"0","Total_Value_of_all_Adverses":"0","Number_of_Adverses_in_the_Last_2_years":"0","Highest_Adverse_Value":"0","Number_of_Adverses_in_the_Last_3_years":"0","Number_of_Adverses_in_the_Last_year":"0","Number_of_Adverses_in_the_Last_19_to_36_Months":"0","Number_of_Adverses_in_the_Last_4_years":"0","Number_of_Adverses_in_the_Last_90_days":"0","Months_Since_Most_Recent_Adverse":"","Months_since_most_recent_NLR_adverse":"","Number_of_Adverses_in_the_Last_5_years":"0","Total_Number_of_Adverses_Ever":"0","Months_Since_Highest_Adverse":"","Number_of_Adverses_in_the_Last_180_days":"0","Value_of_Most_Recent_Adverse":"0"}},"NLR_Past_12_Months":{"Positive_loans":"0"},"CPA_CumulativeArrears":"24658","CPA_Past_24_Months":{"Positive_loans":"2","Highest_months_in_arrears":"9"}},"Telephones":{"Telephone":[{"PhonePrefix":"021","PhoneType":{"type":"Work"}},{"PhonePrefix":"021","PhoneType":{"type":"Work"}},{"PhonePrefix":"073","PhoneType":{"type":"Work"}},{"PhonePrefix":"021","PhoneType":{"type":"Work"}},{"PhonePrefix":"060","PhoneType":{"type":"Cell"}},{"PhonePrefix":"072","PhoneType":{"type":"Cell"}},{"PhonePrefix":"073","PhoneType":{"type":"Cell"}},{"PhonePrefix":"078","PhoneType":{"type":"Cell"}},{"PhonePrefix":"078","PhoneType":{"type":"Home"}},{"PhonePrefix":"073","PhoneType":{"type":"Home"}},{"PhonePrefix":"073","PhoneType":{"type":"Home"}},{"PhonePrefix":"021","PhoneType":{"type":"Home"}}]}},"user-uuid":"336b9f63-aa33-4a4c-886e-3f7211ae9137"}