{"account-id":"740400","client-ref":"0116916834-1537043137","bureau-id":"EX","pulled-timestamp":"2018-09-15T20:25:37","report-id":"41658754","report":{"Addresses":{"Address":[{"ReportDate":"20180430","Relation":"Former Address","City":"","ZipCode":"1804","CityArea":"SOWETO"},{"ReportDate":"20180430","Relation":"Primary Address","City":"","ZipCode":"1804","CityArea":""},{"ReportDate":"20170819","Relation":"Primary Address","City":"","ZipCode":"1862","CityArea":""},{"ReportDate":"20170819","Relation":"Primary Address","City":"","ZipCode":"1862","CityArea":""},{"ReportDate":"20170630","Relation":"Primary Address","City":"","ZipCode":"0186","CityArea":"DIEPKLOOF ZONE 2"},{"ReportDate":"20170630","Relation":"Primary Address","City":"","ZipCode":"186","CityArea":"ZONE BACK ROOMS"},{"ReportDate":"20160512","Relation":"","City":"","ZipCode":"0000","CityArea":""},{"ReportDate":"20160512","Relation":"Primary Address","City":"","ZipCode":"1000","CityArea":"C"},{"ReportDate":"20160512","Relation":"Primary Address","City":"","ZipCode":"0000","CityArea":""},{"ReportDate":"20160331","Relation":"Primary Address","City":"","ZipCode":"0164","CityArea":"DIEPKLOOF"},{"ReportDate":"20160331","Relation":"Primary Address","City":"","ZipCode":"1645","CityArea":""},{"ReportDate":"20150512","Relation":"Primary Address","City":"","ZipCode":"2499","CityArea":""},{"ReportDate":"20120630","Relation":"Primary Address","City":"2499","ZipCode":"0000","CityArea":"CARLETONVILLE"},{"ReportDate":"20101130","Relation":"Primary Address","City":"","ZipCode":"1862","CityArea":"DIEPKLOOF ZONE 2"},{"ReportDate":"20090331","Relation":"Primary Address","City":"","ZipCode":"1862","CityArea":"DIEPKLOOF EXT"},{"ReportDate":"20081210","Relation":"","City":"","ZipCode":"2099","CityArea":"CARLTONVILLE"},{"ReportDate":"20080630","Relation":"Primary Address","City":"","ZipCode":"1862","CityArea":""},{"ReportDate":"20071228","Relation":"Primary Address","City":"DIEPKLOOF","ZipCode":"0186","CityArea":""},{"ReportDate":"20071012","Relation":"Primary Address","City":"","ZipCode":"0000","CityArea":"DIEPKLOOF"}]},"SubscriberInfo":{"LastUpdateDate":"","ParentSubscriber":"","BusinessType":"0","Phone":"","SAFPSMemberRegNbr":"","LegalName":""},"Detect":{"DisputeIndicator":"N","IDverification":{"SurnameVerified":"Yes","InitialsVerified":"One initial matched","IDverified":"Yes"},"DebtRestructure":{"code":""}},"Session":{"Environment":"PRODUCTION","User_ID":"CLEAROFFPK","RequestType":"XML2","Version":"1.0.0","GroupName":"014228","Group_ID":"014228","Subscriber_ID":"014228","FullName":"CLEAROFFPK"},"Employers":{"Employer":[{"Employer_Address":"CONTRACTED WORKER","Occupation":"CONTRACTED WORKER   00","Date_Supplied":"00000000"},{"Employer_Address":"CONTRACTED WORKER","Occupation":"CONTRACTED WORKER   00","Date_Supplied":"00000000"},{"Employer_Address":"PANELBEATING ASSIS","Occupation":"PANELBEATING ASSIS  00","Date_Supplied":"00000000"}]},"ScoreBlock":{"Delphi":[{"ScoreName":"Delphi New Business G4.1 Banki ","Scorecard_Identifier":"402","RequestID":"17","Score":"606","ReasonCode":"D206D201D203D207D208"}]},"Accounts":{"CPA":{"Other":[{"EndUseCode":"O","Repayment_Frequency_Code":"03","Installment":"0","Ownership_Type_Code":"00","History_of_most_recent_12_months":"?????000","No_of_Participants_Joint_Loan":"  0","PaymentStatus":"00","CreditLimit":"0","RepaymentPeriod":"0000","Ownership_Type_Description":"Other","Subscriber":"HOLLARD LIFE ASS","StatusDate":"20180403","LastPayment":"999999999","OverdueAmount":"0","CurrentBalance":"0","Subscriber_Code":"0","Account_Sold_Third_Party_Indicator":" 0","Payment_Type_Description":"Staff Account","OpenBalance":"0","Repayment_Frequency_Desc":"Monthly","AccountType":{"value":"Long term insurance","code":"L "},"Third_Party_Name":"","Worst_history_in_the_last_12_months":"0","BalanceDate":"20180430","Worst_Payment_History":"0","PaymentCycle":{"Payment":[{"StatusDate":"20180901","Months":"??","Status":{"value":"No data","code":"??"}},{"StatusDate":"20180801","Months":"??","Status":{"value":"No data","code":"??"}},{"StatusDate":"20180701","Months":"??","Status":{"value":"No data","code":"??"}},{"StatusDate":"20180601","Months":"??","Status":{"value":"No data","code":"??"}},{"StatusDate":"20180501","Months":"??","Status":{"value":"No data","code":"??"}},{"StatusDate":"20180401","Months":"00","Status":{"value":"Cancelled by client","code":"G "}},{"StatusDate":"20180301","Months":"00","Status":{"value":"Open or current","code":"  "}},{"StatusDate":"20180201","Months":"00","Status":{"value":"Open or current","code":"  "}}]},"AccountNo":"05a9a33beed25db92a2b5dae1e4944baa7ff3d218967c0fcd0a6728916604ba1","Industry_Code":"","Deferred_Payment_Date":"00000000","OpenDate":"20180201","LastPaymentDate":"00000000","Payment_Type_Code":"03","Status":{"value":"Cancelled by client","code":"G"}},{"EndUseCode":"O","Repayment_Frequency_Code":"03","Installment":"56","Ownership_Type_Code":"00","History_of_most_recent_12_months":"????00","No_of_Participants_Joint_Loan":"  0","PaymentStatus":"00","CreditLimit":"0","RepaymentPeriod":"0000","Ownership_Type_Description":"Other","Subscriber":"COMMIT TECHNOLOGIES - RESCUE BOX","StatusDate":"00000000","LastPayment":"56","OverdueAmount":"0","CurrentBalance":"56","Subscriber_Code":"0","Account_Sold_Third_Party_Indicator":" 0","Payment_Type_Description":"Other","OpenBalance":"0","Repayment_Frequency_Desc":"Monthly","AccountType":{"value":"Service related without limit","code":"F "},"Third_Party_Name":"","Worst_history_in_the_last_12_months":"0","BalanceDate":"20180531","Worst_Payment_History":"0","PaymentCycle":{"Payment":[{"StatusDate":"20180901","Months":"??","Status":{"value":"No data","code":"??"}},{"StatusDate":"20180801","Months":"??","Status":{"value":"No data","code":"??"}},{"StatusDate":"20180701","Months":"??","Status":{"value":"No data","code":"??"}},{"StatusDate":"20180601","Months":"??","Status":{"value":"No data","code":"??"}},{"StatusDate":"20180501","Months":"00","Status":{"value":"Open or current","code":"  "}},{"StatusDate":"20180401","Months":"00","Status":{"value":"Open or current","code":"  "}}]},"AccountNo":"bf9b6511dcc652280c12a4f9a25379a88d4ee7346d4c045657f4382e97d74948","Industry_Code":"","Deferred_Payment_Date":"00000000","OpenDate":"20180125","LastPaymentDate":"20180415","Payment_Type_Code":"00","Status":{"value":"Open or current","code":" "}},{"EndUseCode":"O","Repayment_Frequency_Code":"03","Installment":"56","Ownership_Type_Code":"00","History_of_most_recent_12_months":"????00","No_of_Participants_Joint_Loan":"  0","PaymentStatus":"00","CreditLimit":"0","RepaymentPeriod":"0000","Ownership_Type_Description":"Other","Subscriber":"COMMIT TECHNOLOGIES - SAFTEY BOX","StatusDate":"00000000","LastPayment":"56","OverdueAmount":"0","CurrentBalance":"56","Subscriber_Code":"0","Account_Sold_Third_Party_Indicator":" 0","Payment_Type_Description":"Other","OpenBalance":"0","Repayment_Frequency_Desc":"Monthly","AccountType":{"value":"Service related without limit","code":"F "},"Third_Party_Name":"","Worst_history_in_the_last_12_months":"0","BalanceDate":"20180531","Worst_Payment_History":"0","PaymentCycle":{"Payment":[{"StatusDate":"20180901","Months":"??","Status":{"value":"No data","code":"??"}},{"StatusDate":"20180801","Months":"??","Status":{"value":"No data","code":"??"}},{"StatusDate":"20180701","Months":"??","Status":{"value":"No data","code":"??"}},{"StatusDate":"20180601","Months":"??","Status":{"value":"No data","code":"??"}},{"StatusDate":"20180501","Months":"00","Status":{"value":"Open or current","code":"  "}},{"StatusDate":"20180401","Months":"00","Status":{"value":"Open or current","code":"  "}}]},"AccountNo":"5caf54610b7d7f605f8d2bf2f95486f4836061fb3cd463b8899f8d0f8f7d43b1","Industry_Code":"","Deferred_Payment_Date":"00000000","OpenDate":"20180125","LastPaymentDate":"20180415","Payment_Type_Code":"00","Status":{"value":"Open or current","code":" "}},{"EndUseCode":"O","Repayment_Frequency_Code":"03","Installment":"0","Ownership_Type_Code":"00","History_of_most_recent_12_months":"????????????","No_of_Participants_Joint_Loan":"  0","PaymentStatus":"00","CreditLimit":"0","RepaymentPeriod":"0000","Ownership_Type_Description":"Other","Subscriber":"COMMIT TECHNOLOGIES - RESCUE BOX","StatusDate":"20161031","LastPayment":"999999999","OverdueAmount":"0","CurrentBalance":"0","Subscriber_Code":"0","Account_Sold_Third_Party_Indicator":" 0","Payment_Type_Description":"Other","OpenBalance":"0","Repayment_Frequency_Desc":"Monthly","AccountType":{"value":"Service related without limit","code":"F "},"Third_Party_Name":"","Worst_history_in_the_last_12_months":"","BalanceDate":"20161130","Worst_Payment_History":"0","PaymentCycle":{"Payment":[{"StatusDate":"20180901","Months":"??","Status":{"value":"No data","code":"??"}},{"StatusDate":"20180801","Months":"??","Status":{"value":"No data","code":"??"}},{"StatusDate":"20180701","Months":"??","Status":{"value":"No data","code":"??"}},{"StatusDate":"20180601","Months":"??","Status":{"value":"No data","code":"??"}},{"StatusDate":"20180501","Months":"??","Status":{"value":"No data","code":"??"}},{"StatusDate":"20180401","Months":"??","Status":{"value":"No data","code":"??"}},{"StatusDate":"20180301","Months":"??","Status":{"value":"No data","code":"??"}},{"StatusDate":"20180201","Months":"??","Status":{"value":"No data","code":"??"}},{"StatusDate":"20180101","Months":"??","Status":{"value":"No data","code":"??"}},{"StatusDate":"20171201","Months":"??","Status":{"value":"No data","code":"??"}},{"StatusDate":"20171101","Months":"??","Status":{"value":"No data","code":"??"}},{"StatusDate":"20171001","Months":"??","Status":{"value":"No data","code":"??"}},{"StatusDate":"20170901","Months":"??","Status":{"value":"No data","code":"??"}},{"StatusDate":"20170801","Months":"??","Status":{"value":"No data","code":"??"}},{"StatusDate":"20170701","Months":"??","Status":{"value":"No data","code":"??"}},{"StatusDate":"20170601","Months":"??","Status":{"value":"No data","code":"??"}},{"StatusDate":"20170501","Months":"??","Status":{"value":"No data","code":"??"}},{"StatusDate":"20170401","Months":"??","Status":{"value":"No data","code":"??"}},{"StatusDate":"20170301","Months":"??","Status":{"value":"No data","code":"??"}},{"StatusDate":"20170201","Months":"??","Status":{"value":"No data","code":"??"}},{"StatusDate":"20170101","Months":"??","Status":{"value":"No data","code":"??"}},{"StatusDate":"20161201","Months":"??","Status":{"value":"No data","code":"??"}},{"StatusDate":"20161101","Months":"00","Status":{"value":"Account closed","code":"C "}},{"StatusDate":"20161001","Months":"00","Status":{"value":"Account closed","code":"C "}}]},"AccountNo":"6c86e03c1283f23811679c5ae60ddc04a1f9978668cf47c2464aa7794c225d12","Industry_Code":"","Deferred_Payment_Date":"00000000","OpenDate":"20160929","LastPaymentDate":"00000000","Payment_Type_Code":"00","Status":{"value":"Account closed","code":"C"}},{"EndUseCode":"O","Repayment_Frequency_Code":"03","Installment":"0","Ownership_Type_Code":"00","History_of_most_recent_12_months":"????????????","No_of_Participants_Joint_Loan":"  0","PaymentStatus":"00","CreditLimit":"0","RepaymentPeriod":"0000","Ownership_Type_Description":"Other","Subscriber":"COMMIT TECHNOLOGIES SOCIETY","StatusDate":"20161030","LastPayment":"999999999","OverdueAmount":"0","CurrentBalance":"0","Subscriber_Code":"0","Account_Sold_Third_Party_Indicator":" 0","Payment_Type_Description":"Other","OpenBalance":"0","Repayment_Frequency_Desc":"Monthly","AccountType":{"value":"Service related without limit","code":"F "},"Third_Party_Name":"","Worst_history_in_the_last_12_months":"","BalanceDate":"20161031","Worst_Payment_History":"0","PaymentCycle":{"Payment":[{"StatusDate":"20180901","Months":"??","Status":{"value":"No data","code":"??"}},{"StatusDate":"20180801","Months":"??","Status":{"value":"No data","code":"??"}},{"StatusDate":"20180701","Months":"??","Status":{"value":"No data","code":"??"}},{"StatusDate":"20180601","Months":"??","Status":{"value":"No data","code":"??"}},{"StatusDate":"20180501","Months":"??","Status":{"value":"No data","code":"??"}},{"StatusDate":"20180401","Months":"??","Status":{"value":"No data","code":"??"}},{"StatusDate":"20180301","Months":"??","Status":{"value":"No data","code":"??"}},{"StatusDate":"20180201","Months":"??","Status":{"value":"No data","code":"??"}},{"StatusDate":"20180101","Months":"??","Status":{"value":"No data","code":"??"}},{"StatusDate":"20171201","Months":"??","Status":{"value":"No data","code":"??"}},{"StatusDate":"20171101","Months":"??","Status":{"value":"No data","code":"??"}},{"StatusDate":"20171001","Months":"??","Status":{"value":"No data","code":"??"}},{"StatusDate":"20170901","Months":"??","Status":{"value":"No data","code":"??"}},{"StatusDate":"20170801","Months":"??","Status":{"value":"No data","code":"??"}},{"StatusDate":"20170701","Months":"??","Status":{"value":"No data","code":"??"}},{"StatusDate":"20170601","Months":"??","Status":{"value":"No data","code":"??"}},{"StatusDate":"20170501","Months":"??","Status":{"value":"No data","code":"??"}},{"StatusDate":"20170401","Months":"??","Status":{"value":"No data","code":"??"}},{"StatusDate":"20170301","Months":"??","Status":{"value":"No data","code":"??"}},{"StatusDate":"20170201","Months":"??","Status":{"value":"No data","code":"??"}},{"StatusDate":"20170101","Months":"??","Status":{"value":"No data","code":"??"}},{"StatusDate":"20161201","Months":"??","Status":{"value":"No data","code":"??"}},{"StatusDate":"20161101","Months":"??","Status":{"value":"No data","code":"??"}},{"StatusDate":"20161001","Months":"00","Status":{"value":"Account closed","code":"C "}}]},"AccountNo":"a4c20158fab2972452f761a21d7f31b9acc94fa5623538c966b365960fabe834","Industry_Code":"","Deferred_Payment_Date":"00000000","OpenDate":"20160929","LastPaymentDate":"00000000","Payment_Type_Code":"00","Status":{"value":"Account closed","code":"C"}},{"EndUseCode":"O","Repayment_Frequency_Code":"03","Installment":"435","Ownership_Type_Code":"00","History_of_most_recent_12_months":"??????????9?","No_of_Participants_Joint_Loan":"  0","PaymentStatus":"09","CreditLimit":"9800","RepaymentPeriod":"0000","Ownership_Type_Description":"Other","Subscriber":"MARKHAMS (RCS)","StatusDate":"20160223","LastPayment":"235","OverdueAmount":"4548","CurrentBalance":"4548","Subscriber_Code":"60050","Account_Sold_Third_Party_Indicator":" 1","Payment_Type_Description":"Other","OpenBalance":"9800","Repayment_Frequency_Desc":"Monthly","AccountType":{"value":"Revolving","code":"R "},"Third_Party_Name":"NORMAN BISSETT AND ASSOC (PTY) L","Worst_history_in_the_last_12_months":"9","BalanceDate":"20171111","Worst_Payment_History":"9","PaymentCycle":{"Payment":[{"StatusDate":"20180901","Months":"??","Status":{"value":"No data","code":"??"}},{"StatusDate":"20180801","Months":"??","Status":{"value":"No data","code":"??"}},{"StatusDate":"20180701","Months":"??","Status":{"value":"No data","code":"??"}},{"StatusDate":"20180601","Months":"??","Status":{"value":"No data","code":"??"}},{"StatusDate":"20180501","Months":"??","Status":{"value":"No data","code":"??"}},{"StatusDate":"20180401","Months":"??","Status":{"value":"No data","code":"??"}},{"StatusDate":"20180301","Months":"??","Status":{"value":"No data","code":"??"}},{"StatusDate":"20180201","Months":"??","Status":{"value":"No data","code":"??"}},{"StatusDate":"20180101","Months":"??","Status":{"value":"No data","code":"??"}},{"StatusDate":"20171201","Months":"??","Status":{"value":"No data","code":"??"}},{"StatusDate":"20171101","Months":"09","Status":{"value":"Open or current","code":"  "}},{"StatusDate":"20171001","Months":"??","Status":{"value":"Open or current","code":"  "}},{"StatusDate":"20170901","Months":"??","Status":{"value":"Open or current","code":"  "}},{"StatusDate":"20170801","Months":"09","Status":{"value":"Open or current","code":"  "}},{"StatusDate":"20170701","Months":"09","Status":{"value":"Open or current","code":"  "}},{"StatusDate":"20170601","Months":"09","Status":{"value":"Open or current","code":"  "}},{"StatusDate":"20170501","Months":"09","Status":{"value":"Open or current","code":"  "}},{"StatusDate":"20170401","Months":"09","Status":{"value":"Open or current","code":"  "}},{"StatusDate":"20170301","Months":"09","Status":{"value":"Open or current","code":"  "}},{"StatusDate":"20170201","Months":"09","Status":{"value":"Open or current","code":"  "}},{"StatusDate":"20170101","Months":"09","Status":{"value":"Open or current","code":"  "}},{"StatusDate":"20161201","Months":"09","Status":{"value":"Open or current","code":"  "}},{"StatusDate":"20161101","Months":"09","Status":{"value":"Open or current","code":"  "}},{"StatusDate":"20161001","Months":"09","Status":{"value":"Open or current","code":"  "}},{"StatusDate":"20160901","Months":"09","Status":{"value":"Open or current","code":"  "}},{"StatusDate":"20160801","Months":"09","Status":{"value":"Open or current","code":"  "}},{"StatusDate":"20160701","Months":"09","Status":{"value":"Open or current","code":"  "}},{"StatusDate":"20160601","Months":"09","Status":{"value":"Open or current","code":"  "}},{"StatusDate":"20160501","Months":"09","Status":{"value":"Open or current","code":"  "}},{"StatusDate":"20160401","Months":"09","Status":{"value":"Open or current","code":"  "}},{"StatusDate":"20160301","Months":"07","Status":{"value":"Open or current","code":"  "}},{"StatusDate":"20160201","Months":"05","Status":{"value":"Open or current","code":"  "}},{"StatusDate":"20160101","Months":"04","Status":{"value":"Open or current","code":"  "}},{"StatusDate":"20151201","Months":"03","Status":{"value":"Open or current","code":"  "}},{"StatusDate":"20151101","Months":"02","Status":{"value":"Open or current","code":"  "}},{"StatusDate":"20151001","Months":"01","Status":{"value":"Open or current","code":"  "}}]},"AccountNo":"4f56a80fee929b2b70a1214843da6fdb8facaf5268e822f6fcfbbc49bd8b73da","Industry_Code":"R","Deferred_Payment_Date":"00000000","OpenDate":"20150426","LastPaymentDate":"20150805","Payment_Type_Code":"00","Status":{"value":"Open or current","code":" "}},{"EndUseCode":"O","Repayment_Frequency_Code":"03","Installment":"0","Ownership_Type_Code":"00","History_of_most_recent_12_months":"????????????","No_of_Participants_Joint_Loan":"  1","PaymentStatus":"00","CreditLimit":"0","RepaymentPeriod":"0000","Ownership_Type_Description":"Other","Subscriber":"MULTICHOICE OPERATIONS (PTY) LTD","StatusDate":"20160710","LastPayment":"999999999","OverdueAmount":"0","CurrentBalance":"0","Subscriber_Code":"0","Account_Sold_Third_Party_Indicator":" 0","Payment_Type_Description":"Other","OpenBalance":"0","Repayment_Frequency_Desc":"Monthly","AccountType":{"value":"Service related without limit","code":"F "},"Third_Party_Name":"","Worst_history_in_the_last_12_months":"","BalanceDate":"20161110","Worst_Payment_History":"0","PaymentCycle":{"Payment":[{"StatusDate":"20180901","Months":"??","Status":{"value":"No data","code":"??"}},{"StatusDate":"20180801","Months":"??","Status":{"value":"No data","code":"??"}},{"StatusDate":"20180701","Months":"??","Status":{"value":"No data","code":"??"}},{"StatusDate":"20180601","Months":"??","Status":{"value":"No data","code":"??"}},{"StatusDate":"20180501","Months":"??","Status":{"value":"No data","code":"??"}},{"StatusDate":"20180401","Months":"??","Status":{"value":"No data","code":"??"}},{"StatusDate":"20180301","Months":"??","Status":{"value":"No data","code":"??"}},{"StatusDate":"20180201","Months":"??","Status":{"value":"No data","code":"??"}},{"StatusDate":"20180101","Months":"??","Status":{"value":"No data","code":"??"}},{"StatusDate":"20171201","Months":"??","Status":{"value":"No data","code":"??"}},{"StatusDate":"20171101","Months":"??","Status":{"value":"No data","code":"??"}},{"StatusDate":"20171001","Months":"??","Status":{"value":"No data","code":"??"}},{"StatusDate":"20170901","Months":"??","Status":{"value":"No data","code":"??"}},{"StatusDate":"20170801","Months":"??","Status":{"value":"No data","code":"??"}},{"StatusDate":"20170701","Months":"??","Status":{"value":"No data","code":"??"}},{"StatusDate":"20170601","Months":"??","Status":{"value":"No data","code":"??"}},{"StatusDate":"20170501","Months":"??","Status":{"value":"No data","code":"??"}},{"StatusDate":"20170401","Months":"??","Status":{"value":"No data","code":"??"}},{"StatusDate":"20170301","Months":"??","Status":{"value":"No data","code":"??"}},{"StatusDate":"20170201","Months":"??","Status":{"value":"No data","code":"??"}},{"StatusDate":"20170101","Months":"??","Status":{"value":"No data","code":"??"}},{"StatusDate":"20161201","Months":"??","Status":{"value":"No data","code":"??"}},{"StatusDate":"20161101","Months":"00","Status":{"value":"Paid up","code":"P "}},{"StatusDate":"20161001","Months":"??","Status":{"value":"Paid up","code":"P "}},{"StatusDate":"20160901","Months":"??","Status":{"value":"Paid up","code":"P "}},{"StatusDate":"20160801","Months":"??","Status":{"value":"Paid up","code":"P "}},{"StatusDate":"20160701","Months":"??","Status":{"value":"Paid up","code":"P "}},{"StatusDate":"20160601","Months":"00","Status":{"value":"Open or current","code":"  "}},{"StatusDate":"20160501","Months":"00","Status":{"value":"Open or current","code":"  "}},{"StatusDate":"20160401","Months":"00","Status":{"value":"Open or current","code":"  "}},{"StatusDate":"20160301","Months":"00","Status":{"value":"Open or current","code":"  "}}]},"AccountNo":"b1a7a53edae6f147750dd244c3380172585ae39d91c8b40d014b78fae8ff7b11","Industry_Code":"","Deferred_Payment_Date":"00000000","OpenDate":"20120531","LastPaymentDate":"20160802","Payment_Type_Code":"00","Status":{"value":"Paid up","code":"P"}}]}},"Enquiry":{"CPA":{"Other":[{"EnquiryDate":"20180821","SubscriberName":"TELKOM","Subscriber_Operator":"8002138","SubscriberTel":"0123112824"},{"EnquiryDate":"20180821","SubscriberName":"TELKOM","Subscriber_Operator":"8002138","SubscriberTel":"0123112824"},{"EnquiryDate":"20180820","SubscriberName":"TELKOM   PROD","Subscriber_Operator":"TELKOMCMIS","SubscriberTel":""},{"EnquiryDate":"20180814","SubscriberName":"REWARDSCO","Subscriber_Operator":"REWARDS","SubscriberTel":""},{"EnquiryDate":"20180717","SubscriberName":"REWARDSCO","Subscriber_Operator":"REWARDS","SubscriberTel":""},{"EnquiryDate":"20180628","SubscriberName":"BAYPORT FINANCIAL","Subscriber_Operator":"BAYPROD","SubscriberTel":""},{"EnquiryDate":"20180619","SubscriberName":"TELKOM   PROD","Subscriber_Operator":"TELKOMCMIS","SubscriberTel":""},{"EnquiryDate":"20180429","SubscriberName":"REWARDSCO","Subscriber_Operator":"REWARDS","SubscriberTel":""},{"EnquiryDate":"20180124","SubscriberName":"REWARDSCO","Subscriber_Operator":"DEREKS","SubscriberTel":""},{"EnquiryDate":"20180120","SubscriberName":"REWARDSCO","Subscriber_Operator":"DEREKS","SubscriberTel":""},{"EnquiryDate":"20171228","SubscriberName":"VODACOM REFERRALS","Subscriber_Operator":"SUZANMAB","SubscriberTel":""},{"EnquiryDate":"20171228","SubscriberName":"VODACOM REFERRALS","Subscriber_Operator":"SUZANMAB","SubscriberTel":""},{"EnquiryDate":"20171128","SubscriberName":"VODACOM TRANSACT","Subscriber_Operator":"VODALIVE","SubscriberTel":""},{"EnquiryDate":"20170928","SubscriberName":"VODACOM TRANSACT","Subscriber_Operator":"VODALIVE","SubscriberTel":""}]}},"ReturnData":{"ExecTime":"1.06","Title":"MR","Address":{"ReportDate":"20180430","Relation":"Former Address","City":"","ZipCode":"1804","CityArea":"SOWETO"},"Date":"2018-09-15","Match":"1","Birthday":"198311","SessionID":"HWBBRMBGY79G","Time":"22:32"},"InputData":{"Consumer":"","RSA_ID":"Yes","Birthday":"198311"},"Summary":{"Enquiries":{"CPA":{"Other":{"Number_of_Other_Enquiries_in_the_Last_4_years":"14","Number_of_Other_Enquiries_in_the_Last_2_years":"14","Months_Since_Oldest_Other_Enquiry":"11","Number_of_Other_Enquiries_in_the_Last_7_days":"0","Months_Since_Recent_Other_Enquiry":"0","Number_of_Other_Enquiries_in_the_Last_year":"14","Number_of_Other_Enquiries_in_the_Last_90_days":"7","Days_Since_Recent_Other_Enquiry":"25","Total_Number_of_Other_Enquiries_Ever":"14","Number_of_Other_Enquiries_in_the_Last_3_years":"14","Number_of_Other_Enquiries_in_the_Last_5_years":"14","Number_of_Other_Enquiries_in_the_Last_180_days":"8","Number_of_Other_Enquiries_in_the_Last_30_days":"3"},"Communication":{"Number_of_Comms_Enquiries_in_the_Last_180_days":"4","Months_Since_Recent_Comms_Enquiry":"0","Number_of_Comms_Enquiries_in_the_Last_year":"8","Days_Since_Recent_Comms_Enquiry":"25","Number_of_Comms_Enquiries_in_the_Last_30_days":"3","Number_of_Comms_Enquiries_in_the_Last_2_years":"8","Total_Number_of_Comms_Enquiries_Ever":"8","Months_Since_Oldest_Comms_Enquiry":"11","Number_of_Comms_Enquiries_in_the_Last_4_years":"8","Number_of_Comms_Enquiries_in_the_Last_3_years":"8","Number_of_Comms_Enquiries_in_the_Last_90_days":"4","Number_of_Comms_Enquiries_in_the_Last_7_days":"0","Number_of_Comms_Enquiries_in_the_Last_5_years":"8"},"Retail":{"Number_of_Retail_Enquiries_in_the_Last_2_years":"5","Number_of_Retail_Enquiries_in_the_Last_4_years":"5","Number_of_Retail_Enquiries_in_the_Last_90_days":"2","Days_Since_Recent_Retail_Enquiry":"32","Total_Number_of_Retail_Enquiries_Ever":"5","Months_Since_Recent_Retail_Enquiry":"1","Months_Since_Oldest_Retail_Enquiry":"7","Number_of_Retail_Enquiries_in_the_Last_year":"5","Number_of_Retail_Enquiries_in_the_Last_30_days":"0","Number_of_Retail_Enquiries_in_the_Last_3_years":"5","Number_of_Retail_Enquiries_in_the_Last_5_years":"5","Number_of_Retail_Enquiries_in_the_Last_7_days":"0","Number_of_Retail_Enquiries_in_the_Last_180_days":"3"},"Own":{"Number_of_Own_Enquiries_in_the_Last_180_days":"0","Number_of_Own_Enquiries_in_the_Last_3_years":"0","Months_Since_Oldest_Own_Enquiry":"","Number_of_Own_Enquiries_in_the_Last_7_days":"0","Number_of_Own_Enquiries_in_the_Last_90_days":"0","Number_of_Own_Enquiries_in_the_Last_4_years":"0","Total_Number_of_Own_Enquiries_Ever":"0","Number_of_Own_Enquiries_in_the_Last_5_years":"0","Number_of_Own_Enquiries_in_the_Last_30_days":"0","Number_of_Own_Enquiries_in_the_Last_2_years":"0","Number_of_Own_Enquiries_in_the_Last_28_days":"0","Number_of_Own_Enquiries_in_the_Last_year":"0","Days_Since_Recent_Own_Enquiry":"","Months_Since_Recent_Own_Enquiry":""},"Bank":{"Total_Number_of_Bank_Enquiries_Ever":"0","Number_of_Bank_Enquiries_in_the_Last_3_years":"0","Number_of_Bank_Enquiries_in_the_Last_2_years":"0","Number_of_Bank_Enquiries_in_the_Last_5_years":"0","Number_of_Bank_Enquiries_in_the_Last_7_days":"0","Number_of_Bank_Enquiries_in_the_Last_year":"0","Number_of_Bank_Enquiries_in_the_Last_180_days":"0","Months_Since_Recent_Bank_Enquiry":"","Months_Since_Oldest_Bank_Enquiry":"","Days_Since_Recent_Bank_Enquiry":"","Number_of_Bank_Enquiries_in_the_Last_30_days":"0","Number_of_Bank_Enquiries_in_the_Last_4_years":"0","Number_of_Bank_Enquiries_in_the_Last_90_days":"0"},"AllValue":{"Months_Since_Oldest_All_Enquiry":"11","Number_of_All_Enquiries_in_the_Last_3_years":"14","Number_of_All_Enquiries_in_the_Last_5_years":"14","Number_of_All_Enquiries_in_the_Last_90_days":"7","Number_of_All_Enquiries_in_the_Last_2_years":"14","Total_Number_of_All_Enquiries_Ever":"14","Number_of_All_Enquiries_in_the_Last_180_days":"8","Days_Since_Recent_All_Enquiry":"25","Months_Since_Recent_All_Enquiry":"0","Number_of_All_Enquiries_in_the_Last_7_days":"0","Number_of_All_Enquiries_in_the_Last_30_days":"3","Number_of_All_Enquiries_in_the_Last_4_years":"14","Number_of_All_Enquiries_in_the_Last_year":"14"}},"NLR":{"Own":{"Number_of_Own_Enquiries_in_the_Last_180_days":"0","Number_of_Own_Enquiries_Ever":"0","Number_of_Own_Enquiries_in_the_Last_3_years":"0","Months_Since_Oldest_Own_Enquiry":"","Number_of_Own_Enquiries_in_the_Last_7_days":"0","Number_of_Own_Enquiries_in_the_Last_90_days":"0","Number_of_Own_Enquiries_in_the_Last_4_years":"0","Number_of_Own_Enquiries_in_the_Last_5_years":"0","Number_of_Own_Enquiries_in_the_Last_30_days":"0","Number_of_Own_Enquiries_in_the_Last_2_years":"0","Number_of_Own_Enquiries_in_the_Last_year":"0","Days_Since_Recent_Own_Enquiry":"","Months_Since_Recent_Own_Enquiry":""},"Other":{"Number_of_Other_Enquiries_in_the_Last_4_years":"0","Number_of_Other_Enquiries_in_the_Last_2_years":"0","Months_Since_Oldest_Other_Enquiry":"","Number_of_Other_Enquiries_in_the_Last_7_days":"0","Number_of_Other_Enquiries_Ever":"0","Months_Since_Recent_Other_Enquiry":"","Number_of_Other_Enquiries_in_the_Last_year":"0","Number_of_Other_Enquiries_in_the_Last_90_days":"0","Days_Since_Recent_Other_Enquiry":"","Number_of_Other_Enquiries_in_the_Last_3_years":"0","Number_of_Other_Enquiries_in_the_Last_5_years":"0","Number_of_Other_Enquiries_in_the_Last_180_days":"0","Number_of_Other_Enquiries_in_the_Last_30_days":"0"},"AllValue":{"Months_Since_Oldest_All_Enquiry":"","Number_of_All_Enquiries_in_the_Last_3_years":"0","Number_of_All_Enquiries_in_the_Last_5_years":"0","Number_of_All_Enquiries_in_the_Last_90_days":"0","Number_of_All_Enquiries_Ever":"0","NLR_Enquiry_Reference_Number":"0","Number_of_All_Enquiries_in_the_Last_2_years":"0","Number_of_All_Enquiries_in_the_Last_180_days":"0","Days_Since_Recent_All_Enquiry":"","Months_Since_Recent_All_Enquiry":"","Number_of_All_Enquiries_in_the_Last_7_days":"0","Number_of_All_Enquiries_in_the_Last_30_days":"0","Number_of_All_Enquiries_in_the_Last_4_years":"0","Number_of_All_Enquiries_in_the_Last_year":"0"}}},"NLR_CumulativeArrears":"000000000000","Notices":{"Number_of_Notices_in_the_Last_90_days":"0","Number_of_Notices_in_the_Last_2_years":"0","Number_of_Notices_in_the_Last_3_years":"0","Number_of_Notices_in_the_Last_year":"0","Number_of_Notices_in_the_Last_30_days":"0","Number_of_Notices_in_the_Last_19_to_36_Months":"0","Number_of_Notices_in_the_Last_7_to_18_Months":"0","Number_of_Notices_in_the_Last_180_days":"0","Total_Number_of_Notices_Ever":"0","Number_of_Notices_in_the_Previous_6_Months":"0","Number_of_Notices_Older_than_37_Months":"0","Number_of_Notices_in_the_Last_4_years":"0","Number_of_Notices_in_the_Last_5_years":"0"},"CPA_Past_36_Months":{"Positive_loans":"3","Highest_months_in_arrears":"9"},"All_Negatives":{"All_Value_of_Most_Recent_Negative":"0","All_Number_of_Negatives_in_the_Last_90_days":"0","All_Highest_Negative_Value":"0","All_Number_of_Negatives_in_the_Last_2_years":"0","All_Number_of_Negatives_in_the_Last_30_days":"0","All_Months_Since_Most_Recent_Negative":"","All_Number_of_Negatives_in_the_Last_3_years":"0","All_Number_of_Negatives_in_the_Last_180_days":"0","All_Number_of_Negatives_in_the_Last_4_years":"0","All_Number_of_Negatives_in_the_Last_year":"0","All_Number_of_Negatives_in_the_Last_5_years":"0","All_Total_Number_of_Negatives_Ever":"0","All_Months_Since_Highest_Negative":"0"},"Trace":{"Number_of_Traces_in_the_Last_year":"0","Number_of_Traces_in_the_Last_2_years":"0","Number_of_Traces_in_the_Last_30_days":"0","Number_of_Traces_in_the_Last_4_years":"0","Number_of_Traces_in_the_Last_3_years":"0","Number_of_Traces_in_the_Last_5_years":"0","Number_of_Traces_in_the_Last_180_days":"0","Number_of_Traces_in_the_Last_60_days":"0","Total_Number_of_Traces_Ever":"0","Number_of_Traces_in_the_Last_90_days":"0"},"Judgements":{"Number_of_Judgments_in_the_Previous_6_Months":"0","Value_of_Most_Recent_Judgment":"0","Number_of_Judgments_in_the_Last_90_days":"0","Highest_Judgment_Value":"0","Total_Value_of_Other_Judgments":"0","Total_Number_of_Other_Judgments":"0","Number_of_Judgments_in_the_Last_3_years":"0","Number_of_Judgments_in_the_Last_19_to_36_Months":"0","Total_Number_of_Medical_Judgments":"0","Number_of_Judgments_in_the_Last_30_days":"0","Months_Since_Highest_Judgment":"","Number_of_Judgments_in_the_Last_2_years":"0","Number_of_Judgments_in_the_Last_7_to_18_Months":"0","Months_Since_Most_Recent_Judgment":"","Number_of_Judgments_in_the_Last_4_years":"0","Number_of_Judgments_in_the_Last_year":"0","Number_of_Judgments_in_the_Last_5_years":"0","Total_Judgment_Value":"0","Total_Value_of_Medical_Judgments":"0","Number_of_Judgments_in_the_Last_180_days":"0","Number_of_Judgments_Older_than_37_Months":"0","Total_Number_of_Judgments_Ever":"0"},"Negatives":{"Number_of_Negatives_in_the_Last_180_days":"0","Number_of_Negatives_in_the_Last_3_years":"0","Value_of_Most_Recent_Negative":"0","Number_of_Negatives_in_the_Last_2_years":"0","Total_Number_of_Negatives_Ever":"0","Months_Since_Most_Recent_Negative":"","Number_of_Negatives_in_the_Last_90_days":"0","Number_of_Negatives_in_the_Last_5_years":"0","Number_of_Negatives_in_the_Last_30_days":"0","Number_of_Negatives_in_the_Last_4_years":"0","Months_Since_Highest_Negative":"0","Highest_Negative_Value":"0","Number_of_Negatives_in_the_Last_year":"0"},"TotalCreditLimitOpenCreditCardAccounts":"000000000000","Collections":{"Number_of_Collections_in_the_Last_30_days":"0","Number_of_Payments_in_the_Last_3_Months":"0","Number_of_Collections_in_the_Last_90_days":"0","Total_Collection_Capital_Value":"0","Highest_Collection_Value":"0","Total_amount_Collected_on_Collections_opened_in_the_Last_6_Months":"0","Total_Collections_Amount_Collected_Ever":"0","Total_amount_Collected_on_Collections_opened_in_the_Last_12_Months":"0","Number_of_Payments_in_the_Last_12_Months":"0","Months_Since_Most_Recent_Collection":"","Number_of_Collections_in_the_Last_2_years":"0","Number_of_Collections_in_the_Last_5_years":"0","Number_of_Payments_in_the_Last_6_Months":"0","Number_of_Collections_in_the_Last_4_years":"0","Months_Since_Highest_Collection":"","Number_of_Collections_in_the_Last_3_years":"0","Total_Number_of_Collections_Ever":"0","Number_of_Collections_in_the_Last_year":"0","Value_of_Most_Recent_Collection":"0","Number_of_Collections_in_the_Last_180_days":"0","Total_amount_Collected_on_Collections_opened_in_the_Last_3_Months":"0"},"NLR_Past_36_Months":{"Positive_loans":"0","Highest_months_in_arrears":""},"CPA_Past_12_Months":{"Positive_loans":"3"},"Payment_Profiles":{"CPA":{"Other":{"Worst_status_in_the_last_4to6_months_for_all_active_non_delinquent_CPA_accounts_":"0","Number_of_Currently_Open_Other_PPs":"3","Percent_1_Arrears_of_Last_12_Other_Available_Histories":"40","Total_number_of__active_non_delinquent_CPA_accounts_opened_L6m":"0","Percent_3_Arrears_of_Last_3_Other_Available_Histories":"8","Number_of_Other_PPs_in_the_Last_4_Years":"6","Worst_Arrears_Level_of_Most_Recent_Other_Opened_PP":"0","Number_of_Times_0_Arrears_of_Last_6_Other_Available_Histories":"12","Worst_Current_Status_on_active_Other_CPA_accounts":"0","Percent_1_Arrears_of_Last_24_Other_Available_Histories":"59","Total_Balance_of_Revolving_Other_PPs":"4548","Number_of_Other_PPs_in_the_Last_30_Days":"0","Total_Credit_Limit_of_Other_Open_Account_PPs":"0","Total_Installment_of_Other_Open_Account_PPs":"0","Number_of_Times_1_Arrears_of_Last_24_Other_Available_Histories":"22","Total_Credit_Limit_of_Fixed_Installment_Other_PPS":"0","Number_of_Other_PPs_in_the_Last_5_Years":"6","Total_Installment_of_Fixed_Installment_Other_PPs":"0","Number_of_Closed_Revolving_Other_PPs":"0","Capital_Amount_of_Other_PPs_Opened_in_the_Last_2_Years":"0","Capital_Amount_of_Other_PPs_Opened_in_the_Last_90_Days":"0","Number_of_Other_PPs_in_the_Last_Year":"3","Number_of_Times_0_Arrears_of_Last_12_Other_Available_Histories":"15","Number_of_Other_PPs_in_the_Last_3_Years":"5","Percent_1_Arrears_of_Last_6_Other_Available_Histories":"25","Capital_Amount_of_Other_PPs_Opened_in_the_Last_Year":"0","Monthly_Installment_Value_of_Currently_Open_Other_PPs":"547","Worst_Arrears_on_Other_PPs_in_the_Last_180_Days":"0","Total_Balance_of_Other_Open_Account_PPs":"0","Percent_0_Arrears_of_Last_12_Other_Available_Histories":"60","Number_of_Times_3_Arrears_of_Last_12_Other_Available_Histories":"10","Number_of_Times_2_Arrears_of_Last_3_Other_Available_Histories":"1","Worst_status_last_3_months_for_active__non_delinquent_CPA_accounts_opened_for_more_than_12months_":"","Percent_1_Arrears_of_Last_3_Other_Available_Histories":"8","Number_of_Times_1_Arrears_of_Last_12_Other_Available_Histories":"10","Number_of_Disputed_Other_PPs":"0","Number_of_Other_PPs_in_the_Last_180_Days":"0","Number_of_Times_1_Arrears_of_Last_3_Other_Available_Histories":"1","Outstanding_CPA_Balance_Other":"0","Percent_3_Arrears_of_Last_12_Other_Available_Histories":"40","Number_of_Times_2_Arrears_of_Last_24_Other_Available_Histories":"22","Percent_3_Arrears_of_Last_24_Other_Available_Histories":"59","Days_since_most_recent_Other_Delinquent_CPA__account_":"","Number_of_other_accounts_opened_4to12_months_ago":"3","Percent_2_Arrears_of_Last_6_Other_Available_Histories":"25","Number_of_Times_0_Arrears_of_Last_24_Other_Available_Histories":"15","Worst_current_status_on_active_non_delinquent_non_revolving_accounts":"0","Outstanding_Balance_on_delinquent_revolving_CPA_accounts":"0","Worst_Arrears_on_Other_PPs_ever":"9","Worst_status_in_the_last_6_months_on_Other_accounts_opened_for_at_least_12_months":"","Number_of_Other_Fixed_Installment_PPs_Ever":"0","Total_value_of_Other_Delinquent_accounts":"0","Percent_0_Arrears_of_Last_3_Other_Available_Histories":"91","Number_of_Habitually_Slow_Other_PPs":"0","Percent_2_Arrears_of_Last_24_Other_Available_Histories":"59","Number_of_Times_3_Arrears_of_Last_24_Other_Available_Histories":"22","Number_of_Other_PPs_Ever":"7","Capital_Amount_of_Other_PPs_Opened_in_Last_180_Days":"0","Number_of_Open_Revolving_Other_PPs":"1","Current_Balance_of_All_Other_PPs":"4660","Number_of_Other_PPs_in_the_Last_90_Days":"0","Worst_current_status_on_active_non_delinquent_revolving_accounts":"0","Total_number_of_other_Delinquent_Accounts":"0","Months_Since_Most_Recent_opened_Other_PP":"7","Number_of_Times_2_Arrears_of_Last_12_Other_Available_Histories":"10","Worst_status_in_the_last_6_months_on_Other_accounts_opened_4to12_months_ago":"0","Number_of_Closed_Fixed_Installment_Other_PPs":"0","Number_of_Times_3_Arrears_of_Last_3_Other_Available_Histories":"1","Worst_status_in_the_last_3_months_on_Other_accounts_opened_4to12_months_ago":"","Percent_0_Arrears_of_Last_24_Other_Available_Histories":"40","Worst_Arrears_on_Other_PPs_in_the_Last_Year":"9","Total_outstanding_balance_on_Other_active_accounts":"4660","Worst_status_in_the_last_3_months_on_Other_accounts_opened_for_at_least_12_months":"","Total_Balance_of_Fixed_Installment_Other_PPs":"0","Number_of_Other_PPs_in_the_Last_2_Years":"5","Percent_2_Arrears_of_Last_3_Other_Available_Histories":"8","Outstanding_Balance_on_non_delinquent_revolving_CPA_opened_L6m":"0","Total_Installment_of_Revolving_Other_PPs":"435","Number_of_Open_Fixed_Installment_Other_PPs":"0","Number_of_other_accounts_opened_for_at_least_12_months":"4","Worst_Arrears_on_Open_Other_PPs":"9","Number_of_Times_2_Arrears_of_Last_6_Other_Available_Histories":"4","Number_of_Closed_Other_PPs":"4","Number_of_Times_0_Arrears_of_Last_3_Other_Available_Histories":"11","Number_of_Absconded_Other_PPs":"0","Months_Since_Oldest_Opened_Other_PPs":"76","Number_of_Written_Off_Other_PPs":"0","Worst_Arrears_on_Closed_Other_PPs":"0","Number_of_Times_1_Arrears_of_Last_6_Other_Available_Histories":"4","Percent_3_Arrears_of_Last_6_Other_Available_Histories":"25","Capital_Amount_of_Other_PPs_Opened_in_the_Last_30_Days":"0","Worst_Arrears_on_Other_PPs_in_the_Last_90_Days":"","Monthly_CPA_Installment_Other":"0","Number_of_Other_Revolving_PPs_Ever":"1","Percent_2_Arrears_of_Last_12_Other_Available_Histories":"40","Total_Credit_Limit_of_Revolving_Other_PPs":"9800","Worst_status_in_the_last_3_months_for_active_non_delinquent_CPA_accounts_opened_in_the_last_12_months":"","Total_number_of_other_Active_accounts":"3","Percent_0_Arrears_of_Last_6_Other_Available_Histories":"75","Number_of_Times_3_Arrears_of_Last_6_Other_Available_Histories":"4"},"Communication":{"Percent_3_Arrears_of_Last_24_Communication_Available_Histories":"0","Total_number_of__active_non_delinquent_CPA_accounts_opened_L6m":"0","Number_of_Communication_PPs_in_the_Last_2_Years":"0","Number_of_Disputed_Communication_PPs":"0","Number_of_Communication_PPs_in_the_Last_180_Days":"0","Outstanding_CPA_Balance_Communciation":"0","Number_of_Communication_PPs_in_the_Last_5_Years":"0","Total_number_of_Communication_Delinquent_Accounts":"0","Number_of_Communication_PPs_in_the_Last_3_Years":"0","Capital_Amount_of_Communication_PPs_Opened_Last_2_Years":"0","Days_since_most_recent_communication_Delinquent_CPA__account_":"","Capital_Amount_of_Communication_PPs_Opened_Last_90_Days":"0","Percent_0_Arrears_of_Last_6_Communication_Available_Histories":"0","Current_Balance_of_Communication_PPs":"0","Percent_1_Arrears_of_Last_6_Communication_Available_Histories":"0","Worst_Arrears_on_Open_Communication_PPs":"","Total_Credit_Limit_of_Fixed_Installment_Communication_PPS":"0","Number_of_Times_0_Arrears_of_Last_3_Communication_Available_Histories":"0","Number_of_Open_Fixed_Installment_Communication_PPs":"0","Total_outstanding_balance_on_Communication_active_accounts":"0","Total_Credit_Limit_of_Revolving_Communication_PPs":"0","Percent_2_Arrears_of_Last_3_Communication_Available_Histories":"0","Total_value_of_Communication_Delinquent_accounts":"0","Number_of_Habitually_Slow_Communication_PPs":"0","Worst_Arrears_on_Communication_PPs_in_the_Last_180_Days":"","Number_of_Currently_Open_Communication_PPs":"0","Total_Balance_of_Communication_Open_Account_PPs":"0","Number_of_Open_Revolving_Communication_PPs":"0","Number_of_Communication_PPs_in_the_Last_Year":"0","Percent_3_Arrears_of_Last_12_Communication_Available_Histories":"0","Number_of_Times_1_Arrears_of_Last_12_Communication_Available_Histories":"0","Worst_status_last_3_months_for_active__non_delinquent_CPA_accounts_opened_for_more_than_12months_":"","Capital_Amount_of_Communication_PPs_Opened_Last_180_Days":"0","Number_of_Communication_Revolving_PPs_Ever":"0","Worst_Arrears_on_Any_Communication_PPs":"","Number_of_Times_0_Arrears_of_Last_6_Communication_Available_Histories":"0","Percent_1_Arrears_of_Last_3_Communication_Available_Histories":"0","Number_of_Communication_accounts_opened_for_at_least_12_months":"0","Worst_Arrears_on_Communication_PPs_in_the_Last_90_Days":"","Number_of_Times_1_Arrears_of_Last_6_Communication_Available_Histories":"0","Number_of_Times_3_Arrears_of_Last_3_Communication_Available_Histories":"0","Total_Installment_of_Revolving_Communication_PPs":"0","Worst_Arrears_Level_of_Most_Recent_Communication_Opened_PP":"","Capital_Amount_of_Communication_PPs_Opened_Last_Year":"0","Capital_Amount_of_Communication_PPs_Opened_Last_30_Days":"0","Number_of_Communication_PPs_in_the_Last_4_Years":"0","Total_Installment_of_Communication_Open_Account_PPs":"0","Worst_status_in_the_last_3_months_on_Communication_accounts_opened_4to12_months_ago":"","Worst_status_in_the_last_6_months_on_Communication_accounts_opened_for_at_least_12_months":"","Worst_status_in_the_last_3_months_on_Communication_accounts_opened_for_at_least_12_months":"","Worst_current_status_on_active_non_delinquent_non_revolving_accounts":"","Number_of_Communication_PPs_in_the_Last_90_Days":"0","Number_of_Times_1_Arrears_of_Last_3_Communication_Available_Histories":"0","Outstanding_Balance_on_delinquent_revolving_CPA_accounts":"0","Percent_1_Arrears_of_Last_24_Communication_Available_Histories":"0","Percent_3_Arrears_of_Last_6_Communication_Available_Histories":"0","Number_of_Times_2_Arrears_of_Last_6_Communication_Available_Histories":"0","Months_Since_Oldest_Opened_Communication_PPs":"","Number_of_Times_3_Arrears_of_Last_24_Communication_Available_Histories":"0","Number_of_Closed_Revolving_Communication_PPs":"0","Worst_Arrears_on_Communication_PPs_in_the_Last_Year":"","Worst_Current_Status_on_active_Communication_CPA_accounts":"","Number_of_Times_2_Arrears_of_Last_12_Communication_Available_Histories":"0","Worst_current_status_on_active_non_delinquent_revolving_accounts":"","Monthly_CPA_Installment_Communication":"0","Worst_status_in_the_last_6_months_on_Communication_accounts_opened_4to12_months_ago":"","Percent_2_Arrears_of_Last_24_Communication_Available_Histories":"0","Number_of_Times_0_Arrears_of_Last_24_Communication_Available_Histories":"0","Total_Balance_of_Revolving_Communication_PPs":"0","Number_of_Times_1_Arrears_of_Last_24_Communication_Available_Histories":"0","Number_of_Times_2_Arrears_of_Last_24_Communication_Available_Histories":"0","Number_of_Times_3_Arrears_of_Last_6_Communication_Available_Histories":"0","Number_of_Times_2_Arrears_of_Last_3_Communication_Available_Histories":"0","Percent_3_Arrears_of_Last_3_Communication_Available_Histories":"0","Total_Balance_of_Fixed_Installment_Comms_PP":"0","Outstanding_Balance_on_non_delinquent_revolving_CPA_opened_L6m":"0","Percent_2_Arrears_of_Last_6_Communication_Available_Histories":"0","Percent_0_Arrears_of_Last_24_Communication_Available_Histories":"0","Worst_status_in_the_last_4to6_months_for_Communication_active_non_delinquent_CPA_accounts_":"","Percent_2_Arrears_of_Last_12_Communication_Available_Histories":"0","Number_of_Written_Off_Communication_PPs":"0","Worst_Arrears_on_Closed_Communication_PPs":"","Percent_1_Arrears_of_Last_12_Communication_Available_Histories":"0","Number_of_Times_0_Arrears_of_Last_12_Communication_Available_Histories":"0","Number_of_Closed_Communication_PPs":"0","Months_Since_Most_Recent_Opened_Communication_PPs":"","Total_Installment_of_Fixed_Installment_Communication_PPs":"0","Percent_0_Arrears_of_Last_3_Communication_Available_Histories":"0","Number_of_Communication_accounts_opened_4to12_months_ago":"0","Number_of_Absconded_Communication_PPs":"0","Worst_status_in_the_last_3_months_for_active_non_delinquent_CPA_accounts_opened_in_the_last_12_months":"","Total_Credit_Limit_of_Communication_Open_Account_PPs":"0","Number_of_Communication_PPs_Ever":"0","Number_of_Communication_Fixed_Installment_PPs_Ever":"0","Monthly_Installment_Value_of_Currently_Open_Communication_PPs":"0","Number_of_Communication_PPs_in_the_Last_30_Days":"0","Total_number_of_Communication_Active_accounts_":"0","Number_of_Closed_Fixed_Installment_Communication_PPs":"0","Percent_0_Arrears_of_Last_12_Communication_Available_Histories":"0","Number_of_Times_3_Arrears_of_Last_12_Communication_Available_Histories":"0"},"Retail":{"Percent_3_Arrears_of_Last_12_Retail_Available_Histories":"40","Number_of_Times_0_Arrears_of_Last_12_Retail_Available_Histories":"15","Number_of_Currently_Open_Retail_PPs":"3","Total_number_of__active_non_delinquent_CPA_accounts_opened_L6m":"0","Number_of_Retail_PPs_in_the_Last_2_Years":"5","Number_of_Times_0_Arrears_of_Last_24_Retail_Available_Histories":"15","Percent_3_Arrears_of_Last_3_Retail_Available_Histories":"8","Number_of_Retail_PPs_in_the_Last_30_Days":"0","Number_of_Times_2_Arrears_of_Last_12_Retail_Available_Histories":"10","Number_of_Times_0_Arrears_of_Last_6_Retail_Available_Histories":"12","Percent_1_Arrears_of_Last_12_Retail_Available_Histories":"40","Current_Balance_of_Retail_PPs":"4660","Percent_2_Arrears_of_Last_3_Retail_Available_Histories":"8","Number_of_Times_1_Arrears_of_Last_3_Retail_Available_Histories":"1","Total_Installment_of_Fixed_Installment_Retail_PPs":"0","Number_of_Absconded_Retail_PPs":"0","Months_Since_Most_Recent_Opened_Retail_PPs":"7","Months_Since_Oldest_Opened_Retail_PPs":"76","Total_Credit_Limit_of_Retail_Open_Account_PPs":"0","Number_of_Habitually_Slow_Retail_PPs":"0","Worst_Arrears_on_Closed_Retail_PPs":"0","Number_of_Times_3_Arrears_of_Last_3_Retail_Available_Histories":"1","Number_of_Retail_PPs_in_the_Last_3_Years":"5","Number_of_Times_3_Arrears_of_Last_24_Retail_Available_Histories":"22","Number_of_Times_3_Arrears_of_Last_12_Retail_Available_Histories":"10","Worst_Arrears_on_Open_Retail_PPs":"9","Number_of_Times_2_Arrears_of_Last_24_Retail_Available_Histories":"22","Number_of_Retail_Revolving_PPs_Ever":"1","Number_of_Retail_PPs_Ever":"7","Worst_status_in_the_last_3_months_on_Retail_accounts_opened_for_at_least_12_months":"","Capital_Amount_of_Retail_PPs_Opened_in_the_Last_90_Days":"0","Total_Installment_of_Retail_Open_Account_PPs":"0","Total_number_of_Retail_Active_accounts_":"3","Monthly_CPA_Installment_Retail":"0","Number_of_Retail_PPs_in_the_Last_4_Years":"6","Worst_status_last_3_months_for_active__non_delinquent_CPA_accounts_opened_for_more_than_12months_":"","Total_Credit_Limit_of_Fixed_Installment_Retail_PPS":"0","Number_of_Times_2_Arrears_of_Last_6_Retail_Available_Histories":"4","Total_Installment_of_Revolving_Retail_PPs":"435","Percent_1_Arrears_of_Last_3_Retail_Available_Histories":"8","Outstanding_CPA_Balance_Retail":"0","Percent_2_Arrears_of_Last_24_Retail_Available_Histories":"59","Number_of_Retail_accounts_opened_4to12_months_ago":"3","Number_of_Retail_accounts_opened_for_at_least_12_months":"4","Percent_0_Arrears_of_Last_3_Retail_Available_Histories":"91","Number_of_Disputed_Retail_PPs":"0","Number_of_Retail_PPs_in_the_Last_90_Days":"0","Worst_Arrears_on_Retail_PPs_in_the_Last_Year":"9","Number_of_Open_Revolving_Retail_PPs":"1","Number_of_Times_0_Arrears_of_Last_3_Retail_Available_Histories":"11","Worst_Arrears_on_Retail_PPs_in_the_Last_180_Days":"0","Worst_current_status_on_active_non_delinquent_non_revolving_accounts":"0","Outstanding_Balance_on_delinquent_revolving_CPA_accounts":"0","Worst_Current_Status_on_active_Retail_CPA_accounts":"0","Number_of_Closed_Revolving_Retail_PPs":"0","Percent_1_Arrears_of_Last_24_Retail_Available_Histories":"59","Percent_0_Arrears_of_Last_12_Retail_Available_Histories":"60","Worst_status_in_the_last_3_months_on_Retail_accounts_opened_4to12_months_ago":"","Percent_2_Arrears_of_Last_12_Retail_Available_Histories":"40","Number_of_Times_1_Arrears_of_Last_12_Retail_Available_Histories":"10","Number_of_Written_Off_Retail_PPs":"0","Number_of_Open_Fixed_Installment_Retail_PPs":"0","Number_of_Closed_Retail_PPs":"4","Worst_Arrears_on_Any_Retail_PPs":"9","Days_since_most_recent_retail_Delinquent_CPA__account_":"","Total_number_of_Retail_Delinquent_Accounts":"0","Number_of_Times_1_Arrears_of_Last_24_Retail_Available_Histories":"22","Worst_current_status_on_active_non_delinquent_revolving_accounts":"0","Number_of_Times_1_Arrears_of_Last_6_Retail_Available_Histories":"4","Number_of_Retail_PPs_in_the_Last_Year":"3","Total_outstanding_balance_on_Retail_active_accounts":"4660","Worst_Arrears_on_Retail_PPs_in_the_Last_90_Days":"","Capital_Amount_of_Retail_PPs_Opened_in_Last_180_Days":"0","Number_of_Times_2_Arrears_of_Last_3_Retail_Available_Histories":"1","Number_of_Retail_PPs_in_the_Last_180_Days":"0","Percent_3_Arrears_of_Last_24_Retail_Available_Histories":"59","Total_Balance_of_Fixed_Installment_Retail_PPs":"0","Percent_1_Arrears_of_Last_6_Retail_Available_Histories":"25","Capital_Amount_of_Retail_PPs_Opened_in_the_Last_Year":"0","Outstanding_Balance_on_non_delinquent_revolving_CPA_opened_L6m":"0","Percent_3_Arrears_of_Last_6_Retail_Available_Histories":"25","Total_Credit_Limit_of_Revolving_Retail_PPs":"9800","Capital_Amount_of_Retail_PPs_Opened_in_the_Last_30_Days":"0","Worst_status_in_the_last_6_months_on_Retail_accounts_opened_for_at_least_12_months":"","Total_Balance_of_Retail_Open_Account_PPs":"0","Monthly_Installment_Value_of_Currently_Open_Retail_PPs":"547","Capital_Amount_of_Retail_PPs_Opened_in_the_Last_2_Years":"0","Worst_status_in_the_last_6_months_on_Retail_accounts_opened_4to12_months_ago":"0","Number_of_Closed_Fixed_Installment_Retail_PPs":"0","Percent_0_Arrears_of_Last_24_Retail_Available_Histories":"40","Worst_status_in_the_last_4to6_months_for_Retail_active_non_delinquent_CPA_accounts_":"0","Percent_2_Arrears_of_Last_6_Retail_Available_Histories":"25","Total_value_of_Retail_Delinquent_accounts":"0","Percent_0_Arrears_of_Last_6_Retail_Available_Histories":"75","Worst_Arrears_Level_of_Most_Recent_Retail_Opened_PP":"0","Number_of_Retail_Fixed_Installment_PPs_Ever":"0","Worst_status_in_the_last_3_months_for_active_non_delinquent_CPA_accounts_opened_in_the_last_12_months":"","Number_of_Retail_PPs_in_the_Last_5_Years":"6","Number_of_Times_3_Arrears_of_Last_6_Retail_Available_Histories":"4","Total_Balance_of_Revolving_Retail_PPs":"4548"},"Own":{"Worst_status_in_the_last_4to6_months_for_all_active_non_delinquent_CPA_accounts_":"","Total_number_of__active_non_delinquent_CPA_accounts_opened_L6m":"0","Worst_status_in_the_last_3_months_on_Own_accounts_opened_for_at_least_12_months":"","Number_of_Own_PPs_in_the_Last_3_Years":"0","Months_Since_Most_Recent_Opened_Own_PP":"","Number_of_Times_2_Arrears_of_Last_12_Own_Available_Histories":"0","Total_Balance_of_Revolving_Own_PPs":"0","Number_of_own_accounts_opened_for_at_least_12_months":"0","Total_Installment_of_Own_Open_Account_PPs":"0","Number_of_Times_1_Arrears_of_Last_24_Own_Available_Histories":"0","Number_of_Own_PPs_in_the_Last_4_Years":"0","Worst_status_in_the_last_6_months_on_Own_accounts_opened_4to12_months_ago":"","Capital_Amount_of_Own_PPs_Opened_in_the_Last_180_Days":"0","Worst_status_in_the_last_6_months_on_Own_accounts_opened_for_at_least_12_months":"","Number_of_Own_Revolving_PPs_Ever":"0","Total_value_of_Own_Delinquent_accounts":"0","Capital_Amount_of_Own_PPs_Opened_in_the_Last_2_Years":"0","Percentage_0_Arrears_of_Last_3_Own_Available_Histories":"0","Percentage_0_Arrears_of_Last_12_Own_Available_Histories":"0","Worst_Arrears_Level_of_Most_Recent_Own_Opened_PP_":"","Percentage_3_Arrears_of_Last_12_Own_Available_Histories":"0","Number_of_Closed_Fixed_Installment_Own_PPs":"0","Number_of_Times_0_Arrears_of_Last_6_Own_Available_Histories":"0","Number_of_Own_accounts_opened_4to12_months_ago":"0","Total_Balance_of_Fixed_Installment_Own_PPs":"0","Number_of_Currently_Open_Own_PPs":"0","Capital_Amount_of_Own_PPs_Opened_in_the_Last_90_Days":"0","Total_Credit_Limit_of_Fixed_Installment_Own_PPS":"0","Worst_status_in_the_last_3_months_on_Own_accounts_opened_4to12_months_ago":"","Number_of_Own_PPs_in_the_Last_180_Days":"0","Worst_status_last_3_months_for_active__non_delinquent_CPA_accounts_opened_for_more_than_12months_":"","Monthly_Installment_Value_of_Currently_Open_Own_PPs":"0","Number_of_Times_2_Arrears_of_Last_3_Own_Available_Histories":"0","Number_of_Times_0_Arrears_of_Last_12_Own_Available_Histories":"0","Worst_Arrears_on_Closed_Own_PPs":"","Number_of_Times_0_Arrears_of_Last_24_Own_Available_Histories":"0","Days_since_most_recent_Own_Delinquent_CPA__account_":"","Number_of_Habitually_Slow_Own_PPs":"0","Number_of_Times_2_Arrears_of_Last_24_Own_Available_Histories":"0","Percentage_3_Arrears_of_Last_24_Own_Available_Histories":"0","Percentage_1_Arrears_of_Last_6_Own_Available_Histories":"0","Number_of_Open_Fixed_Installment_Own_PPs":"0","Capital_Amount_of_Own_PPs_Opened_in_the_Last_30_Days":"0","Total_outstanding_balance_on_Own_active_accounts":"0","Worst_Arrears_on_Own_PPs_in_the_Last_180_Days":"","Percentage_2_Arrears_of_Last_12_Own_Available_Histories":"0","Total_Installment_of_Fixed_Installment_Own_PPs":"0","Worst_current_status_on_active_non_delinquent_non_revolving_accounts":"","Number_of_Absconded_Own_PPs":"0","Outstanding_CPA_Balance_Own":"0","Outstanding_Balance_on_delinquent_revolving_CPA_accounts":"0","Number_of_Own_PPs_in_the_Last_30_Days":"0","Worst_Arrears_on_Own_PPs_in_the_Last_Year":"","Percentage_2_Arrears_of_Last_3_Own_Available_Histories":"0","Worst_Arrears_on_Open_Own_PPs":"","Number_of_Own_PPs_in_the_Last_90_Days":"0","Number_of_Times_3_Arrears_of_Last_24_Own_Available_Histories":"0","Monthly_CPA_Installment_Own":"0","Worst_current_status_on_active_non_delinquent_revolving_accounts":"","Total_Balance_of_Own_Open_Account_PPs":"0","Total_Credit_Limit_of_Revolving_Own_PPs":"0","Percentage_3_Arrears_of_Last_6_Own_Available_Histories":"0","Number_of_Times_1_Arrears_of_Last_12_Own_Available_Histories":"0","Number_of_Times_0_Arrears_of_Last_3_Own_Available_Histories":"0","Number_of_Disputed_Own_PPs":"0","Number_of_Times_3_Arrears_of_Last_3_Own_Available_Histories":"0","Percentage_2_Arrears_of_Last_24_Own_Available_Histories":"0","Number_of_Own_PPs_in_the_Last_2_Years":"0","Percentage_2_Arrears_of_Last_6_Own_Available_Histories":"0","Worst_Arrears_on_Own_PPs_in_the_Last_90_Days":"","Number_of_Times_3_Arrears_of_Last_6_Own_Available_Histories":"0","Percentage_3_Arrears_of_Last_3_Own_Available_Histories":"0","Percentage_1_Arrears_of_Last_3_Own_Available_Histories":"0","Percentage_1_Arrears_of_Last_24_Own_Available_Histories":"0","Outstanding_Balance_on_non_delinquent_revolving_CPA_opened_L6m":"0","Number_of_Own_PPs_in_the_Last_Year":"0","Number_of_Times_3_Arrears_of_Last_12_Own_Available_Histories":"0","Capital_Amount_of_Own_PPs_Opened_in_the_Last_Year":"0","Percentage_0_Arrears_of_Last_24_Own_Available_Histories":"0","Number_of_Times_2_Arrears_of_Last_6_Own_Available_Histories":"0","Total_number_of_Own_Delinquent_Accounts":"0","Number_of_Own_Installment_PPs_Ever":"0","Percentage_1_Arrears_of_Last_12_Own_Available_Histories":"0","Number_of_Times_1_Arrears_of_Last_6_Own_Available_Histories":"0","Number_of_Closed_Revolving_Own_PPs":"0","Total_Credit_Limit_of_Own_Open_Account_PPs":"0","Number_of_Closed_Own_PPs":"0","Number_of_Own_PPs_in_the_Last_5_Years":"0","Total_no_of_Own_Active_accounts":"0","Worst_Arrears_on_Own_PPs_ever":"","Number_of_Own_PPs_Ever":"0","Number_of_Written_Off_Own_PPs":"0","Worst_status_in_the_last_3_months_for_active_non_delinquent_CPA_accounts_opened_in_the_last_12_months":"","Current_Balance_of_Own_PPs":"0","Percentage_0_Arrears_of_Last_6_Own_Available_Histories":"0","Number_of_Times_1_Arrears_of_Last_3_Own_Available_Histories":"0","Worst_Current_Status_on_active_own_CPA_accounts":"","Total_Installment_of_Revolving_Own_PPs":"0","Number_of_Open_Revolving_Own_PPs":"0","Months_Since_Oldest_Opened_Own_PPs":""},"High_Risk_Accounts":{"Percent_1_Arrears_of_Last_6_All_Available_Histories":"0","Total_number_of__active_non_delinquent_CPA_accounts_opened_L6m":"0","Number_of_Closed_All_PPs":"0","Number_of_Times_3_Arrears_of_Last_3_All_Available_Histories":"0","Number_of_all_accounts_opened_for_at_least_12_months":"0","Number_of_Times_1_Arrears_of_Last_12_All_Available_Histories":"0","Worst_Arrears_on_All_PPs_in_the_Last_Year":"","Number_of_Times_1_Arrears_of_Last_3_All_Available_Histories":"0","Number_of_All_PPs_in_the_Last_180_Days":"0","Worst_Arrears_on_All_PPs_in_the_Last_90_Days":"","Total_outstanding_balance_on_All_active_accounts":"0","Total_number_of_all_Active_accounts_":"0","Worst_status_in_the_last_3_months_on_All_accounts_opened_4to12_months_ago":"","Percent_3_Arrears_of_Last_12_All_Available_Histories":"0","Number_of_Times_2_Arrears_of_Last_12_All_Available_Histories":"0","Number_of_Revolving_Unsecured_Credit_Transactions_under_R8_000_ever":"0","Number_of_Currently_Open_All_PPs":"0","Number_of_Times_1_Arrears_of_Last_24_All_Available_Histories":"0","Percent_0_Arrears_of_Last_6_All_Available_Histories":"0","Worst_status_last_3_months_for_active__non_delinquent_CPA_accounts_opened_for_more_than_12months_":"","Percent_3_Arrears_of_Last_24_All_Available_Histories":"0","Number_of_Times_1_Arrears_of_Last_6_All_Available_Histories":"0","Percent_1_Arrears_of_Last_3_All_Available_Histories":"0","Number_of_all_accounts_opened_4to12_months_ago":"0","Percent_2_Arrears_of_Last_24_All_Available_Histories":"0","Number_of_All_PPs_in_the_Last_5_Years":"0","Number_of_Times_2_Arrears_of_Last_6_All_Available_Histories":"0","Number_of_All_PPs_in_the_Last_4_Years":"0","Months_Since_Most_Recent_Opened_PP":"","Total_number_of_all_Delinquent_Accounts":"0","Number_of_Times_0_Arrears_of_Last_12_All_Available_Histories":"0","Percent_2_Arrears_of_Last_12_All_Available_Histories":"0","Outstanding_Balance_on_delinquent_revolving_CPA_accounts":"0","Total_Monthly_CPA_Installment_All":"0","Number_of_Times_3_Arrears_of_Last_6_All_Available_Histories":"0","Number_of_All_PPs_Ever":"0","Worst_Current_Status_on_active_All_CPA_accounts":"","Worst_Arrears_on_Closed_All_PPs":"","Number_of_Times_0_Arrears_of_Last_6_All_Available_Histories":"0","Number_of_Times_3_Arrears_of_Last_12_All_Available_Histories":"0","Cumulative_Installment_Value":"0","Worst_current_status_on_active_non_delinquent_revolving_accounts":"","Percent_1_Arrears_of_Last_24_All_Available_Histories":"0","Worst_Arrears_on_Open_All_PPs":"","Number_of_All_PPs_in_the_Last_Year":"0","Worst_status_in_the_last_6_months_on_All_accounts_opened_4to12_months_ago":"","Number_of_Unsecured_Credit_Transactions_under_R8_000_ever":"0","Number_of_Times_3_Arrears_of_Last_24_All_Available_Histories":"0","Worst_Arrears_on_All_PPs_in_the_Last_180_Days":"","Percent_2_Arrears_of_Last_6_All_Available_Histories":"0","Number_of_All_PPs_in_the_Last_90_Days":"0","Percent_0_Arrears_of_Last_3_All_Available_Histories":"0","Cumulative_Outstanding_Balance":"0","Percent_0_Arrears_of_Last_24_All_Available_Histories":"0","Percent_3_Arrears_of_Last_6_All_Available_Histories":"0","Outstanding_Balance_on_non_delinquent_revolving_CPA_opened_L6m":"0","Percent_2_Arrears_of_Last_3_All_Available_Histories":"0","Percent_1_Arrears_of_Last_12_All_Available_Histories":"0","Number_of_Times_0_Arrears_of_Last_24_All_Available_Histories":"0","Total_value_of_All_Delinquent_accounts":"0","Worst_Arrears_on_Any_All_PPs_ever":"","Days_since_most_recent_All_Delinquent_CPA__account_":"","Months_Since_Oldest_Opened_PPs_ever_all":"","Number_of_Times_2_Arrears_of_Last_3_All_Available_Histories":"0","Number_of_All_PPs_in_the_Last_3_Years":"0","Number_of_All_PPs_in_the_Last_30_Days":"0","Number_of_Times_2_Arrears_of_Last_24_All_Available_Histories":"0","Worst_status_in_the_last_6_months_on_All_accounts_opened_for_at_least_12_months":"","Total_Outstanding_CPA_Balance_All":"0","Number_of_All_PPs_in_the_Last_2_Years":"0","Percent_0_Arrears_of_Last_12_All_Available_Histories":"0","Worst_status_in_the_last_3_months_for_active_non_delinquent_CPA_accounts_opened_in_the_last_12_months":"","Number_of_Times_0_Arrears_of_Last_3_Available_Histories":"0","Worst_status_in_the_last_3_months_on_All_accounts_opened_for_at_least_12_months":"","Percent_3_Arrears_of_Last_3_All_Available_Histories":"0"},"Bank":{"Total_number_of__active_non_delinquent_CPA_accounts_opened_L6m":"0","Capital_Amount_of_Bank_PPs_Opened_in_the_Last_Year":"0","Number_of_Bank_accounts_opened_for_at_least_12_months":"0","Number_of_Times_2_Arrears_of_Last_3_Bank_Available_Histories":"0","Worst_Current_Status_on_active_Bank_CPA_accounts":"","Number_of_Open_Fixed_Installment_Bank_PPs":"0","Percent_0_Arrears_of_Last_6_Bank_Available_Histories":"0","Worst_Arrears_Level_of_Most_Recent_Bank_Opened_PP":"","Percent_3_Arrears_of_Last_24_Bank_Available_Histories":"0","Total_number_of_Bank_Delinquent_Accounts":"0","Number_of_Times_2_Arrears_of_Last_24_Bank_Available_Histories":"0","Worst_status_in_the_last_3_months_on_Bank_accounts_opened_4to12_months_ago":"","Number_of_Times_1_Arrears_of_Last_24_Bank_Available_Histories":"0","Worst_status_in_the_last_4to6_months_for_Bank_active_non_delinquent_CPA_accounts_":"","Percent_1_Arrears_of_Last_6_Bank_Available_Histories":"0","Number_of_Bank_PPs_in_the_Last_30_Days":"0","Current_Balance_of_Bank_PPs":"0","Number_of_Currently_Open_Bank_PPs":"0","Monthly_Installment_Value_of_Currently_Open_Bank_PPs":"0","Number_of_Bank_PPs_in_the_Last_180_Days":"0","Number_of_Bank_PPs_in_the_Last_3_Years":"0","Percent_3_Arrears_of_Last_12_Bank_Available_Histories":"0","Total_number_of_Bank_Active_accounts_":"0","Total_value_of_Bank_Delinquent_accounts":"0","Percent_0_Arrears_of_Last_12_Bank_Available_Histories":"0","Worst_Arrears_on_Open_Bank_PPs":"","Number_of_Written_Off_Bank_PPs":"0","Capital_Amount_of_Bank_PPs_Opened_in_the_Last_30_Days":"0","Percent_2_Arrears_of_Last_3_Bank_Available_Histories":"0","Number_of_Times_0_Arrears_of_Last_24_Bank_Available_Histories":"0","Total_Credit_Limit_of_Fixed_Installment_Bank_PPS":"0","Number_of_Closed_Fixed_Installment_Bank_PPs":"0","Percent_3_Arrears_of_Last_3_Bank_Available_Histories":"0","Total_Credit_Limit_of_Revolving_Bank_PPs":"0","Number_of_Bank_Revolving_PPs_Ever":"0","Total_Balance_of_Revolving_Bank_PPs":"0","Total_Credit_Limit_of_Bank_Open_Account_PPs":"0","Percent_1_Arrears_of_Last_3_Bank_Available_Histories":"0","Total_outstanding_balance_on_Bank_active_accounts":"0","Months_Since_Most_Recent_Opened_Bank_PPs":"","Worst_status_last_3_months_for_active__non_delinquent_CPA_accounts_opened_for_more_than_12months_":"","Percent_1_Arrears_of_Last_12_Bank_Available_Histories":"0","Number_of_Times_2_Arrears_of_Last_12_Bank_Available_Histories":"0","Months_Since_Oldest_Opened_Bank_PPs":"","Number_of_Times_3_Arrears_of_Last_3_Bank_Available_Histories":"0","Number_of_Bank_PPs_in_the_Last_Year":"0","Number_of_Times_1_Arrears_of_Last_3_Bank_Available_Histories":"0","Percent_1_Arrears_of_Last_24_Bank_Available_Histories":"0","Worst_Arrears_on_Bank_PPs_in_the_Last_Year":"","Percent_2_Arrears_of_Last_6_Bank_Available_Histories":"0","Total_Balance_of_Fixed_Installment_Bank_PPs":"0","Total_Installment_of_Bank_Open_Account_PPs":"0","Number_of_Bank_Fixed_Installment_PPs_Ever":"0","Worst_current_status_on_active_non_delinquent_non_revolving_accounts":"","Number_of_Habitually_Slow_Bank_PPs":"0","Outstanding_Balance_on_delinquent_revolving_CPA_accounts":"0","Percent_0_Arrears_of_Last_24_Bank_Available_Histories":"0","Worst_status_in_the_last_6_months_on_Bank_accounts_opened_4to12_months_ago":"","Worst_status_in_the_last_3_months_on_Bank_accounts_opened_for_at_least_12_months":"","Number_of_Closed_Bank_PPs":"0","Capital_Amount_of_Bank_PPs_Opened_in_the_Last_180_Days":"0","Monthly_CPA_Installment_Bank":"0","Outstanding_CPA_Balance_Bank":"0","Capital_Amount_of_Bank_PPs_Opened_in_the_Last_90_Days":"0","Worst_Arrears_on_Closed_Bank_PPs":"","Number_of_Bank_PPs_in_the_Last_90_Days":"0","Worst_status_in_the_last_6_months_on_Bank_accounts_opened_for_at_least_12_months":"","Worst_current_status_on_active_non_delinquent_revolving_accounts":"","Number_of_Absconded_Bank_PPs":"0","Worst_Arrears_on_Bank_PPs_in_the_Last_90_Days":"","Total_Installment_of_Revolving_Bank_PPs":"0","Number_of_Times_3_Arrears_of_Last_12_Bank_Available_Histories":"0","Total_Installment_of_Fixed_Installment_Bank_PPs":"0","Number_of_Times_0_Arrears_of_Last_6_Bank_Available_Histories":"0","Number_of_Open_Revolving_Bank_PPs":"0","Number_of_Bank_PPs_in_the_Last_4_Years":"0","Worst_Arrears_on_Bank_PPs_in_the_Last_180_Days":"","Number_of_Times_3_Arrears_of_Last_24_Bank_Available_Histories":"0","Number_of_Bank_PPs_in_the_Last_2_Years":"0","Percent_2_Arrears_of_Last_24_Bank_Available_Histories":"0","Outstanding_Balance_on_non_delinquent_revolving_CPA_opened_L6m":"0","Number_of_Times_3_Arrears_of_Last_6_Bank_Available_Histories":"0","Percent_2_Arrears_of_Last_12_Bank_Available_Histories":"0","Number_of_Bank_PPs_Ever":"0","Number_of_Times_0_Arrears_of_Last_3_Bank_Available_Histories":"0","Number_of_Bank_accounts_opened_4to12_months_ago":"0","Number_of_Times_1_Arrears_of_Last_12_Bank_Available_Histories":"0","Number_of_Times_2_Arrears_of_Last_6_Bank_Available_Histories":"0","Total_Balance_of_Bank_Open_Account_PPs":"0","Number_of_Closed_Revolving_Bank_PPs":"0","Days_since_most_recent_Bank_Delinquent_CPA__account_":"","Percent_0_Arrears_of_Last_3_Bank_Available_Histories":"0","Number_of_Times_1_Arrears_of_Last_6_Bank_Available_Histories":"0","Percent_3_Arrears_of_Last_6_Bank_Available_Histories":"0","Worst_Arrears_on_Any_Bank_PPs":"","Capital_Amount_of_Bank_PPs_Opened_in_the_Last_2_Years":"0","Number_of_Bank_PPs_in_the_Last_5_Years":"0","Worst_status_in_the_last_3_months_for_active_non_delinquent_CPA_accounts_opened_in_the_last_12_months":"","Number_of_Times_0_Arrears_of_Last_12_Bank_Available_Histories":"0","Number_of_Disputed_Bank_PPs":"0"},"AllValue":{"Worst_status_in_the_last_4to6_months_for_all_active_non_delinquent_CPA_accounts_":"0","Percent_1_Arrears_of_Last_6_All_Available_Histories":"25","Total_number_of__active_non_delinquent_CPA_accounts_opened_L6m":"0","Number_of_Closed_All_PPs":"4","Number_of_Times_3_Arrears_of_Last_3_All_Available_Histories":"1","Number_of_all_accounts_opened_for_at_least_12_months":"4","Number_of_Times_1_Arrears_of_Last_12_All_Available_Histories":"10","Total_outstanding_CPA_balance_on_CPA_home_loan_accounts":"0","Total_outstanding_CPA_balance_on_active_CPA_accounts_excluding_home_loans":"4660","Worst_Arrears_on_All_PPs_in_the_Last_Year":"9","Capital_Amount_of_All_PPs_Opened_in_the_Last_90_Days":"0","Number_of_Open_Fixed_Installment_All_PPs":"0","Number_of_Times_1_Arrears_of_Last_3_All_Available_Histories":"1","Number_of_All_PPs_in_the_Last_180_Days":"0","Worst_Arrears_on_All_PPs_in_the_Last_90_Days":"","Number_of_Closed_Revolving_All_PPs":"0","Total_outstanding_balance_on_All_active_accounts":"4660","Total_Balance_of_All_Open_Account_PPs":"0","Total_number_of_all_Active_accounts_":"3","Worst_status_in_the_last_3_months_on_All_accounts_opened_4to12_months_ago":"","Percent_3_Arrears_of_Last_12_All_Available_Histories":"40","Number_of_Times_2_Arrears_of_Last_12_All_Available_Histories":"10","Number_of_All_Revolving_PPs_Ever":"1","Number_of_All_Fixed_Installment_PPs_Ever":"0","Total_Balance_of_Revolving_All_PPs":"4548","Number_of_Currently_Open_All_PPs":"3","Number_of_Times_1_Arrears_of_Last_24_All_Available_Histories":"22","Number_of_Habitually_Slow_All_PPs":"0","Total_Installment_of_Revolving_All_PPs":"435","Percent_0_Arrears_of_Last_6_All_Available_Histories":"75","Total_Installment_of_All_Open_Account_PPs":"0","Capital_Amount_of_All_PPs_Opened_in_the_Last_30_Days":"0","Worst_status_last_3_months_for_active__non_delinquent_CPA_accounts_opened_for_more_than_12months_":"","Percent_3_Arrears_of_Last_24_All_Available_Histories":"59","Number_of_Times_1_Arrears_of_Last_6_All_Available_Histories":"4","Total_Credit_Limit_of_All_Open_Account_PPs":"0","Percent_1_Arrears_of_Last_3_All_Available_Histories":"8","Current_Balance_of_All_PPs":"4660","Number_of_all_accounts_opened_4to12_months_ago":"3","Monthly_Installment_Value_of_Currently_Open_All_PPs":"547","Percent_2_Arrears_of_Last_24_All_Available_Histories":"59","Number_of_Absconded_All_PPs":"0","Number_of_All_PPs_in_the_Last_5_Years":"6","Number_of_Times_2_Arrears_of_Last_6_All_Available_Histories":"4","Number_of_All_PPs_in_the_Last_4_Years":"6","Months_Since_Most_Recent_Opened_PP":"7","Total_number_of_all_Delinquent_Accounts":"0","Number_of_Times_0_Arrears_of_Last_12_All_Available_Histories":"15","Total_outstanding_CPA_balance_on_accounts_opened_for_at_least_12_months_excluding_home_loans":"4548","Percent_2_Arrears_of_Last_12_All_Available_Histories":"40","Total_outstanding_CPA_balance_excluding_home_loans":"4660","Worst_current_status_on_active_non_delinquent_non_revolving_accounts":"0","Number_of_Written_Off_All_PPs":"0","Outstanding_Balance_on_delinquent_revolving_CPA_accounts":"0","Total_Monthly_CPA_Installment_All":"0","Number_of_Times_3_Arrears_of_Last_6_All_Available_Histories":"4","Number_of_All_PPs_Ever":"7","Worst_Current_Status_on_active_All_CPA_accounts":"0","Total_Balance_of_Fixed_Installment_All_PPs":"0","Worst_Arrears_on_Closed_All_PPs":"0","Number_of_Times_0_Arrears_of_Last_6_All_Available_Histories":"12","Number_of_Times_3_Arrears_of_Last_12_All_Available_Histories":"10","Cumulative_Installment_Value":"547","Number_of_Open_Revolving_All_PPs":"1","Worst_current_status_on_active_non_delinquent_revolving_accounts":"0","Percent_1_Arrears_of_Last_24_All_Available_Histories":"59","Worst_Arrears_on_Open_All_PPs":"9","Capital_Amount_of_All_PPs_Opened_in_the_Last_2_Years":"0","Capital_Amount_of_All_PPs_Opened_in_the_Last_180_Days":"0","Worst_status_in_the_last_6_months_on_non_delinquent_home_loan_accounts":"","Number_of_All_PPs_in_the_Last_Year":"3","Worst_status_in_the_last_6_months_on_All_accounts_opened_4to12_months_ago":"0","Number_of_Closed_Fixed_Installment_All_PPs":"0","Number_of_Times_3_Arrears_of_Last_24_All_Available_Histories":"22","Worst_Arrears_on_All_PPs_in_the_Last_180_Days":"0","Percent_2_Arrears_of_Last_6_All_Available_Histories":"25","Number_of_All_PPs_in_the_Last_90_Days":"0","Percent_0_Arrears_of_Last_3_All_Available_Histories":"91","Cumulative_Outstanding_Balance":"4660","Total_Credit_Limit_of_Fixed_Installment_All_PPS":"0","Number_of_Disputed_All_PPs":"0","Total_Credit_Limit_of_Revolving_All_PPs":"9800","Percent_0_Arrears_of_Last_24_All_Available_Histories":"40","Percent_3_Arrears_of_Last_6_All_Available_Histories":"25","Worst_Arrears_Level_of_the_Account_Opened_Most_Recently":"0","Outstanding_Balance_on_non_delinquent_revolving_CPA_opened_L6m":"0","Percent_2_Arrears_of_Last_3_All_Available_Histories":"8","Percent_1_Arrears_of_Last_12_All_Available_Histories":"40","Number_of_Times_0_Arrears_of_Last_24_All_Available_Histories":"15","Total_value_of_All_Delinquent_accounts":"0","Worst_Arrears_on_Any_All_PPs_ever":"9","Days_since_most_recent_All_Delinquent_CPA__account_":"","Months_Since_Oldest_Opened_PPs_ever_all":"76","Number_of_Times_2_Arrears_of_Last_3_All_Available_Histories":"1","Months_since_most_recent_non_Delinquent_CPA__Home_loan_account_opened":"","Number_of_All_PPs_in_the_Last_3_Years":"5","Number_of_All_PPs_in_the_Last_30_Days":"0","Total_outstanding_CPA_balance_on_CPA_nondelinquent_home_loan_accounts_opened_in_the_last_12_months":"0","Number_of_Times_2_Arrears_of_Last_24_All_Available_Histories":"22","Worst_status_in_the_last_6_months_on_All_accounts_opened_for_at_least_12_months":"","Total_Outstanding_CPA_Balance_All":"0","Number_of_All_PPs_in_the_Last_2_Years":"5","Total_outstanding_CPA_balance_on_accounts_opened_4to12_months_ago_excluding_home_loans":"112","Percent_0_Arrears_of_Last_12_All_Available_Histories":"60","Worst_status_in_the_last_3_months_for_active_non_delinquent_CPA_accounts_opened_in_the_last_12_months":"","Number_of_Times_0_Arrears_of_Last_3_Available_Histories":"11","Total_Installment_of_Fixed_Installment_All_PPs":"0","Worst_status_in_the_last_3_months_on_All_accounts_opened_for_at_least_12_months":"","Capital_Amount_of_All_PPs_Opened_in_the_Last_Year":"0","Percent_3_Arrears_of_Last_3_All_Available_Histories":"8"}},"NLR":{"Own":{"Number_of_NLR_accounts_opened_4to12_months_ago":"0","Percent_2_Arrears_of_Last_24_Own_Available_Histories":"0","Monthly_NLR_Installment_Own":"0","Total_value_of_NLR_Delinquent_accounts":"0","Number_of_Own_PPs_in_the_Last_3_Years":"0","Number_of_Times_2_Arrears_of_Last_12_Own_Available_Histories":"0","Percent_3_Arrears_of_Last_12_Own_Available_Histories":"0","Total_Balance_of_Revolving_Own_PPs":"0","Percent_1_Arrears_of_Last_12_Own_Available_Histories":"0","Number_of_Times_1_Arrears_of_Last_24_Own_Available_Histories":"0","Number_of_Own_PPs_in_the_Last_4_Years":"0","Worst_status_in_the_last_3_months_on_NLR_accounts_opened_for_at_least_12_months":"","Capital_Amount_of_Own_PPs_Opened_in_the_Last_180_Days":"0","Number_of_Own_Revolving_PPs_Ever":"0","Capital_Amount_of_Own_PPs_Opened_in_the_Last_2_Years":"0","Percent_2_Arrears_of_Last_12_Own_Available_Histories":"0","Days_since_most_recent_NLR_Delinquent___account_":"","Worst_status_in_the_last_3_months_for_active_non_delinquent__accounts_opened_in_the_last_12_months":"","Percent_1_Arrears_of_Last_24_Own_Available_Histories":"0","Number_of_Own_Fixed_Installment_PPs_Ever":"0","Number_of_Closed_Fixed_Installment_Own_PPs":"0","Number_of_Times_0_Arrears_of_Last_6_Own_Available_Histories":"0","Percent_0_Arrears_of_Last_6_Own_Available_Histories":"0","Total_Balance_of_Fixed_Installment_Own_PPs":"0","Percent_2_Arrears_of_Last_3_Own_Available_Histories":"0","Number_of_Currently_Open_Own_PPs":"0","Capital_Amount_of_Own_PPs_Opened_in_the_Last_90_Days":"0","Total_Credit_Limit_of_Fixed_Installment_Own_PPS":"0","Total_Outstanding_One_Month_Balance_":"0","Number_of_Own_PPs_in_the_Last_180_Days":"0","Worst_status_in_the_last_4to6_months_for_NLR_active_non_delinquent__accounts_":"","Monthly_Installment_Value_of_Currently_Open_Own_PPs":"0","Number_of_Times_2_Arrears_of_Last_3_Own_Available_Histories":"0","Worst_status_in_the_last_3_months_on_NLR_accounts_opened_4to12_months_ago":"","Number_of_Times_0_Arrears_of_Last_12_Own_Available_Histories":"0","Worst_Arrears_on_Closed_Own_PPs":"","Number_of_Times_0_Arrears_of_Last_24_Own_Available_Histories":"0","Number_of_Habitually_Slow_Own_PPs":"0","Number_of_Times_2_Arrears_of_Last_24_Own_Available_Histories":"0","Total_number_of_NLR_Delinquent_Accounts_":"0","Worst_Arrears_on_Own_PPs_in_the_Last_90_days":"","Number_of_Open_Fixed_Installment_Own_PPs":"0","Worst_status_last_3_months_for_active__non_delinquent__accounts_opened_for_more_than_12months_":"","Months_Since_Most_Recent_Opened_PP":"","Worst_Current_Status_on_active_NLR__accounts":"","Worst_Arrears_on_Own_PPs_in_the_Last_180_days":"","Capital_Amount_of_Own_PPs_Opened_in_the_Last_30_Days":"0","Total_outstanding_balance_on_NLR_active_accounts":"0","Total_Installment_of_Fixed_Installment_Own_PPs":"0","Worst_current_status_on_active_non_delinquent_non_revolving_accounts":"","Number_of_Absconded_Own_PPs":"0","Number_of_Own_PPs_in_the_Last_30_Days":"0","Worst_Arrears_on_Own_PPs_in_the_Last_Year":"","Worst_Arrears_on_Open_Own_PPs":"","Number_of_Own_PPs_in_the_Last_90_Days":"0","Outstanding_Balance_on_delinquent_revolving_NLR_accounts":"0","Number_of_Times_3_Arrears_of_Last_24_Own_Available_Histories":"0","Cumulative_Installment_Value":"0","Worst_current_status_on_active_non_delinquent_revolving_accounts":"","Percent_0_Arrears_of_Last_12_Own_Available_Histories":"0","Total_Credit_Limit_of_Revolving_Own_PPs":"0","Number_of_Times_1_Arrears_of_Last_12_Own_Available_Histories":"0","Number_of_Disputed_Own_PPs":"0","Percent_3_Arrears_of_Last_3_Own_Available_Histories":"0","Number_of_Times_3_Arrears_of_Last_3_Own_Available_Histories":"0","Number_of_Own_PPs_in_the_Last_2_Years":"0","Number_of_Times_3_Arrears_of_Last_6_Own_Available_Histories":"0","Number_of_own_PPs_Ever":"0","Cumulative_Outstanding_Balance":"0","Outstanding_NLR_Balance_Own":"0","Worst_status_in_the_last_6_months_on_NLR_accounts_opened_for_at_least_12_months":"","Percent_1_Arrears_of_Last_3_Own_Available_Histories":"0","Percent_3_Arrears_of_Last_6_Own_Available_Histories":"0","Worst_Arrears_Level_of_the_Account_Opened_Most_Recently":"","Number_of_Own_PPs_in_the_Last_Year":"0","Number_of_Times_3_Arrears_of_Last_12_Own_Available_Histories":"0","Worst_status_in_the_last_6_months_on_NLR_accounts_opened_4to12_months_ago":"","Capital_Amount_of_Own_PPs_Opened_in_the_Last_Year":"0","Number_of_Times_2_Arrears_of_Last_6_Own_Available_Histories":"0","Total_number_of_NLR_Active_accounts":"0","Number_of_Times_1_Arrears_of_Last_6_Own_Available_Histories":"0","Percent_0_Arrears_of_Last_24_Own_Available_Histories":"0","Number_of_Closed_Revolving_Own_PPs":"0","Total_Monthly_One_Month_Installment_":"0","Percent_2_Arrears_of_Last_6_Own_Available_Histories":"0","Number_of_NLR_accounts_opened_for_at_least_12_months":"0","Number_of_Closed_Own_PPs":"0","Number_of_Own_PPs_in_the_Last_5_Years":"0","Percent_1_Arrears_of_Last_6_Own_Available_Histories":"0","Worst_Arrears_on_Own_PPs_ever":"","Percent_0_Arrears_of_Last_3_Own_Available_Histories":"0","Number_of_Written_Off_Own_PPs":"0","Months_Since_Oldest_Opened_PPs_ever_own":"","Current_Balance_of_Own_PPs":"0","Number_of_Times_0_Arrears_of_Last_3_Available_Histories":"0","Outstanding_Balance_on_non_delinquent_revolving_NLR_opened_L6m":"0","Number_of_Times_1_Arrears_of_Last_3_Own_Available_Histories":"0","Total_Installment_of_Revolving_Own_PPs":"0","Total_number_of__active_non_delinquent_NLR_accounts_opened_L6m":"0","Number_of_Open_Revolving_Own_PPs":"0","Percent_3_Arrears_of_Last_24_Own_Available_Histories":"0"},"Other":{"Number_of_NLR_accounts_opened_4to12_months_ago":"0","Number_of_Currently_Open_Other_PPs":"0","Percent_1_Arrears_of_Last_12_Other_Available_Histories":"0","Percent_3_Arrears_of_Last_3_Other_Available_Histories":"0","Number_of_Other_PPs_in_the_Last_4_Years":"0","Total_value_of_NLR_Delinquent_accounts":"0","Worst_Arrears_on_Other_PPs_in_the_Last_90_days":"","Number_of_Times_0_Arrears_of_Last_6_Other_Available_Histories":"0","Capital_Amount_of_Other_PPs_Opened_in_the_Last_180_Days":"0","Percent_1_Arrears_of_Last_24_Other_Available_Histories":"0","Total_Balance_of_Revolving_Other_PPs":"0","Number_of_Other_PPs_in_the_Last_30_Days":"0","Worst_status_in_the_last_3_months_on_NLR_accounts_opened_for_at_least_12_months":"","Number_of_Times_1_Arrears_of_Last_24_Other_Available_Histories":"0","Days_since_most_recent_NLR_Delinquent___account_":"","Total_Credit_Limit_of_Fixed_Installment_Other_PPS":"0","Worst_status_in_the_last_3_months_for_active_non_delinquent__accounts_opened_in_the_last_12_months":"","Number_of_Other_PPs_in_the_Last_5_Years":"0","Total_Installment_of_Fixed_Installment_Other_PPs":"0","Number_of_Closed_Revolving_Other_PPs":"0","Worst_status_last_3_months_for_active__non_delinquent_accounts_opened_for_more_than_12months_":"","Capital_Amount_of_Other_PPs_Opened_in_the_Last_2_Years":"0","Capital_Amount_of_Other_PPs_Opened_in_the_Last_90_Days":"0","Number_of_Other_PPs_in_the_Last_Year":"0","Number_of_Times_0_Arrears_of_Last_12_Other_Available_Histories":"0","Number_of_Other_PPs_in_the_Last_3_Years":"0","Percent_1_Arrears_of_Last_6_Other_Available_Histories":"0","Capital_Amount_of_Other_PPs_Opened_in_the_Last_Year":"0","Monthly_Installment_Value_of_Currently_Open_Other_PPs":"0","Total_Outstanding_One_Month_Balance_":"0","Percent_0_Arrears_of_Last_12_Other_Available_Histories":"0","Total_number_of_NLR_Delinquent_Accounts":"0","Number_of_Times_3_Arrears_of_Last_12_Other_Available_Histories":"0","Number_of_Times_2_Arrears_of_Last_3_Other_Available_Histories":"0","Worst_status_in_the_last_4to6_months_for_NLR_active_non_delinquent__accounts_":"","Percent_1_Arrears_of_Last_3_Other_Available_Histories":"0","Worst_status_in_the_last_3_months_on_NLR_accounts_opened_4to12_months_ago":"","Number_of_Times_1_Arrears_of_Last_12_Other_Available_Histories":"0","Number_of_Disputed_Other_PPs":"0","Number_of_Other_PPs_in_the_Last_180_Days":"0","Number_of_Times_1_Arrears_of_Last_3_Other_Available_Histories":"0","Percent_3_Arrears_of_Last_12_Other_Available_Histories":"0","Months_Since_Most_Recent_Opened_PP":"","Number_of_Times_2_Arrears_of_Last_24_Other_Available_Histories":"0","Worst_Current_Status_on_active_NLR__accounts":"","Percent_3_Arrears_of_Last_24_Other_Available_Histories":"0","Percent_2_Arrears_of_Last_6_Other_Available_Histories":"0","Number_of_Times_0_Arrears_of_Last_24_Other_Available_Histories":"0","Total_outstanding_balance_on_NLR_active_accounts":"0","Worst_current_status_on_active_non_delinquent_non_revolving_accounts":"","Worst_Arrears_on_Other_PPs_ever":"","Number_of_Other_Fixed_Installment_PPs_Ever":"0","Outstanding_Balance_on_delinquent_revolving_NLR_accounts":"0","Percent_0_Arrears_of_Last_3_Other_Available_Histories":"0","Number_of_Habitually_Slow_Other_PPs":"0","Percent_2_Arrears_of_Last_24_Other_Available_Histories":"0","Number_of_Times_3_Arrears_of_Last_24_Other_Available_Histories":"0","Number_of_Other_PPs_Ever":"0","Number_of_Open_Revolving_Other_PPs":"0","Cumulative_Installment_Value":"0","Number_of_Other_PPs_in_the_Last_90_Days":"0","Worst_current_status_on_active_non_delinquent_revolving_accounts":"","Current_Balance_of_Other_PPs":"0","Number_of_Times_2_Arrears_of_Last_12_Other_Available_Histories":"0","Number_of_Closed_Fixed_Installment_Other_PPs":"0","Cumulative_Outstanding_Balance":"0","Worst_status_in_the_last_6_months_on_NLR_accounts_opened_for_at_least_12_months":"","Number_of_Times_3_Arrears_of_Last_3_Other_Available_Histories":"0","Percent_0_Arrears_of_Last_24_Other_Available_Histories":"0","Worst_Arrears_on_Other_PPs_in_the_Last_Year":"","Total_Balance_of_Fixed_Installment_Other_PPs":"0","Number_of_Other_PPs_in_the_Last_2_Years":"0","Percent_2_Arrears_of_Last_3_Other_Available_Histories":"0","Worst_Arrears_Level_of_the_Account_Opened_Most_Recently":"","Total_Installment_of_Revolving_Other_PPs":"0","Number_of_Open_Fixed_Installment_Other_PPs":"0","Worst_status_in_the_last_6_months_on_NLR_accounts_opened_4to12_months_ago":"","Worst_Arrears_on_Open_Other_PPs":"","Months_Since_Oldest_Opened_PPs_ever_Other":"","Number_of_Times_2_Arrears_of_Last_6_Other_Available_Histories":"0","Number_of_Closed_Other_PPs":"0","Number_of_Absconded_Other_PPs":"0","Number_of_Written_Off_Other_PPs":"0","Total_Monthly_One_Month_Installment_":"0","Worst_Arrears_on_Closed_Other_PPs":"","Number_of_NLR_accounts_opened_for_at_least_12_months":"0","Number_of_Times_1_Arrears_of_Last_6_Other_Available_Histories":"0","Percent_3_Arrears_of_Last_6_Other_Available_Histories":"0","Capital_Amount_of_Other_PPs_Opened_in_the_Last_30_Days":"0","Monthly_NLR_Installment_Other":"0","Number_of_Other_Revolving_PPs_Ever":"0","Percent_2_Arrears_of_Last_12_Other_Available_Histories":"0","Total_Credit_Limit_of_Revolving_Other_PPs":"0","Outstanding_NLR_Balance_Other":"0","Percent_0_Arrears_of_Last_6_Other_Available_Histories":"0","Number_of_Times_0_Arrears_of_Last_3_Available_Histories":"0","Outstanding_Balance_on_non_delinquent_revolving_NLR_opened_L6m":"0","Number_of_Times_3_Arrears_of_Last_6_Other_Available_Histories":"0","Total_number_of__active_non_delinquent_NLR_accounts_opened_L6m":"0","Total_number_of_NLR_Active_accounts_":"0","Worst_Arrears_on_Other_PPs_in_the_Last_180_days":""},"AllValue":{"Number_of_NLR_accounts_opened_4to12_months_ago":"0","Percent_1_Arrears_of_Last_6_All_Available_Histories":"0","Number_of_Closed_All_PPs":"0","Number_of_Times_3_Arrears_of_Last_3_All_Available_Histories":"0","Number_of_Times_1_Arrears_of_Last_12_All_Available_Histories":"0","Total_value_of_NLR_Delinquent_accounts":"0","Worst_Arrears_on_All_PPs_in_the_Last_Year":"","Capital_Amount_of_All_PPs_Opened_in_the_Last_90_Days":"0","Number_of_Open_Fixed_Installment_All_PPs":"0","Number_of_Times_1_Arrears_of_Last_3_All_Available_Histories":"0","Worst_status_in_the_last_3_months_on_NLR_accounts_opened_for_at_least_12_months":"","Worst_Arrears_on_All_PPs_in_the_Last_180_days":"","Number_of_Closed_Revolving_All_PPs":"0","Days_since_most_recent_NLR_Delinquent___account_":"","Worst_status_in_the_last_3_months_for_active_non_delinquent__accounts_opened_in_the_last_12_months":"","Worst_status_last_3_months_for_active__non_delinquent_accounts_opened_for_more_than_12months_":"","Percent_3_Arrears_of_Last_12_All_Available_Histories":"0","Number_of_Times_2_Arrears_of_Last_12_All_Available_Histories":"0","Number_of_All_Revolving_PPs_Ever":"0","Number_of_All_Fixed_Installment_PPs_Ever":"0","Total_Balance_of_Revolving_All_PPs":"0","Number_of_Currently_Open_All_PPs":"0","Number_of_Times_1_Arrears_of_Last_24_All_Available_Histories":"0","Number_of_Habitually_Slow_All_PPs":"0","Total_Outstanding_One_Month_Balance_":"0","Total_Installment_of_Revolving_All_PPs":"0","Number_of_All_PPs_in_the_Last_180_days":"0","Percent_0_Arrears_of_Last_6_All_Available_Histories":"0","Total_number_of_NLR_Delinquent_Accounts":"0","Capital_Amount_of_All_PPs_Opened_in_the_Last_30_Days":"0","Worst_status_in_the_last_4to6_months_for_NLR_active_non_delinquent__accounts_":"","Worst_status_in_the_last_3_months_on_NLR_accounts_opened_4to12_months_ago":"","Percent_3_Arrears_of_Last_24_All_Available_Histories":"0","Number_of_Times_1_Arrears_of_Last_6_All_Available_Histories":"0","Percent_1_Arrears_of_Last_3_All_Available_Histories":"0","Current_Balance_of_All_PPs":"0","Monthly_Installment_Value_of_Currently_Open_All_PPs":"0","Percent_2_Arrears_of_Last_24_All_Available_Histories":"0","Number_of_Absconded_All_PPs":"0","Number_of_All_PPs_in_the_Last_5_Years":"0","Number_of_Times_2_Arrears_of_Last_6_All_Available_Histories":"0","Worst_Arrears_on_All_PPs_in_the_Last_90_days":"","Number_of_All_PPs_in_the_Last_4_Years":"0","Months_Since_Most_Recent_Opened_PP":"","Worst_Current_Status_on_active_NLR__accounts":"","Number_of_Times_0_Arrears_of_Last_12_All_Available_Histories":"0","Percent_2_Arrears_of_Last_12_All_Available_Histories":"0","Total_outstanding_balance_on_NLR_active_accounts":"0","Worst_current_status_on_active_non_delinquent_non_revolving_accounts":"","Number_of_Written_Off_All_PPs":"0","Total_Outstanding_NLR_Balance_All":"0","Number_of_Times_3_Arrears_of_Last_6_All_Available_Histories":"0","Number_of_All_PPs_Ever":"0","Total_Balance_of_Fixed_Installment_All_PPs":"0","Outstanding_Balance_on_delinquent_revolving_NLR_accounts":"0","Worst_Arrears_on_Closed_All_PPs":"","Number_of_Times_0_Arrears_of_Last_6_All_Available_Histories":"0","Number_of_Times_3_Arrears_of_Last_12_All_Available_Histories":"0","Cumulative_Installment_Value":"0","Number_of_Open_Revolving_All_PPs":"0","Worst_current_status_on_active_non_delinquent_revolving_accounts":"","Percent_1_Arrears_of_Last_24_All_Available_Histories":"0","Worst_Arrears_on_Open_All_PPs":"","Capital_Amount_of_All_PPs_Opened_in_the_Last_2_Years":"0","Capital_Amount_of_All_PPs_Opened_in_the_Last_180_Days":"0","Months_Since_Oldest_Opened_PPs_ever_All":"","Number_of_All_PPs_in_the_Last_Year":"0","Total_Monthly_NLR_Installment_All":"0","Number_of_Closed_Fixed_Installment_All_PPs":"0","Number_of_Times_3_Arrears_of_Last_24_All_Available_Histories":"0","Percent_2_Arrears_of_Last_6_All_Available_Histories":"0","Number_of_All_PPs_in_the_Last_90_Days":"0","Percent_0_Arrears_of_Last_3_All_Available_Histories":"0","Cumulative_Outstanding_Balance":"0","Total_Credit_Limit_of_Fixed_Installment_All_PPS":"0","Number_of_Disputed_All_PPs":"0","Worst_status_in_the_last_6_months_on_NLR_accounts_opened_for_at_least_12_months":"","Total_Credit_Limit_of_Revolving_All_PPs":"0","Percent_0_Arrears_of_Last_24_All_Available_Histories":"0","Percent_3_Arrears_of_Last_6_All_Available_Histories":"0","Worst_Arrears_Level_of_the_Account_Opened_Most_Recently":"","Worst_Arrears_on_All_PPs_ever":"","Percent_2_Arrears_of_Last_3_All_Available_Histories":"0","Percent_1_Arrears_of_Last_12_All_Available_Histories":"0","Worst_status_in_the_last_6_months_on_NLR_accounts_opened_4to12_months_ago":"","Number_of_Times_0_Arrears_of_Last_24_All_Available_Histories":"0","Number_of_Times_2_Arrears_of_Last_3_All_Available_Histories":"0","Total_Monthly_One_Month_Installment_":"0","Number_of_All_PPs_in_the_Last_3_Years":"0","Number_of_All_PPs_in_the_Last_30_Days":"0","Number_of_NLR_accounts_opened_for_at_least_12_months":"0","Number_of_Times_2_Arrears_of_Last_24_All_Available_Histories":"0","Number_of_All_PPs_in_the_Last_2_Years":"0","Percent_0_Arrears_of_Last_12_All_Available_Histories":"0","Number_of_Times_0_Arrears_of_Last_3_Available_Histories":"0","Total_Installment_of_Fixed_Installment_All_PPs":"0","Outstanding_Balance_on_non_delinquent_revolving_NLR_opened_L6m":"0","Total_number_of__active_non_delinquent_NLR_accounts_opened_L6m":"0","Capital_Amount_of_All_PPs_Opened_in_the_Last_Year":"0","Total_number_of_NLR_Active_accounts_":"0","Percent_3_Arrears_of_Last_3_All_Available_Histories":"0"}}},"NLR_Past_24_Months":{"Positive_loans":"0","Highest_months_in_arrears":""},"Adverses":{"CPA":{"Number_of_Adverses_in_the_Previous_6_Months":"0","Number_of_CPA_adverses_ever":"0","Number_of_Adverses_in_the_Last_30_days":"0","Total_Value_of_all_Adverses":"0","Number_of_Adverses_in_the_Last_2_years":"0","Highest_Adverse_Value":"0","Number_of_Adverses_in_the_Last_3_years":"0","Months_since_most_recent_CPA_adverse":"","Total_value_of_all_CPA_adverses":"0","Number_of_Adverses_in_the_Last_year":"0","Number_of_Adverses_in_the_Last_19_to_36_Months":"0","Number_of_Adverses_in_the_Last_4_years":"0","Number_of_Adverses_in_the_Last_90_days":"0","Months_Since_Most_Recent_Adverse":"","Number_of_Adverses_in_the_Last_5_years":"0","Total_Number_of_Adverses_Ever":"0","Months_Since_Highest_Adverse":"","Number_of_Adverses_in_the_Last_180_days":"0","Value_of_Most_Recent_Adverse":"0"},"NLR":{"Number_of_Adverses_in_the_Previous_6_Months":"0","Total_value_of_all_NLR_adverses":"0","Number_of_NLR_adverses_ever":"0","Number_of_Adverses_in_the_Last_30_days":"0","Total_Value_of_all_Adverses":"0","Number_of_Adverses_in_the_Last_2_years":"0","Highest_Adverse_Value":"0","Number_of_Adverses_in_the_Last_3_years":"0","Number_of_Adverses_in_the_Last_year":"0","Number_of_Adverses_in_the_Last_19_to_36_Months":"0","Number_of_Adverses_in_the_Last_4_years":"0","Number_of_Adverses_in_the_Last_90_days":"0","Months_Since_Most_Recent_Adverse":"","Months_since_most_recent_NLR_adverse":"","Number_of_Adverses_in_the_Last_5_years":"0","Total_Number_of_Adverses_Ever":"0","Months_Since_Highest_Adverse":"","Number_of_Adverses_in_the_Last_180_days":"0","Value_of_Most_Recent_Adverse":"0"}},"NLR_Past_12_Months":{"Positive_loans":"0"},"CPA_CumulativeArrears":"4548","CPA_Past_24_Months":{"Positive_loans":"3","Highest_months_in_arrears":"9"}},"Telephones":{"Telephone":[{"PhonePrefix":"011","PhoneType":{"type":"Work"}},{"PhonePrefix":"011","PhoneType":{"type":"Work"}},{"PhonePrefix":"011","PhoneType":{"type":"Work"}},{"PhonePrefix":"011","PhoneType":{"type":"Work"}},{"PhonePrefix":"072","PhoneType":{"type":"Cell"}},{"PhonePrefix":"073","PhoneType":{"type":"Cell"}},{"PhonePrefix":"083","PhoneType":{"type":"Cell"}},{"PhonePrefix":"078","PhoneType":{"type":"Cell"}},{"PhonePrefix":"078","PhoneType":{"type":"Home"}}]}},"user-uuid":"eccf71a6-40ac-4a4b-841b-67c4752f0696"}